dataset,method,cases,mean_accuracy,mean_balanced_accuracy,mean_macro_f1,mean_mean_precision,mean_loss,mean_collapse_ratio,mean_collapse_over_true_majority,mean_collapse_excess,mean_effective_predicted_classes,mean_pred_nonzero_classes,mean_pred_entropy_norm,mean_prob_entropy_norm,mean_mean_max_probability,mean_pred_true_tv,mean_prob_true_tv
bloodmnist_224,avg,36,0.17135990126343825,0.16043431266939323,0.0686612384880492,0.06912510716154777,2.1357512271022117,0.8903748091850986,4.573531865198532,0.6956948910325117,1.4740320520209764,2.111111111111111,0.13370532415768618,0.9524070806791601,0.22870891389782066,0.7888450420604761,0.2192914719923233
bloodmnist_224,breadcrumbs,36,0.13231998441001655,0.125260501787954,0.03635386648773006,0.03945795781622812,2.6228944947625177,0.9332635031991945,4.793835502168836,0.7385835850466076,1.257809809056727,1.8333333333333333,0.08126576304194556,0.7882824554047236,0.3775776980770324,0.8294195979083439,0.38090117590723727
bloodmnist_224,client_best,36,0.2245525999545292,0.1769281184996692,0.08993117864014849,0.08849790510112443,9.417874331689422,0.8971548280229952,4.608358358358359,0.7024749098704083,1.4355294245516315,1.8333333333333333,0.12417404413204707,0.2389487867178609,0.861839227280847,0.7529718405924194,0.6986395652340693
bloodmnist_224,client_mean,36,0.15845416343808627,0.15174467460364954,0.05576706593828176,0.052873532492162874,9.435791336475537,0.9232033240071825,4.742160017160018,0.7285234058545956,1.2834577251663182,1.6293650793650793,0.08632868857921729,0.20263406321570265,0.8793489724100405,0.821642083056874,0.766143489671226
bloodmnist_224,dare_linear,36,0.18137971353405435,0.15961170960710297,0.07157540347777358,0.08857721867686749,2.182481985975866,0.8810857773880282,4.525817484150818,0.6864058592354413,1.5258990813196598,2.4444444444444446,0.15002823811308835,0.9397802983723528,0.2394433939475137,0.7717610185455844,0.24326893276798267
bloodmnist_224,dare_ties,36,0.15018350709669037,0.14316269045967026,0.04979897646342854,0.051836511799672844,4.243623824213885,0.8814755269739193,4.527819486152819,0.6867956088213324,1.4193263388377164,2.111111111111111,0.12755010511191714,0.5740326230264798,0.5611710198853487,0.7984669849621618,0.5448462742339182
bloodmnist_224,fisher,36,0.17433174185585762,0.15666721540386774,0.06548481787095518,0.0837068754901348,7.973257454354826,0.9105930689531976,4.677385719052386,0.7159131508006107,1.3646657784538527,2.0277777777777777,0.10356207770943096,0.3995139874937024,0.7335425319310468,0.8011221540160447,0.6273396156890688
bloodmnist_224,free_merge,36,0.17895189840527462,0.17118202882492714,0.07846233414852702,0.07590220702769875,2.129047703915664,0.8886696547468251,4.564773106439773,0.6939897365942382,1.4860227092076332,2.138888888888889,0.14188847710693506,0.9569995593317627,0.2188094076313781,0.7880574231056546,0.21658108448655677
bloodmnist_224,from,36,0.16986586118418914,0.15149458740989855,0.05934191943782997,0.0491363268925956,2.475562462783006,0.8971142291077983,4.6081498164831505,0.7024343109552114,1.3608932036016455,1.7222222222222223,0.11399637464859999,0.8109041219939213,0.3923332627927182,0.7976874857903797,0.3506891068184548
bloodmnist_224,iso_c,36,0.191082854266134,0.17303820759531288,0.08595410191909186,0.1030934173287463,2.104501544281237,0.8020153301503784,4.1196613279946614,0.6073354119977915,1.8145288385722405,2.888888888888889,0.22486475050354718,0.9683176372303471,0.20305296864342784,0.7348078859332878,0.2027910653593121
bloodmnist_224,lamp_merge:avg_m2,36,0.17135990126343825,0.16043431266939323,0.0686612384880492,0.06912510716154777,2.1357512271022117,0.8903748091850986,4.573531865198532,0.6956948910325117,1.4740320520209764,2.111111111111111,0.13370532415768618,0.9524070806791601,0.22870891389782066,0.7888450420604761,0.2192914719923233
bloodmnist_224,lamp_merge:binary_support,36,0.7807333788041183,0.7689981122791243,0.7591058719989683,0.76647167491084,1.9994241966052544,0.21195881646042417,1.0887554220887554,0.017278898307837225,7.394424639955636,8.0,0.9619947788238474,0.9637590428071263,0.9132715823833187,0.07265581863652602,0.07374557959418916
bloodmnist_224,lamp_merge:full,36,0.8182142973139758,0.8058267428358278,0.8010930204580035,0.8011944875500955,1.4209043770953986,0.19584916691026016,1.006006006006006,0.0011692487576732075,7.479456893323568,8.0,0.9676319616122263,0.9695848447669861,0.9158233510750593,0.039372827958036954,0.04137695625398817
bloodmnist_224,lamp_merge:global_client_size_weight,36,0.7850287440319594,0.7704602145669878,0.7611650827464195,0.7720826167064473,2.0020081642801593,0.21133359316639058,1.085543877210544,0.01665367501380364,7.361978867654781,8.0,0.9598146986917875,0.96161749253926,0.9144021352999447,0.06843353145603949,0.07025751133574137
bloodmnist_224,lamp_merge:global_feature_mean,36,0.07153528857708921,0.12500602056186072,0.0169882971508226,0.009593168215738782,2.0800158310394945,0.9982461268634902,5.127627627627628,0.8035662087109033,1.0074234083333977,1.0555555555555556,0.0031712797078724156,0.9999972456393085,0.12505490368922342,0.9269219526454253,0.18364528405017966
bloodmnist_224,lamp_merge:m1_only,36,0.8182142973139758,0.8058267428358278,0.8010930204580035,0.8011944875500955,1.4209043770953986,0.19584916691026016,1.006006006006006,0.0011692487576732075,7.479456893323568,8.0,0.9676319616122263,0.9695848447669861,0.9158233510750593,0.039372827958036954,0.04137695625398817
bloodmnist_224,lamp_merge:no_prevalence,36,0.8182142973139758,0.8058267428358278,0.8010930204580035,0.8011944875500955,1.4209043770953986,0.19584916691026016,1.006006006006006,0.0011692487576732075,7.479456893323568,8.0,0.9676319616122263,0.9695848447669861,0.9158233510750593,0.039372827958036954,0.04137695625398817
bloodmnist_224,lamp_merge:prototype_head_agg,36,0.18953197570560915,0.15162767631967106,0.07923493171762074,0.12619058615080717,51.35898943705334,0.7437477670596642,3.8203620286953623,0.5490678489070772,2.0684233092628395,4.583333333333333,0.3058183659385958,0.31985527625292637,0.9363547299766151,0.6600652830556367,0.6521450559536962
bloodmnist_224,lamp_merge:prototype_shuffle,36,0.24405631881516127,0.21194238680019017,0.20342607849824618,0.19760279228271846,24.796665607823964,0.19576796907986618,1.005588922255589,0.0010880509272792372,7.469989632616118,8.0,0.9670218638182304,0.9695848451518682,0.9158233510750593,0.1989103251161129,0.19704591030433957
bloodmnist_224,lamp_merge:smoothed_prevalence,36,0.8182142973139758,0.8058267428358278,0.8010930204580035,0.8011944875500955,1.4209043770953986,0.19584916691026016,1.006006006006006,0.0011692487576732075,7.479456893323568,8.0,0.9676319616122263,0.9695848447669861,0.9158233510750593,0.039372827958036954,0.04137695625398817
bloodmnist_224,lamp_merge:support_only,36,0.11590178310435545,0.1274080089151774,0.058585551150146645,0.10557528516826668,31.03994554276008,0.7141917567962583,3.6685435435435436,0.5195118386436715,2.4388478665262836,6.75,0.37547222079572107,0.406047064032444,0.9355608943129039,0.673194972230342,0.6571705863028935
bloodmnist_224,lamp_merge:uniform_client_weight,36,0.7807333788041183,0.7689981122791243,0.7591058719989683,0.76647167491084,1.9994241966052544,0.21195881646042417,1.0887554220887554,0.017278898307837225,7.394424639955636,8.0,0.9619947788238474,0.9637590428071263,0.9132715823833187,0.07265581863652602,0.07374557959418916
bloodmnist_224,lamp_merge:uniform_prevalence,36,0.8182142973139758,0.8058267428358278,0.8010930204580035,0.8011944875500955,1.4209043770953986,0.19584916691026016,1.006006006006006,0.0011692487576732075,7.479456893323568,8.0,0.9676319616122263,0.9695848447669861,0.9158233510750593,0.039372827958036954,0.04137695625398817
bloodmnist_224,model_stock,36,0.16349995128130176,0.14383889188677645,0.05428572000750164,0.05795525643544347,2.121661777986355,0.8849020754165449,4.54542042042042,0.690222157263958,1.460673317866313,2.2222222222222223,0.13624619802383647,0.9645251625048217,0.20805865629770373,0.779028224365845,0.20666845045562776
bloodmnist_224,regmean,36,0.1893127415635454,0.17347770348976782,0.08431957923468061,0.0855397977218863,4.870698487198385,0.8414206372405729,4.322072072072072,0.646740719087986,1.7571088945725937,2.6666666666666665,0.19733629066333536,0.4527030936053455,0.679034396669671,0.7515671181266037,0.5853604408830119
bloodmnist_224,robustmerge,36,0.16735684822501543,0.15296007970750963,0.05838655583267322,0.05669687157309621,2.2160926642169025,0.9038536490304979,4.642767767767768,0.709173730877911,1.367923600116765,2.2222222222222223,0.11430388267279432,0.9195555127859696,0.2732391679556822,0.8022508038585209,0.260565627698049
bloodmnist_224,ties,36,0.14799928545909252,0.1406552523974491,0.04821746719104183,0.05686139146171647,2.8898729112908788,0.9142469713209262,4.696154487821155,0.7195670531683394,1.290318158988367,2.0277777777777777,0.09808729898501461,0.7276759348013503,0.44453182726582546,0.819221150410861,0.44842956931857025
chaoshengmnist_224,avg,36,0.15638414695018468,0.14036163019741432,0.04745785835240242,0.05889142194679031,2.1895514959773466,0.9014675052410901,5.198618307426598,0.7280622941000299,1.2978198179155112,1.8333333333333333,0.09543233737794128,0.9228792652054523,0.2567445888863931,0.8163621842867126,0.19619181848475595
chaoshengmnist_224,breadcrumbs,36,0.13387241689128482,0.12797489873746565,0.03940443271792282,0.038780516608409345,2.634315336108791,0.9175900968353798,5.291594703511802,0.7441848856943196,1.3254348631117923,2.0277777777777777,0.09523549582529851,0.7920623850698048,0.3755450694756414,0.8209793351302785,0.31932883637943754
chaoshengmnist_224,client_best,36,0.2316062693421184,0.20198624138857937,0.11362566192904543,0.11009085333961349,6.81185729400155,0.7895577518219028,4.5532527345998846,0.6161525406808426,1.8271084735141112,2.638888888888889,0.24665325337808564,0.43286433179630357,0.7402409068645802,0.7145352900069881,0.6114667240181069
chaoshengmnist_224,client_mean,36,0.16005457389105188,0.15276241851637337,0.06104885902326621,0.06092696391357727,7.243781741106119,0.8856144554257762,5.107196315486471,0.712209244284716,1.4487754092729854,2.009259259259259,0.13382915987566485,0.38362516056688567,0.724439972693742,0.7998027163346121,0.6632315969813373
chaoshengmnist_224,dare_linear,36,0.15451232904063092,0.13722229197227567,0.04527898256366513,0.047134828730326594,2.2444215743879936,0.9190875511630229,5.300230282095567,0.7456823400219627,1.2578462053719548,1.8611111111111112,0.08251501289948443,0.9080894153918705,0.27749398288534494,0.8197314565239093,0.224791017857565
chaoshengmnist_224,dare_ties,36,0.1563591893780573,0.14767442715605963,0.05750824579955156,0.07004984524352163,4.3642449643847065,0.8973495058400719,5.174870466321243,0.7239442946990117,1.44720882902156,2.3333333333333335,0.1256082649780499,0.6061127369367306,0.5615284095163222,0.7970200658879905,0.5083639463026212
chaoshengmnist_224,fisher,36,0.18146650693820504,0.15951428451390556,0.0752581888139469,0.09023692787965065,5.790971495838143,0.8602875112309074,4.961139896373057,0.6868823000898472,1.5414093892971126,2.3055555555555554,0.1614076193541306,0.5795058229038244,0.6030772101489967,0.7679195367874613,0.5000431584452308
chaoshengmnist_224,free_merge,36,0.16160027952480782,0.14134604904408796,0.05139696958123477,0.05539308886951608,2.172768721457214,0.9015922931017271,5.199337938975245,0.7281870819606668,1.3328178468786336,1.8888888888888888,0.11130978354018847,0.933550308906212,0.24387028379879205,0.8019866227413397,0.18353773151744995
chaoshengmnist_224,from,36,0.16454527303583907,0.1513705002935428,0.05993525482526543,0.08149863030023932,2.400130684818231,0.9256513926325247,5.3380829015544045,0.7522461814914645,1.275461605331459,2.0277777777777777,0.0955968417549617,0.8519937460530345,0.3327247975316961,0.8143905360886493,0.29003826447033304
chaoshengmnist_224,iso_c,36,0.1697614056104622,0.1496107449078915,0.06962544931284328,0.10553498933727751,2.1181319759338813,0.8440900469202356,4.867731721358664,0.6706848357791754,1.6693088532830533,3.1666666666666665,0.20009141295753785,0.9546869941076465,0.2206162122048767,0.7507487271638215,0.15102018264429035
chaoshengmnist_224,lamp_merge:avg_m2,36,0.15638414695018468,0.14036163019741432,0.04745785835240242,0.05889142194679031,2.1895514959773466,0.9014675052410901,5.198618307426598,0.7280622941000299,1.2978198179155112,1.8333333333333333,0.09543233737794128,0.9228792652054523,0.2567445888863931,0.8163621842867126,0.19619181848475595
chaoshengmnist_224,lamp_merge:binary_support,36,0.4173654786862334,0.40822600688849964,0.38875560500860157,0.4117219718796732,10.165829280351728,0.23392732354996507,1.3490213010938399,0.060522112408904864,7.083459148352273,8.0,0.9399049141707767,0.9436341994512963,0.8408467324298692,0.19793850454227813,0.18852739015975356
chaoshengmnist_224,lamp_merge:full,36,0.45744733952281125,0.4481413615877185,0.4328829979431939,0.4474801117397674,6.635966511654309,0.204177897574124,1.177461139896373,0.030772686433063794,7.4418560742448125,8.0,0.9650248087653479,0.9694385547918353,0.8277159297943496,0.15376360187680943,0.14052491444663548
chaoshengmnist_224,lamp_merge:global_client_size_weight,36,0.4311919736448038,0.42276098605735196,0.40382001298508974,0.4222761559409691,9.464210464650433,0.22671458520515125,1.307426597582038,0.053309374064091045,7.183134049919988,8.0,0.9461819035829467,0.9497585244782049,0.8390995073999201,0.18121693121693122,0.1707609313443579
chaoshengmnist_224,lamp_merge:global_feature_mean,36,0.1087151841868823,0.125,0.024513776337115073,0.013589398023360287,2.080078125,1.0,5.766839378238342,0.8265947888589398,1.0,1.0,0.0,1.0,0.125,0.8912848158131177,0.0876010781671159
chaoshengmnist_224,lamp_merge:m1_only,36,0.45744733952281125,0.4481413615877185,0.4328829979431939,0.4474801117397674,6.635966511654309,0.204177897574124,1.177461139896373,0.030772686433063794,7.4418560742448125,8.0,0.9650248087653479,0.9694385547918353,0.8277159297943496,0.15376360187680943,0.14052491444663548
chaoshengmnist_224,lamp_merge:no_prevalence,36,0.45744733952281125,0.4481413615877185,0.4328829979431939,0.4474801117397674,6.635966511654309,0.204177897574124,1.177461139896373,0.030772686433063794,7.4418560742448125,8.0,0.9650248087653479,0.9694385547918353,0.8277159297943496,0.15376360187680943,0.14052491444663548
chaoshengmnist_224,lamp_merge:prototype_head_agg,36,0.1642208245981831,0.1484241481531265,0.09330701639608643,0.12664222426086183,49.52348729238558,0.6168014375561546,3.55699481865285,0.44339622641509435,2.9980069499564648,5.75,0.4712898624502792,0.48139999979490844,0.9324102151342717,0.5816362184286713,0.5749786460304851
chaoshengmnist_224,lamp_merge:prototype_shuffle,36,0.1415593491065189,0.12814744386680574,0.13239496252773317,0.14954003694569556,22.213338323918553,0.20312967954477387,1.1714162348877375,0.029724468403713684,7.454837213332172,8.0,0.9658496586695897,0.9694385544275521,0.8277159297943496,0.20360387341519415,0.18913469642494263
chaoshengmnist_224,lamp_merge:smoothed_prevalence,36,0.45744733952281125,0.4481413615877185,0.4328829979431939,0.4474801117397674,6.635966511654309,0.204177897574124,1.177461139896373,0.030772686433063794,7.4418560742448125,8.0,0.9650248087653479,0.9694385547918353,0.8277159297943496,0.15376360187680943,0.14052491444663548
chaoshengmnist_224,lamp_merge:support_only,36,0.1069182389937107,0.10799764733044867,0.06767513767445742,0.12020096983028226,39.62419519579623,0.5453728661275831,3.145077720207254,0.3719676549865229,3.598289436592136,7.5,0.5907484638189016,0.6064965261522229,0.9085121699361086,0.5226864330637915,0.5130393618248634
chaoshengmnist_224,lamp_merge:uniform_client_weight,36,0.4173654786862334,0.40822600688849964,0.38875560500860157,0.4117219718796732,10.165829280351728,0.23392732354996507,1.3490213010938399,0.060522112408904864,7.083459148352273,8.0,0.9399049141707767,0.9436341994512963,0.8408467324298692,0.19793850454227813,0.18852739015975356
chaoshengmnist_224,lamp_merge:uniform_prevalence,36,0.45744733952281125,0.4481413615877185,0.4328829979431939,0.4474801117397674,6.635966511654309,0.204177897574124,1.177461139896373,0.030772686433063794,7.4418560742448125,8.0,0.9650248087653479,0.9694385547918353,0.8277159297943496,0.15376360187680943,0.14052491444663548
chaoshengmnist_224,model_stock,36,0.15640910452231208,0.13573444634379958,0.04887002593812716,0.06066610682294565,2.1786584997886407,0.9117749825296995,5.258059873344847,0.7383697713886392,1.3085859376556712,2.0833333333333335,0.10588690186998771,0.9378591556238989,0.23180963455875012,0.8003643805530598,0.17243684961751557
chaoshengmnist_224,regmean,36,0.17090945392832185,0.15870887980411275,0.08028050653531245,0.1179965698688894,3.743082885020053,0.8030847559149445,4.63126079447323,0.6296795447738843,1.9803149560003006,3.388888888888889,0.24201328599475583,0.6479091276383232,0.5301421177747828,0.7273135669362084,0.4594669349089584
chaoshengmnist_224,robustmerge,36,0.16457023060796647,0.15032705035125857,0.060712801977120076,0.06912251571151086,2.345513238608867,0.8973495058400719,5.174870466321243,0.7239442946990117,1.369009493365158,2.2222222222222223,0.12726717914390484,0.8735791675444077,0.3082636471124089,0.7943995208146152,0.2523623595917075
chaoshengmnist_224,ties,36,0.16806429070580015,0.15960551466484774,0.06955324828388507,0.07446754512554658,2.6560266314717222,0.8788809024658081,5.068364997121474,0.7054756913247479,1.5626969606977446,2.2777777777777777,0.14861868075332496,0.7942326902480324,0.3791668421495957,0.7819207347509234,0.3534870470581931
dermamnist_224,avg,36,0.5042394014962593,0.1528204247135802,0.10055409054437822,0.1012790278913849,1.6259733463793655,0.9380714879467996,1.4025602783992046,0.26924355777223613,1.1933782683101828,1.6388888888888888,0.07216631764547697,0.8931097998180413,0.3172931116219867,0.4603352729287892,0.41811103195614824
dermamnist_224,breadcrumbs,36,0.17369077306733166,0.1425239355761325,0.041652714490729645,0.059164621485413287,2.2653775690532716,0.9151426988085343,1.3682782334907615,0.24631476863397067,1.353403144223739,2.4166666666666665,0.12012092927070218,0.8207664580915843,0.37289664294125796,0.795081740094209,0.5399410760091302
dermamnist_224,client_best,36,0.6419922416181767,0.15425868352920782,0.12096967002230781,0.11257270559059879,3.1512647581747872,0.9569548351343863,1.4307937691606596,0.28812690495982274,1.148140523171365,1.5555555555555556,0.056728269523043995,0.19545498907516354,0.8784741704765863,0.33311166528124136,0.3003298720455874
dermamnist_224,client_mean,36,0.25111480557864596,0.15531444119158874,0.06299287102793256,0.07157907361083768,5.71528994629714,0.8804793571626489,1.3164512387107465,0.2116514269880854,1.5289192090848995,2.3798941798941797,0.15528783990928846,0.40611743164013925,0.7241921388039492,0.7038595310665136,0.6204135602497449
dermamnist_224,dare_linear,36,0.39066223330562483,0.14541180968908107,0.08066827915343762,0.09155515230897056,1.7257755819665788,0.936228872263785,1.3998052862706107,0.26740094208922144,1.2216519870646518,1.7777777777777777,0.08241204870237788,0.8801860431367641,0.32435634546446385,0.5732197284566362,0.44406632544894536
dermamnist_224,dare_ties,36,0.37470213355500137,0.14891249168043602,0.07664976388670211,0.0801236677709764,2.8528403461062037,0.9370462732058742,1.4010274256359267,0.26821834303131065,1.1882682805872051,1.6111111111111112,0.07142508805668554,0.4723810754664853,0.6563558551537823,0.5970490440565254,0.4560954018903085
dermamnist_224,fisher,36,0.4514269880853422,0.14908203141284188,0.08928173078862334,0.09381108323043287,3.8524133780023075,0.9629398725408701,1.439742315021957,0.2941119423663065,1.1416167903119059,1.6388888888888888,0.052271542345895324,0.4078686522729647,0.7403635550879745,0.5275006927126628,0.43851508700685765
dermamnist_224,free_merge,36,0.5089221390967027,0.15035960307157056,0.09966908178461768,0.10133184391665058,1.6137179958420667,0.9521889720144084,1.4236680752340707,0.2833610418398449,1.1641219506152598,1.5833333333333333,0.06087313203407861,0.8820599986886761,0.32254557832848435,0.46059850374064837,0.4139771594838567
dermamnist_224,from,36,0.4944721529509559,0.1495263108876095,0.09577246977120768,0.10516477137312902,1.7090990371471562,0.9549044056525353,1.4277280636341039,0.28607647547797177,1.155180314311731,1.6388888888888888,0.055860192023261625,0.6804585591322629,0.517334052022721,0.4838182321972846,0.35112321435405897
dermamnist_224,iso_c,36,0.450277085065115,0.1622006675777161,0.10610419948085727,0.13038957928522288,1.7076055876070457,0.8518426156830147,1.2736349324716216,0.18301468550845115,1.5574050736056964,2.75,0.1815463997097171,0.934273127967968,0.2596264601084095,0.4723330562482682,0.45340742528022393
dermamnist_224,lamp_merge:avg_m2,36,0.6688279301745635,0.14285714285714285,0.1145077277773034,0.0955468471677948,3.8577276364625344,1.0,1.4951528709917972,0.33117206982543645,1.0,1.0,0.0,0.0011731124583320765,0.9998298524522028,0.33117206982543645,0.33093207607561903
dermamnist_224,lamp_merge:binary_support,36,0.4499168744804655,0.4027533540782195,0.2705817412659877,0.2832852061017697,10.470396432060058,0.4000692712662787,0.5981647195293728,-0.2687586589082848,5.274511914385947,7.0,0.8512959529152105,0.8586708207858176,0.8926795424632862,0.33348573011914656,0.33465757019054265
dermamnist_224,lamp_merge:full,36,0.6286367414796342,0.32415746925036976,0.2773063478394743,0.3053641601171681,5.8315242717655185,0.6994596841230257,1.0457991548595575,0.030631753948462213,2.9584604649944715,5.972222222222222,0.4959925656653957,0.507059933733342,0.9602681663895816,0.17371848157384318,0.16845540720375646
dermamnist_224,lamp_merge:global_client_size_weight,36,0.6299528955389304,0.30047791748631036,0.2550276962896609,0.29659630444441065,9.401587744121176,0.7262538099196453,1.0858604689700888,0.05742587974508179,2.7251827770844446,6.055555555555555,0.45864519537256165,0.468014709329367,0.9662140222360764,0.1828484344693821,0.17842424677129343
dermamnist_224,lamp_merge:global_feature_mean,36,0.6688279301745635,0.14285714285714285,0.1145077277773034,0.0955468471677948,3.6505801916716996,1.0,1.4951528709917972,0.33117206982543645,1.0,1.0,0.0,0.0013384640804860312,0.999631779925187,0.33117206982543645,0.330911609073961
dermamnist_224,lamp_merge:m1_only,36,0.46655583264062067,0.44125443879486986,0.29223996885583803,0.2960813932651144,7.667682034647607,0.37540870047104463,0.561293396304582,-0.2934192297035189,5.6119645307225765,7.0,0.88597860830296,0.8930623019174504,0.8795078276530895,0.3244111942366306,0.3267120861529559
dermamnist_224,lamp_merge:no_prevalence,36,0.46655583264062067,0.44125443879486986,0.29223996885583803,0.2960813932651144,7.667682034647607,0.37540870047104463,0.561293396304582,-0.2934192297035189,5.6119645307225765,7.0,0.88597860830296,0.8930623019174504,0.8795078276530895,0.3244111942366306,0.3267120861529559
dermamnist_224,lamp_merge:prototype_head_agg,36,0.5664588528678304,0.15038373673541797,0.12102696207928051,0.13737714623678726,30.217760257187166,0.8716541978387365,1.303256276410639,0.20282626766417297,1.4805419037787733,3.2777777777777777,0.1715581193982065,0.1741059234736098,0.9862849386949294,0.32754225547243004,0.32629375986200304
dermamnist_224,lamp_merge:prototype_shuffle,36,0.3015101136048767,0.13661504793845525,0.11615210507077027,0.12894063988150425,23.89168808573202,0.47495151011360487,0.710125113928246,-0.19387642006095868,4.23460320599755,6.055555555555555,0.6843244981288413,0.6923681694342924,0.9448990371293987,0.38984483236353557,0.38640299286692203
dermamnist_224,lamp_merge:smoothed_prevalence,36,0.628207259628706,0.3242482374438715,0.27706348852768165,0.3036681469563503,5.823702652852732,0.6987392629537268,1.044722015079957,0.02991133277916324,2.9682716095009547,5.972222222222222,0.49779613171774395,0.5087125475919659,0.9601058118592408,0.17356608478802993,0.1682043391625332
dermamnist_224,lamp_merge:support_only,36,0.19526184538653366,0.14782846987273124,0.08161453863276157,0.12174849169833006,34.780156701633096,0.6194513715710723,0.9261744966442954,-0.049376558603491216,2.8617524694034997,6.0,0.5303238518368905,0.5495900608008218,0.918270729426434,0.6144638403990025,0.60150788065063
dermamnist_224,lamp_merge:uniform_client_weight,36,0.6024799113327791,0.30357087871925204,0.2581707832023845,0.29628978307895915,8.327949393175421,0.6849819894707675,1.024152788134891,0.01615405929620398,3.0260759217619344,6.138888888888889,0.5061308312931044,0.5159331490138682,0.9603155739124412,0.19897478525907453,0.19487308664078998
dermamnist_224,lamp_merge:uniform_prevalence,36,0.46655583264062067,0.44125443879486986,0.29223996885583803,0.2960813932651144,7.667682034647607,0.37540870047104463,0.561293396304582,-0.2934192297035189,5.6119645307225765,7.0,0.88597860830296,0.8930623019174504,0.8795078276530895,0.3244111942366306,0.3267120861529559
dermamnist_224,model_stock,36,0.4376697146023829,0.15032338530192346,0.09038650879745756,0.09691238143047923,1.7075803989781406,0.9385702410640067,1.4033059905543128,0.2697423108894431,1.2287161159219058,1.9166666666666667,0.08707584432227523,0.9132617950041269,0.29111417419991686,0.5182460515378221,0.44772456355217494
dermamnist_224,regmean,36,0.4007896924355777,0.15774059516839872,0.09131592549968644,0.09775210850217068,2.7392900057333134,0.8927265170407315,1.3347626149639573,0.22389858686616795,1.4936617822123208,2.5277777777777777,0.14139186290084843,0.5567453641712429,0.606427561738016,0.5409116098642283,0.44390660668463566
dermamnist_224,robustmerge,36,0.24725685785536158,0.1579851403977442,0.0661143922177019,0.08976065340443666,1.8737504975489878,0.854253255749515,1.2772392078879775,0.18542532557495156,1.6481239286941953,2.6666666666666665,0.18027270455435046,0.8972751548954009,0.2959117235123996,0.7084926572457745,0.492027931968193
dermamnist_224,ties,36,0.3833333333333333,0.148968863704203,0.08063546815969705,0.08791552936783899,1.8037513000412178,0.9322665558326406,1.3938810174828071,0.2634386256580771,1.2045350102467518,1.6944444444444444,0.07426084594294821,0.7098511866737204,0.47645810603699085,0.5749653643668606,0.4055326469065975
organcmnist_224,avg,36,0.12858717407768042,0.12295284862891534,0.047462286217312646,0.07112218918601083,2.4647040927898933,0.791108812074002,3.542098092643052,0.5677641187925998,1.8517840613832992,3.111111111111111,0.20759608018021686,0.9444509379965048,0.19617873962263674,0.7988545385697284,0.250347349101712
organcmnist_224,breadcrumbs,36,0.1206825435464676,0.09297635383341496,0.031113897991307368,0.03654169167590895,2.540606731384667,0.8286574975657254,3.7102179836512263,0.6053128042843232,1.6546342498570206,2.9166666666666665,0.17112064073582295,0.9032503920652083,0.24009247470002637,0.8021982851887915,0.2704619584104
organcmnist_224,client_best,36,0.20662596018608678,0.1576369100119599,0.08512130737294638,0.10109127414971543,7.067064788606432,0.7127488369576978,3.191250378443839,0.4894041436762956,2.364149559839262,3.361111111111111,0.2861910309845126,0.3910144927841252,0.8325346926390241,0.7099426593097479,0.6644882742137739
organcmnist_224,client_mean,36,0.12233459812573737,0.1283758363283016,0.05228540399240524,0.06724100018492903,8.042150549395494,0.7670485193428231,3.4343709182128803,0.543703826061421,2.043426537152172,3.1738095238095236,0.23554096246000103,0.35017980058652043,0.8200280908817178,0.7958935784094012,0.7424183938342745
organcmnist_224,dare_linear,36,0.12883736341014823,0.11834127048382123,0.043356546104777814,0.06067349401218374,2.5124927753108826,0.7822642810775722,3.502497729336967,0.55891958779617,1.8535716431893405,3.25,0.20294253561387637,0.9369152100055891,0.2019957076364377,0.7978774477983339,0.26306891140248506
organcmnist_224,dare_ties,36,0.12499323812614951,0.12062776973332132,0.04433865059408171,0.049622665773488464,4.017297391211536,0.7623268960294277,3.4132303966091433,0.5389822027480256,2.032933878590919,3.6944444444444446,0.23495986643392566,0.6479732550470675,0.5217178049224751,0.788018635724332,0.5292025969449392
organcmnist_224,fisher,36,0.14713161311262576,0.1443329532713678,0.07237377572878272,0.09499991008357328,4.7097067682822775,0.7268372011251758,3.2543293975174086,0.5034925078437736,2.3080304050786022,4.25,0.28960884541093374,0.6127708233254042,0.569705067136955,0.7541957427242237,0.5470085791870176
organcmnist_224,free_merge,36,0.1277148923509683,0.11916879698675781,0.044620577488184245,0.0592589302430038,2.529631710331071,0.8149275127123229,3.6487435664547383,0.5915828194309207,1.7604482095630662,2.9722222222222223,0.18321680676492305,0.9304104273636313,0.20433121528200396,0.8059071729957806,0.26240362506460213
organcmnist_224,from,36,0.13667099426593096,0.13050172706695332,0.05290690621375722,0.0717294020763751,2.814180182028059,0.791291382667965,3.54291553133515,0.5679466893865628,1.9102591879802318,3.0555555555555554,0.20965302763485616,0.8578312060592352,0.2886929543493218,0.7973026885210429,0.3362250664922322
organcmnist_224,iso_c,36,0.12189291896570377,0.12420214398708851,0.05357279562347139,0.09677667208120135,2.4196965424874946,0.7238011197663097,3.2407356948228885,0.5004564264849075,2.2727562778344486,5.138888888888889,0.2781932859951605,0.9707822997561265,0.16403191308625445,0.7705696202531646,0.21840420132823266
organcmnist_224,lamp_merge:avg_m2,36,0.22334469328140213,0.09090909090909091,0.03319434520310055,0.020304063025582013,3.9989899616536544,1.0,4.4773841961852865,0.7766553067185978,1.0,1.0,0.0,0.22754469387754683,0.8771771648984367,0.7766553067185978,0.6558750466203385
organcmnist_224,lamp_merge:binary_support,36,0.5785695932056691,0.5635543305291735,0.5467209898753911,0.5753945847137445,9.918553142156563,0.19474534783079087,0.8719497426581896,-0.02859934545061127,9.671245086470417,11.0,0.9454712202240629,0.9474646553383853,0.9129932786973927,0.15940103321432436,0.15819642654613952
organcmnist_224,lamp_merge:full,36,0.6270251812182192,0.5951351150006863,0.5915287588023425,0.632220275852235,6.766317355610856,0.2115418424753868,0.9471541023312141,-0.011802850806015348,9.470216729717212,11.0,0.9357395671978939,0.9395534701493728,0.9092964883053392,0.12502028562155146,0.11738046720206881
organcmnist_224,lamp_merge:global_client_size_weight,36,0.5898281131667208,0.5495012559279191,0.5425560138557542,0.5985257943118115,9.172439876397709,0.22360164448772044,1.0011504692703603,0.000256951206318308,9.059709090373493,11.0,0.9162648656226667,0.919771957587084,0.9204946268459916,0.1543059612679866,0.14797493172042225
organcmnist_224,lamp_merge:global_feature_mean,36,0.22334469328140213,0.09090909090909091,0.03319434520310055,0.020304063025582013,4.194410582144875,1.0,4.4773841961852865,0.7766553067185978,1.0,1.0,0.0,0.16770088422318255,0.9219518634879098,0.7766553067185978,0.6986261364785857
organcmnist_224,lamp_merge:m1_only,36,0.6240296711024559,0.6148045709994788,0.6014259062291797,0.6142091504715005,7.024211062712289,0.17814832846478415,0.79763851044505,-0.04519636481661797,10.11246137617275,11.0,0.9649019446193954,0.9667405870351456,0.8995023894771719,0.1256897111327491,0.12564367569350365
organcmnist_224,lamp_merge:no_prevalence,36,0.6240296711024559,0.6148045709994788,0.6014259062291797,0.6142091504715005,7.024211062712289,0.17814832846478415,0.79763851044505,-0.04519636481661797,10.11246137617275,11.0,0.9649019446193954,0.9667405870351456,0.8995023894771719,0.1256897111327491,0.12564367569350365
organcmnist_224,lamp_merge:prototype_head_agg,36,0.1790645623715244,0.1332849249805892,0.08761804746075762,0.13607906963152716,41.49741298801827,0.5386001568754734,2.41151983045716,0.3152554635940712,3.937085016452602,8.25,0.511780941562575,0.5191748092452828,0.9399787022104565,0.5516742399653792,0.5466438575017579
organcmnist_224,lamp_merge:prototype_shuffle,36,0.1447176241480039,0.1271327242154097,0.1086611277309473,0.10227945941107688,54.24021002540312,0.18336849507735584,0.8210112019376324,-0.0399761982040463,9.347281837561056,10.75,0.930295734427168,0.9390268034393278,0.9161775930095748,0.24840757870821162,0.24137741660745693
organcmnist_224,lamp_merge:smoothed_prevalence,36,0.6270961808936493,0.5953327941250413,0.591749677019708,0.6322923478956638,6.766092513567903,0.2113187006383209,0.9461550105964275,-0.012025992643081244,9.474042411163664,11.0,0.935924921848425,0.9397101062478452,0.9092515852368008,0.12497633344152333,0.1172948766358357
organcmnist_224,lamp_merge:support_only,36,0.07153724440116845,0.09230273828199204,0.04570279806330205,0.0733190149432908,54.36539416966804,0.5817003407984421,2.6044959128065397,0.3583556475170399,3.8678951602237133,10.25,0.5208496397788872,0.5383241338765751,0.9308928568409878,0.6675998052580332,0.6581511926045295
organcmnist_224,lamp_merge:uniform_client_weight,36,0.5824542897327708,0.545031538359932,0.53687805957336,0.5931996793293783,9.690834992958278,0.22946418911608785,1.0273993339388436,0.00611949583468572,9.01739387866525,11.0,0.9142460134447777,0.9181298210810498,0.9214036762617657,0.16090216920913125,0.1545702803439609
organcmnist_224,lamp_merge:uniform_prevalence,36,0.6240296711024559,0.6148045709994788,0.6014259062291797,0.6142091504715005,7.024211062712289,0.17814832846478415,0.79763851044505,-0.04519636481661797,10.11246137617275,11.0,0.9649019446193954,0.9667405870351456,0.8995023894771719,0.1256897111327491,0.12564367569350365
organcmnist_224,model_stock,36,0.12313710375419236,0.1153089682487622,0.039034589601600354,0.060429668202894936,2.427319218066945,0.8107283890511738,3.629942476536482,0.5873836957697717,1.714986790523774,3.0277777777777777,0.18616839816437789,0.9614843615223023,0.17037886277326422,0.8101502488369576,0.22332664546266015
organcmnist_224,regmean,36,0.11803526993400411,0.12144196542722302,0.05415972719905972,0.09221502084104782,4.422569053688697,0.7393297630639403,3.3102633969118984,0.5159850697825381,2.485356894713386,5.0,0.2976399958043721,0.6453384753415496,0.54381132306416,0.7543749323812615,0.523392043780214
organcmnist_224,robustmerge,36,0.15242954127447797,0.1194107090010892,0.049402556337615686,0.07820720183934657,2.4523050468566163,0.8174463107216272,3.6600211928549804,0.594101617440225,1.7291069763197318,3.5,0.18148188074611152,0.9419366299726143,0.20095974762151086,0.7869874499621335,0.23905631535087576
organcmnist_224,ties,36,0.12904021962566267,0.13048336399749158,0.05366615338635621,0.07403597569502539,3.000658520369719,0.7758810721627177,3.473917650620648,0.5525363788813156,1.986926677589668,3.5277777777777777,0.23364192268786152,0.8099177422697649,0.3647360764036805,0.7938439900465217,0.3931582779367397
organsmnist_224,avg,36,0.1413686542552522,0.12075842507881203,0.048311835480799196,0.052381444398772146,2.4631088856293166,0.8124284077892325,3.4510613838092183,0.5770143373236156,1.8678024487127884,2.9722222222222223,0.19627140499906717,0.919312636060979,0.22675254388366503,0.7794613748221996,0.2719240093980833
organsmnist_224,breadcrumbs,36,0.14150397140087861,0.08891137957629498,0.030008042518760568,0.02252225156209288,2.4712785071357177,0.8691451732688846,3.6919848144583467,0.6337311028032677,1.5247103736919152,2.861111111111111,0.13493343878993197,0.9242371478158055,0.21965136855198067,0.7945476631043641,0.25867581186825006
organsmnist_224,client_best,36,0.22125926765102022,0.14933701141537764,0.08075585604004504,0.07980918669113338,7.1892077986895115,0.7249254182243873,3.079363169714469,0.4895113477587704,2.2590775510398093,3.0833333333333335,0.2722729514674928,0.37122538640229896,0.8226085153034252,0.6922038442656999,0.6407355787171936
organsmnist_224,client_mean,36,0.13155982456424284,0.12790519188665184,0.050385191277529405,0.05882554849522907,8.688921968104449,0.7801364620215872,3.3138905439194177,0.5447223915559704,2.0028327258044527,3.161111111111111,0.23113903891458695,0.32278544405175796,0.8546938015475156,0.7827150104027866,0.7367822406969717
organsmnist_224,dare_linear,36,0.13407726294324232,0.11427013713694689,0.04180362520099732,0.045062852594393105,2.4992597011494473,0.8381953098447944,3.560514918190568,0.6027812393791775,1.7330718352490224,3.0277777777777777,0.17060413040752653,0.9129892332650472,0.23388693387082563,0.8014205153380412,0.2857295681381922
organsmnist_224,dare_ties,36,0.10406203189708345,0.11004673141054057,0.04032944222901982,0.04774186305258957,4.428446762307573,0.7630030336215903,3.24111057640894,0.5275889631559735,2.0311637278719683,3.6666666666666665,0.2521616892407624,0.6072250079296252,0.5601585020077288,0.7860006545573556,0.5806056013128001
organsmnist_224,fisher,36,0.13627695328726255,0.1363285461970959,0.060388677706040936,0.08147496654622015,5.107414983642766,0.75788301046033,3.2193615656079566,0.5224689399947132,2.0954374422687496,4.083333333333333,0.24944427357979457,0.5028584149909837,0.6765713703535868,0.7763459335624284,0.6183335871667156
organsmnist_224,free_merge,36,0.1367867527661342,0.11913366885258488,0.04657382693147083,0.04905187305704706,2.489680141354235,0.8258090706544314,3.507900224574912,0.5903950001888146,1.7892427082745215,2.7777777777777777,0.17388704625988227,0.9099343579252249,0.2367227795203794,0.7995984542376294,0.2791993156653016
organsmnist_224,from,36,0.13899903075160808,0.12770641840012228,0.05081415577261694,0.05700216413656038,2.9023351917444753,0.7699828808076231,3.2707598117848358,0.5345688103420062,1.9210570246493635,3.138888888888889,0.22290664289958662,0.8237363665492297,0.3226385215854449,0.7879234167893961,0.36646942888287815
organsmnist_224,iso_c,36,0.14847437785582115,0.1315364086924518,0.06343830481727547,0.09691422963728225,2.3777900629439848,0.7294412345958737,3.098545610095177,0.49402716413025693,2.350177946605257,5.111111111111111,0.2861534138576019,0.9635093381020923,0.1763281117239719,0.7434827486373878,0.24719768930739727
organsmnist_224,lamp_merge:avg_m2,36,0.2371417242551263,0.09195734134281208,0.035719401312232855,0.02229958344284424,4.37932986809063,0.9938226149566356,4.221593947171425,0.7584085444910187,1.0194105921991659,1.0277777777777777,0.006138613967493755,0.20128369139200566,0.8627815304683861,0.7603596289163299,0.6451404947081897
organsmnist_224,lamp_merge:binary_support,36,0.5325296124265196,0.5034296436530046,0.4854367108159246,0.5183185949466255,10.36469960131377,0.2073436300240424,0.8807614158913485,-0.02807044044157446,9.104767061127477,11.0,0.9204965516608163,0.9264366697160558,0.9030418232254572,0.15644864871668995,0.15115737382440816
organsmnist_224,lamp_merge:full,36,0.5741286205203731,0.5118256390218471,0.5162311925636469,0.5811804879833381,7.15096437106501,0.24986153594401017,1.061370441663993,0.014447465478393312,8.310864772750065,11.0,0.8759386626343356,0.8837166422719415,0.9146828347053862,0.13891721108215954,0.13191471027026141
organsmnist_224,lamp_merge:global_client_size_weight,36,0.5361233840615284,0.47062632301555835,0.4632110115202839,0.543805076281248,10.42668948844515,0.258682325692635,1.098839696289167,0.023268255227018114,7.982397502297214,10.972222222222221,0.8580823150374285,0.8649189613866619,0.9256540459826542,0.18449391387535719,0.17885349811013998
organsmnist_224,lamp_merge:global_feature_mean,36,0.23541407046561685,0.09090909090909091,0.03464632570547289,0.021401279133237895,4.377993526525725,1.0,4.247834456207892,0.7645859295343831,1.0,1.0,0.0,0.16238676520494136,0.912862543742054,0.7645859295343831,0.6774461650848487
organsmnist_224,lamp_merge:m1_only,36,0.5744999559432549,0.5465653315684066,0.5398370275940212,0.5527705223261192,7.167909249884499,0.20169807283209346,0.8567800235268955,-0.033715997633523405,9.466222627484093,11.0,0.9373189363614762,0.943244670943819,0.8893505013028209,0.10195360195360195,0.09660300180980151
organsmnist_224,lamp_merge:no_prevalence,36,0.5744999559432549,0.5465653315684066,0.5398370275940212,0.5527705223261192,7.167909249884499,0.20169807283209346,0.8567800235268955,-0.033715997633523405,9.466222627484093,11.0,0.9373189363614762,0.943244670943819,0.8893505013028209,0.10195360195360195,0.09660300180980151
organsmnist_224,lamp_merge:prototype_head_agg,36,0.1902496129300253,0.12617802179024104,0.08477195508058175,0.12836333840077438,45.4024854441336,0.5686057928325969,2.415343278793712,0.3331917223669801,3.422149647038565,7.777777777777778,0.4610505187547973,0.46751917486593864,0.943425632214292,0.5719918683836209,0.5670017287934443
organsmnist_224,lamp_merge:prototype_shuffle,36,0.168548519063983,0.10875086569650068,0.09743029389344378,0.09619260218840736,53.081639022311435,0.22469884067822213,0.9544834777029195,-0.010715229787394732,8.52323131324455,10.5,0.8887391960227174,0.9019749190382198,0.9127748236156742,0.2741493901287716,0.26542765185673106
organsmnist_224,lamp_merge:smoothed_prevalence,36,0.5741726772654607,0.5119746832745365,0.5164160863947297,0.5810157823205063,7.150709238942262,0.24971677806729353,1.0607555341674686,0.014302707601676672,8.314647232874663,11.0,0.8762033234559287,0.8839588816099954,0.9145948195561597,0.13884483214380122,0.131759561120826
organsmnist_224,lamp_merge:support_only,36,0.07836750877987991,0.09802715723891767,0.04159550392613711,0.05499099097235975,53.601402084784475,0.5886484649371247,2.5004812319538017,0.3532343944715079,3.8980961004972703,10.0,0.5181989047479366,0.5353271252117746,0.9301406550923303,0.6653449643140366,0.6564947114819031
organsmnist_224,lamp_merge:uniform_client_weight,36,0.5370234004254623,0.4746544549674425,0.46734157433709617,0.5455701508105688,10.295642919408236,0.2556455571919489,1.085940006416426,0.020231486726332088,8.031647452724188,11.0,0.8605729719289238,0.8673737109999168,0.9257778572372645,0.18364424807723775,0.17802026690896294
organsmnist_224,lamp_merge:uniform_prevalence,36,0.5744999559432549,0.5465653315684066,0.5398370275940212,0.5527705223261192,7.167909249884499,0.20169807283209346,0.8567800235268955,-0.033715997633523405,9.466222627484093,11.0,0.9373189363614762,0.943244670943819,0.8893505013028209,0.10195360195360195,0.09660300180980151
organsmnist_224,model_stock,36,0.1476530342509724,0.12056346229233285,0.04819804684362507,0.05048775485688568,2.3920751901803317,0.7878415971199476,3.34662068227997,0.5524275266543308,1.9089359222063966,3.0555555555555554,0.21206276370058463,0.9488764442748261,0.1931172104134411,0.7725822287677958,0.23359194690930207
organsmnist_224,regmean,36,0.12005148345354531,0.12372864246382102,0.05494722545423519,0.08514525387712375,4.980368551041049,0.711208035950304,3.0210940006416425,0.4757939654846871,2.5278750208778984,5.055555555555555,0.30573251687512926,0.5900282659713436,0.5933643559690596,0.7457579648301298,0.5542006115932564
organsmnist_224,robustmerge,36,0.17238145588661052,0.11931315858708279,0.05384111181966913,0.06510270905930654,2.3818150753896465,0.7887510542149717,3.3504839054646562,0.5533369837493549,1.9972621495909262,3.5555555555555554,0.219486917864801,0.9391407155774573,0.20276421164388303,0.7384791611595736,0.23052584173919333
organsmnist_224,ties,36,0.12241796004682602,0.11962172238274005,0.04363212151777118,0.05854462674598609,3.2839350366352917,0.7527755749405234,3.1976660250240614,0.5173615044749065,1.9791862764889294,3.9166666666666665,0.24021367904725663,0.7745114164196758,0.392433785072316,0.7889650441196833,0.4388310112978567
