dataset,backbone,k,acc,macro_f1,amp_enabled
bloodmnist_224,resnet,1,0.210172464192,0.094462990761,false
bloodmnist_224,resnet,2,0.262204033908,0.166513293982,false
bloodmnist_224,resnet,3,0.342589885998,0.273010015488,false
bloodmnist_224,resnet,4,0.464484068986,0.408816963434,false
bloodmnist_224,resnet,5,0.638117509500,0.566194415092,false
bloodmnist_224,resnet,6,0.779888921368,0.705073475838,false
bloodmnist_224,resnet,7,0.800350774627,0.787266016006,false
bloodmnist_224,convnext,1,0.216895644548,0.087478183210,false
bloodmnist_224,convnext,2,0.274481145864,0.166301459074,false
bloodmnist_224,convnext,3,0.345805320082,0.281992584467,false
bloodmnist_224,convnext,4,0.474130371236,0.427280992270,false
bloodmnist_224,convnext,5,0.652733118971,0.580619096756,false
bloodmnist_224,convnext,6,0.810874013446,0.738842725754,false
bloodmnist_224,convnext,7,0.848289973692,0.832666873932,false
bloodmnist_224,vit_t,1,0.216603332359,0.084057107568,false
bloodmnist_224,vit_t,2,0.269804150833,0.163913026452,false
bloodmnist_224,vit_t,3,0.340836012862,0.251155465841,false
bloodmnist_224,vit_t,4,0.474422683426,0.402767002583,false
bloodmnist_224,vit_t,5,0.652440806782,0.568879365921,false
bloodmnist_224,vit_t,6,0.824904998538,0.737831413746,false
bloodmnist_224,vit_t,7,0.851505407776,0.829071342945,false
bloodmnist_224,swin_tiny,1,0.216311020170,0.082490652800,false
bloodmnist_224,swin_tiny,2,0.267757965507,0.151339679956,false
bloodmnist_224,swin_tiny,3,0.334112832505,0.240857630968,false
bloodmnist_224,swin_tiny,4,0.452206957030,0.373777419329,false
bloodmnist_224,swin_tiny,5,0.615024846536,0.527285218239,false
bloodmnist_224,swin_tiny,6,0.751242326805,0.674366056919,false
bloodmnist_224,swin_tiny,7,0.774042677580,0.757349312305,false
dermamnist_224,resnet,1,0.011471321696,0.003240349237,false
dermamnist_224,resnet,2,0.092768079800,0.040877427906,false
dermamnist_224,resnet,3,0.094264339152,0.059825416654,false
dermamnist_224,resnet,4,0.126184538653,0.111147522926,false
dermamnist_224,resnet,5,0.133665835411,0.150072619319,false
dermamnist_224,resnet,6,0.444887780549,0.264018595219,false
dermamnist_224,resnet,7,0.675810473815,0.149712935090,false
dermamnist_224,convnext,1,0.011471321696,0.003240349237,true
dermamnist_224,convnext,2,0.090773067332,0.042068958282,true
dermamnist_224,convnext,3,0.092768079800,0.058742135763,true
dermamnist_224,convnext,4,0.133167082294,0.111826613545,true
dermamnist_224,convnext,5,0.130174563591,0.133617967367,true
dermamnist_224,convnext,6,0.443391521197,0.255278587341,true
dermamnist_224,convnext,7,0.598004987531,0.338829100132,true
dermamnist_224,vit_t,1,0.011471321696,0.003240349237,true
dermamnist_224,vit_t,2,0.100748129676,0.040889594704,true
dermamnist_224,vit_t,3,0.104239401496,0.063346438110,true
dermamnist_224,vit_t,4,0.144139650873,0.119590714574,true
dermamnist_224,vit_t,5,0.152119700748,0.164058417082,true
dermamnist_224,vit_t,6,0.533665835411,0.307802140713,true
dermamnist_224,vit_t,7,0.595012468828,0.368259698153,true
dermamnist_224,swin_tiny,1,0.011471321696,0.003240349237,true
dermamnist_224,swin_tiny,2,0.093266832918,0.040194276720,true
dermamnist_224,swin_tiny,3,0.094763092269,0.055839259177,true
dermamnist_224,swin_tiny,4,0.116708229426,0.098802916706,true
dermamnist_224,swin_tiny,5,0.125187032419,0.137614801526,true
dermamnist_224,swin_tiny,6,0.476807980050,0.265674114227,true
dermamnist_224,swin_tiny,7,0.633416458853,0.282623857260,true
organcmnist_224,resnet,1,0.300024342746,0.086363129318,true
organcmnist_224,resnet,2,0.403359298929,0.201328188181,true
organcmnist_224,resnet,3,0.470545277507,0.299387097359,true
organcmnist_224,resnet,4,0.564629990263,0.451327234507,true
organcmnist_224,resnet,5,0.585443037975,0.507120728493,true
organcmnist_224,resnet,6,0.608325219085,0.552463114262,true
organcmnist_224,resnet,7,0.600535540409,0.531032621861,true
organcmnist_224,convnext,1,0.298928919182,0.082459308207,true
organcmnist_224,convnext,2,0.408106134372,0.209520593286,true
organcmnist_224,convnext,3,0.492697176241,0.319497525692,true
organcmnist_224,convnext,4,0.592015579357,0.474811911583,true
organcmnist_224,convnext,5,0.618427458617,0.542014420033,true
organcmnist_224,convnext,6,0.640457643622,0.588613092899,true
organcmnist_224,convnext,7,0.656280428432,0.634036779404,true
organcmnist_224,vit_t,1,0.287000973710,0.083493188024,true
organcmnist_224,vit_t,2,0.384858812074,0.200920581818,true
organcmnist_224,vit_t,3,0.444498539435,0.286750584841,true
organcmnist_224,vit_t,4,0.531158714703,0.433372795582,true
organcmnist_224,vit_t,5,0.561465433301,0.503944456577,true
organcmnist_224,vit_t,6,0.571811100292,0.534724354744,true
organcmnist_224,vit_t,7,0.586416747809,0.572639048100,true
organcmnist_224,swin_tiny,1,0.299415774099,0.083924390376,true
organcmnist_224,swin_tiny,2,0.407740993184,0.211318582296,true
organcmnist_224,swin_tiny,3,0.493427458617,0.318100243807,true
organcmnist_224,swin_tiny,4,0.597857838364,0.474602997303,true
organcmnist_224,swin_tiny,5,0.626825705940,0.545683920383,true
organcmnist_224,swin_tiny,6,0.654819863681,0.598530113697,true
organcmnist_224,swin_tiny,7,0.684152872444,0.656998097897,true
organsmnist_224,resnet,1,0.297949473207,0.086363218725,true
organsmnist_224,resnet,2,0.433442845814,0.204779922962,true
organsmnist_224,resnet,3,0.484762660020,0.296408265829,true
organsmnist_224,resnet,4,0.526566217288,0.419316023588,true
organsmnist_224,resnet,5,0.550810014728,0.475188612938,true
organsmnist_224,resnet,6,0.551376458593,0.491265028715,true
organsmnist_224,resnet,7,0.527472527473,0.422974228859,true
organsmnist_224,convnext,1,0.305199954684,0.084571696818,true
organsmnist_224,convnext,2,0.441939503795,0.207638084888,true
organsmnist_224,convnext,3,0.517842981761,0.319957703352,true
organsmnist_224,convnext,4,0.558740228843,0.435972213745,true
organsmnist_224,convnext,5,0.593293304634,0.507951021194,true
organsmnist_224,convnext,6,0.599184320834,0.533563315868,true
organsmnist_224,convnext,7,0.605755069673,0.561336219311,true
organsmnist_224,vit_t,1,0.296476719157,0.086231939495,true
organsmnist_224,vit_t,2,0.417469128809,0.199116125703,true
organsmnist_224,vit_t,3,0.459159397304,0.281396090984,true
organsmnist_224,vit_t,4,0.503002152487,0.405684381723,true
organsmnist_224,vit_t,5,0.533250254900,0.471111297607,true
organsmnist_224,vit_t,6,0.539821003739,0.496649056673,true
organsmnist_224,vit_t,7,0.544579132208,0.522660970688,true
organsmnist_224,swin_tiny,1,0.296929874249,0.085341326892,true
organsmnist_224,swin_tiny,2,0.437974396737,0.205931723118,true
organsmnist_224,swin_tiny,3,0.516256938937,0.317032217979,true
organsmnist_224,swin_tiny,4,0.571201993882,0.451705276966,true
organsmnist_224,swin_tiny,5,0.603376005438,0.521594464779,true
organsmnist_224,swin_tiny,6,0.610966353234,0.549559056759,true
organsmnist_224,swin_tiny,7,0.627733091651,0.584356784821,true
chaoshengmnist_224,resnet,1,0.256064690027,0.123131796718,true
chaoshengmnist_224,resnet,2,0.310871518419,0.184789717197,true
chaoshengmnist_224,resnet,3,0.349505840072,0.240584924817,true
chaoshengmnist_224,resnet,4,0.389937106918,0.300768077374,true
chaoshengmnist_224,resnet,5,0.431266846361,0.357088327408,true
chaoshengmnist_224,resnet,6,0.469002695418,0.423500806093,true
chaoshengmnist_224,resnet,7,0.475292003594,0.453614294529,true
chaoshengmnist_224,convnext,1,0.246181491465,0.112815663218,true
chaoshengmnist_224,convnext,2,0.294699011680,0.169101566076,true
chaoshengmnist_224,convnext,3,0.324348607367,0.223011493683,true
chaoshengmnist_224,convnext,4,0.366576819407,0.285475462675,true
chaoshengmnist_224,convnext,5,0.415094339623,0.343752086163,true
chaoshengmnist_224,convnext,6,0.417789757412,0.377715826035,true
chaoshengmnist_224,convnext,7,0.430368373765,0.409955501556,true
chaoshengmnist_224,vit_t,1,0.255166217430,0.124981112778,true
chaoshengmnist_224,vit_t,2,0.309973045822,0.184794187546,true
chaoshengmnist_224,vit_t,3,0.345013477089,0.237250640988,true
chaoshengmnist_224,vit_t,4,0.375561545373,0.287925839424,true
chaoshengmnist_224,vit_t,5,0.425876010782,0.346341311932,true
chaoshengmnist_224,vit_t,6,0.445642407907,0.390970677137,true
chaoshengmnist_224,vit_t,7,0.462713387242,0.425154000521,true
chaoshengmnist_224,swin_tiny,1,0.247079964061,0.105646565557,true
chaoshengmnist_224,swin_tiny,2,0.300089847260,0.166573882103,true
chaoshengmnist_224,swin_tiny,3,0.329739442947,0.219550341368,true
chaoshengmnist_224,swin_tiny,4,0.371967654987,0.283907234669,true
chaoshengmnist_224,swin_tiny,5,0.421383647799,0.346414625645,true
chaoshengmnist_224,swin_tiny,6,0.459119496855,0.415826082230,true
chaoshengmnist_224,swin_tiny,7,0.483378256963,0.464956760406,true
