status,task_type,dataset,model,clip_model,num_clients,beta,seed,method,merge_weight_mode,eval_json,merged_deleted,seconds,test_acc,test_loss,updated_at,error
SKIP,small,bloodmnist_224,convnext,,3,0.0,42,my_merge,equal,/data/liyapeng_grp/program/MedMNISTMerge/outputs/my_merge_ablation_three_module_full_20260515_170100/full/eval/small/bloodmnist_224/convnext/clients_3/beta_0/seed_42/my_merge/eval.json,,0.0,0.19467991815258695,2.494236261445296,2026-05-15T17:32:39,
SKIP,small,bloodmnist_224,convnext,,3,0.01,42,my_merge,equal,/data/liyapeng_grp/program/MedMNISTMerge/outputs/my_merge_ablation_three_module_full_20260515_170100/full/eval/small/bloodmnist_224/convnext/clients_3/beta_0p01/seed_42/my_merge/eval.json,,0.0,0.1373867290266004,2.1084152069470923,2026-05-15T17:32:39,
SKIP,small,bloodmnist_224,convnext,,3,0.1,42,my_merge,equal,/data/liyapeng_grp/program/MedMNISTMerge/outputs/my_merge_ablation_three_module_full_20260515_170100/full/eval/small/bloodmnist_224/convnext/clients_3/beta_0p1/seed_42/my_merge/eval.json,,0.0,0.19467991815258695,2.3846904790321313,2026-05-15T17:32:39,
SKIP,small,bloodmnist_224,convnext,,5,0.0,42,my_merge,equal,/data/liyapeng_grp/program/MedMNISTMerge/outputs/my_merge_ablation_three_module_full_20260515_170100/full/eval/small/bloodmnist_224/convnext/clients_5/beta_0/seed_42/my_merge/eval.json,,0.0,0.19467991815258695,14.42079557030217,2026-05-15T17:32:39,
SKIP,small,bloodmnist_224,convnext,,5,0.01,42,my_merge,equal,/data/liyapeng_grp/program/MedMNISTMerge/outputs/my_merge_ablation_three_module_full_20260515_170100/full/eval/small/bloodmnist_224/convnext/clients_5/beta_0p01/seed_42/my_merge/eval.json,,0.0,0.19467991815258695,4.974788253330341,2026-05-15T17:32:39,
OK,small,bloodmnist_224,convnext,,5,0.1,42,my_merge,equal,/data/liyapeng_grp/program/MedMNISTMerge/outputs/my_merge_ablation_three_module_full_20260515_170100/full/eval/small/bloodmnist_224/convnext/clients_5/beta_0p1/seed_42/my_merge/eval.json,True,393.1,0.19467991815258695,4.023523271728489,2026-05-15T17:39:12,
OK,small,bloodmnist_224,convnext,,7,0.0,42,my_merge,equal,/data/liyapeng_grp/program/MedMNISTMerge/outputs/my_merge_ablation_three_module_full_20260515_170100/full/eval/small/bloodmnist_224/convnext/clients_7/beta_0/seed_42/my_merge/eval.json,True,424.34,0.19467991815258695,13.919859285418731,2026-05-15T17:46:17,
OK,small,bloodmnist_224,convnext,,7,0.01,42,my_merge,equal,/data/liyapeng_grp/program/MedMNISTMerge/outputs/my_merge_ablation_three_module_full_20260515_170100/full/eval/small/bloodmnist_224/convnext/clients_7/beta_0p01/seed_42/my_merge/eval.json,True,422.53,0.19467991815258695,2.0765776234877387,2026-05-15T17:53:19,
OK,small,bloodmnist_224,convnext,,7,0.1,42,my_merge,equal,/data/liyapeng_grp/program/MedMNISTMerge/outputs/my_merge_ablation_three_module_full_20260515_170100/full/eval/small/bloodmnist_224/convnext/clients_7/beta_0p1/seed_42/my_merge/eval.json,True,424.12,0.19467991815258695,7.16500616561457,2026-05-15T18:00:23,
OK,small,bloodmnist_224,resnet,,3,0.0,42,my_merge,equal,/data/liyapeng_grp/program/MedMNISTMerge/outputs/my_merge_ablation_three_module_full_20260515_170100/full/eval/small/bloodmnist_224/resnet/clients_3/beta_0/seed_42/my_merge/eval.json,True,354.25,0.4156679333528208,1.4541307909382049,2026-05-15T18:06:18,
OK,small,bloodmnist_224,resnet,,3,0.01,42,my_merge,equal,/data/liyapeng_grp/program/MedMNISTMerge/outputs/my_merge_ablation_three_module_full_20260515_170100/full/eval/small/bloodmnist_224/resnet/clients_3/beta_0p01/seed_42/my_merge/eval.json,True,359.62,0.33294358374744226,1.8154779362141895,2026-05-15T18:12:17,
OK,small,bloodmnist_224,resnet,,3,0.1,42,my_merge,equal,/data/liyapeng_grp/program/MedMNISTMerge/outputs/my_merge_ablation_three_module_full_20260515_170100/full/eval/small/bloodmnist_224/resnet/clients_3/beta_0p1/seed_42/my_merge/eval.json,True,360.55,0.9061677871967261,0.6169438840038977,2026-05-15T18:18:18,
OK,small,bloodmnist_224,resnet,,5,0.0,42,my_merge,equal,/data/liyapeng_grp/program/MedMNISTMerge/outputs/my_merge_ablation_three_module_full_20260515_170100/full/eval/small/bloodmnist_224/resnet/clients_5/beta_0/seed_42/my_merge/eval.json,True,378.52,0.253434668225665,1.9755034805981955,2026-05-15T18:24:36,
OK,small,bloodmnist_224,resnet,,5,0.01,42,my_merge,equal,/data/liyapeng_grp/program/MedMNISTMerge/outputs/my_merge_ablation_three_module_full_20260515_170100/full/eval/small/bloodmnist_224/resnet/clients_5/beta_0p01/seed_42/my_merge/eval.json,True,368.83,0.31569716457176267,2.361116810592076,2026-05-15T18:30:45,
OK,small,bloodmnist_224,resnet,,5,0.1,42,my_merge,equal,/data/liyapeng_grp/program/MedMNISTMerge/outputs/my_merge_ablation_three_module_full_20260515_170100/full/eval/small/bloodmnist_224/resnet/clients_5/beta_0p1/seed_42/my_merge/eval.json,True,370.79,0.6278865828705057,3.2311569343913686,2026-05-15T18:36:56,
OK,small,bloodmnist_224,resnet,,7,0.0,42,my_merge,equal,/data/liyapeng_grp/program/MedMNISTMerge/outputs/my_merge_ablation_three_module_full_20260515_170100/full/eval/small/bloodmnist_224/resnet/clients_7/beta_0/seed_42/my_merge/eval.json,True,406.44,0.19731072785735165,2.3313690841076005,2026-05-15T18:43:42,
OK,small,bloodmnist_224,resnet,,7,0.01,42,my_merge,equal,/data/liyapeng_grp/program/MedMNISTMerge/outputs/my_merge_ablation_three_module_full_20260515_170100/full/eval/small/bloodmnist_224/resnet/clients_7/beta_0p01/seed_42/my_merge/eval.json,True,404.61,0.30926629640456005,2.3757649932957223,2026-05-15T18:50:27,
OK,small,bloodmnist_224,resnet,,7,0.1,42,my_merge,equal,/data/liyapeng_grp/program/MedMNISTMerge/outputs/my_merge_ablation_three_module_full_20260515_170100/full/eval/small/bloodmnist_224/resnet/clients_7/beta_0p1/seed_42/my_merge/eval.json,True,402.12,0.5621163402513885,3.866601424759433,2026-05-15T18:57:09,
OK,small,bloodmnist_224,swin_tiny,,3,0.0,42,my_merge,equal,/data/liyapeng_grp/program/MedMNISTMerge/outputs/my_merge_ablation_three_module_full_20260515_170100/full/eval/small/bloodmnist_224/swin_tiny/clients_3/beta_0/seed_42/my_merge/eval.json,True,457.81,0.19467991815258695,3.350491358571079,2026-05-15T19:04:47,
OK,small,bloodmnist_224,swin_tiny,,3,0.01,42,my_merge,equal,/data/liyapeng_grp/program/MedMNISTMerge/outputs/my_merge_ablation_three_module_full_20260515_170100/full/eval/small/bloodmnist_224/swin_tiny/clients_3/beta_0p01/seed_42/my_merge/eval.json,True,682.5,0.1403098509207834,2.564334532629848,2026-05-15T19:16:10,
OK,small,bloodmnist_224,swin_tiny,,3,0.1,42,my_merge,equal,/data/liyapeng_grp/program/MedMNISTMerge/outputs/my_merge_ablation_three_module_full_20260515_170100/full/eval/small/bloodmnist_224/swin_tiny/clients_3/beta_0p1/seed_42/my_merge/eval.json,True,736.83,0.19467991815258695,4.0656432423874564,2026-05-15T19:28:26,
OK,small,bloodmnist_224,swin_tiny,,5,0.0,42,my_merge,equal,/data/liyapeng_grp/program/MedMNISTMerge/outputs/my_merge_ablation_three_module_full_20260515_170100/full/eval/small/bloodmnist_224/swin_tiny/clients_5/beta_0/seed_42/my_merge/eval.json,True,543.18,0.19731072785735165,2.351502111034064,2026-05-15T19:37:30,
OK,small,bloodmnist_224,swin_tiny,,5,0.01,42,my_merge,equal,/data/liyapeng_grp/program/MedMNISTMerge/outputs/my_merge_ablation_three_module_full_20260515_170100/full/eval/small/bloodmnist_224/swin_tiny/clients_5/beta_0p01/seed_42/my_merge/eval.json,True,625.46,0.19467991815258695,2.1937070575871336,2026-05-15T19:47:55,
OK,small,bloodmnist_224,swin_tiny,,5,0.1,42,my_merge,equal,/data/liyapeng_grp/program/MedMNISTMerge/outputs/my_merge_ablation_three_module_full_20260515_170100/full/eval/small/bloodmnist_224/swin_tiny/clients_5/beta_0p1/seed_42/my_merge/eval.json,True,647.67,0.19467991815258695,2.3251533467182113,2026-05-15T19:58:43,
OK,small,bloodmnist_224,swin_tiny,,7,0.0,42,my_merge,equal,/data/liyapeng_grp/program/MedMNISTMerge/outputs/my_merge_ablation_three_module_full_20260515_170100/full/eval/small/bloodmnist_224/swin_tiny/clients_7/beta_0/seed_42/my_merge/eval.json,True,586.43,0.19467991815258695,3.2879351269115102,2026-05-15T20:08:29,
OK,small,bloodmnist_224,swin_tiny,,7,0.01,42,my_merge,equal,/data/liyapeng_grp/program/MedMNISTMerge/outputs/my_merge_ablation_three_module_full_20260515_170100/full/eval/small/bloodmnist_224/swin_tiny/clients_7/beta_0p01/seed_42/my_merge/eval.json,True,626.52,0.19467991815258695,2.222422035212267,2026-05-15T20:18:56,
OK,small,bloodmnist_224,swin_tiny,,7,0.1,42,my_merge,equal,/data/liyapeng_grp/program/MedMNISTMerge/outputs/my_merge_ablation_three_module_full_20260515_170100/full/eval/small/bloodmnist_224/swin_tiny/clients_7/beta_0p1/seed_42/my_merge/eval.json,True,649.38,0.19467991815258695,6.415999044280622,2026-05-15T20:29:45,
OK,small,bloodmnist_224,vit_t,,3,0.0,42,my_merge,equal,/data/liyapeng_grp/program/MedMNISTMerge/outputs/my_merge_ablation_three_module_full_20260515_170100/full/eval/small/bloodmnist_224/vit_t/clients_3/beta_0/seed_42/my_merge/eval.json,True,734.34,0.31949722303420053,2.7001495311846337,2026-05-15T20:41:59,
OK,small,bloodmnist_224,vit_t,,3,0.01,42,my_merge,equal,/data/liyapeng_grp/program/MedMNISTMerge/outputs/my_merge_ablation_three_module_full_20260515_170100/full/eval/small/bloodmnist_224/vit_t/clients_3/beta_0p01/seed_42/my_merge/eval.json,True,882.08,0.19175679625840397,3.040397922604518,2026-05-15T20:56:41,
OK,small,bloodmnist_224,vit_t,,3,0.1,42,my_merge,equal,/data/liyapeng_grp/program/MedMNISTMerge/outputs/my_merge_ablation_three_module_full_20260515_170100/full/eval/small/bloodmnist_224/vit_t/clients_3/beta_0p1/seed_42/my_merge/eval.json,True,569.07,0.26395790704472377,2.396465131881745,2026-05-15T21:06:10,
OK,small,bloodmnist_224,vit_t,,5,0.0,42,my_merge,equal,/data/liyapeng_grp/program/MedMNISTMerge/outputs/my_merge_ablation_three_module_full_20260515_170100/full/eval/small/bloodmnist_224/vit_t/clients_5/beta_0/seed_42/my_merge/eval.json,True,904.49,0.19467991815258695,2.804164038384668,2026-05-15T21:21:15,
OK,small,bloodmnist_224,vit_t,,5,0.01,42,my_merge,equal,/data/liyapeng_grp/program/MedMNISTMerge/outputs/my_merge_ablation_three_module_full_20260515_170100/full/eval/small/bloodmnist_224/vit_t/clients_5/beta_0p01/seed_42/my_merge/eval.json,True,735.54,0.31248173048816136,2.948255387358901,2026-05-15T21:33:31,
OK,small,bloodmnist_224,vit_t,,5,0.1,42,my_merge,equal,/data/liyapeng_grp/program/MedMNISTMerge/outputs/my_merge_ablation_three_module_full_20260515_170100/full/eval/small/bloodmnist_224/vit_t/clients_5/beta_0p1/seed_42/my_merge/eval.json,True,826.83,0.29611224788073665,2.3984073994627337,2026-05-15T21:47:17,
OK,small,bloodmnist_224,vit_t,,7,0.0,42,my_merge,equal,/data/liyapeng_grp/program/MedMNISTMerge/outputs/my_merge_ablation_three_module_full_20260515_170100/full/eval/small/bloodmnist_224/vit_t/clients_7/beta_0/seed_42/my_merge/eval.json,True,814.51,0.26805027769657996,2.4831438198385096,2026-05-15T22:00:52,
OK,small,bloodmnist_224,vit_t,,7,0.01,42,my_merge,equal,/data/liyapeng_grp/program/MedMNISTMerge/outputs/my_merge_ablation_three_module_full_20260515_170100/full/eval/small/bloodmnist_224/vit_t/clients_7/beta_0p01/seed_42/my_merge/eval.json,True,833.8,0.16895644548377667,2.1871171506376026,2026-05-15T22:14:46,
OK,small,bloodmnist_224,vit_t,,7,0.1,42,my_merge,equal,/data/liyapeng_grp/program/MedMNISTMerge/outputs/my_merge_ablation_three_module_full_20260515_170100/full/eval/small/bloodmnist_224/vit_t/clients_7/beta_0p1/seed_42/my_merge/eval.json,True,930.83,0.2548962291727565,2.2437710669332693,2026-05-15T22:30:16,
OK,small,chaoshengmnist_224,convnext,,3,0.0,42,my_merge,equal,/data/liyapeng_grp/program/MedMNISTMerge/outputs/my_merge_ablation_three_module_full_20260515_170100/full/eval/small/chaoshengmnist_224/convnext/clients_3/beta_0/seed_42/my_merge/eval.json,True,63.9,0.1087151841868823,3.074713173152516,2026-05-15T22:31:20,
OK,small,chaoshengmnist_224,convnext,,3,0.01,42,my_merge,equal,/data/liyapeng_grp/program/MedMNISTMerge/outputs/my_merge_ablation_three_module_full_20260515_170100/full/eval/small/chaoshengmnist_224/convnext/clients_3/beta_0p01/seed_42/my_merge/eval.json,True,76.69,0.1087151841868823,9.894198876935302,2026-05-15T22:32:37,
OK,small,chaoshengmnist_224,convnext,,3,0.1,42,my_merge,equal,/data/liyapeng_grp/program/MedMNISTMerge/outputs/my_merge_ablation_three_module_full_20260515_170100/full/eval/small/chaoshengmnist_224/convnext/clients_3/beta_0p1/seed_42/my_merge/eval.json,True,52.79,0.1087151841868823,2.666160394989041,2026-05-15T22:33:30,
OK,small,chaoshengmnist_224,convnext,,5,0.0,42,my_merge,equal,/data/liyapeng_grp/program/MedMNISTMerge/outputs/my_merge_ablation_three_module_full_20260515_170100/full/eval/small/chaoshengmnist_224/convnext/clients_5/beta_0/seed_42/my_merge/eval.json,True,78.27,0.1087151841868823,4.493525762549415,2026-05-15T22:34:48,
OK,small,chaoshengmnist_224,convnext,,5,0.01,42,my_merge,equal,/data/liyapeng_grp/program/MedMNISTMerge/outputs/my_merge_ablation_three_module_full_20260515_170100/full/eval/small/chaoshengmnist_224/convnext/clients_5/beta_0p01/seed_42/my_merge/eval.json,True,80.44,0.1087151841868823,2.144242580260442,2026-05-15T22:36:09,
OK,small,chaoshengmnist_224,convnext,,5,0.1,42,my_merge,equal,/data/liyapeng_grp/program/MedMNISTMerge/outputs/my_merge_ablation_three_module_full_20260515_170100/full/eval/small/chaoshengmnist_224/convnext/clients_5/beta_0p1/seed_42/my_merge/eval.json,True,85.15,0.1087151841868823,7.862232467020726,2026-05-15T22:37:34,
OK,small,chaoshengmnist_224,convnext,,7,0.0,42,my_merge,equal,/data/liyapeng_grp/program/MedMNISTMerge/outputs/my_merge_ablation_three_module_full_20260515_170100/full/eval/small/chaoshengmnist_224/convnext/clients_7/beta_0/seed_42/my_merge/eval.json,True,81.97,0.1087151841868823,2.12895275211934,2026-05-15T22:38:56,
OK,small,chaoshengmnist_224,convnext,,7,0.01,42,my_merge,equal,/data/liyapeng_grp/program/MedMNISTMerge/outputs/my_merge_ablation_three_module_full_20260515_170100/full/eval/small/chaoshengmnist_224/convnext/clients_7/beta_0p01/seed_42/my_merge/eval.json,True,81.48,0.1087151841868823,2.0958391193431023,2026-05-15T22:40:17,
OK,small,chaoshengmnist_224,convnext,,7,0.1,42,my_merge,equal,/data/liyapeng_grp/program/MedMNISTMerge/outputs/my_merge_ablation_three_module_full_20260515_170100/full/eval/small/chaoshengmnist_224/convnext/clients_7/beta_0p1/seed_42/my_merge/eval.json,True,85.67,0.1087151841868823,2.103164659141959,2026-05-15T22:41:43,
OK,small,chaoshengmnist_224,resnet,,3,0.0,42,my_merge,equal,/data/liyapeng_grp/program/MedMNISTMerge/outputs/my_merge_ablation_three_module_full_20260515_170100/full/eval/small/chaoshengmnist_224/resnet/clients_3/beta_0/seed_42/my_merge/eval.json,True,57.81,0.34591194968553457,4.2853634111107946,2026-05-15T22:42:41,
OK,small,chaoshengmnist_224,resnet,,3,0.01,42,my_merge,equal,/data/liyapeng_grp/program/MedMNISTMerge/outputs/my_merge_ablation_three_module_full_20260515_170100/full/eval/small/chaoshengmnist_224/resnet/clients_3/beta_0p01/seed_42/my_merge/eval.json,True,54.73,0.14465408805031446,5.209555989648454,2026-05-15T22:43:35,
OK,small,chaoshengmnist_224,resnet,,3,0.1,42,my_merge,equal,/data/liyapeng_grp/program/MedMNISTMerge/outputs/my_merge_ablation_three_module_full_20260515_170100/full/eval/small/chaoshengmnist_224/resnet/clients_3/beta_0p1/seed_42/my_merge/eval.json,True,55.29,0.24618149146451032,3.8911467472497985,2026-05-15T22:44:31,
OK,small,chaoshengmnist_224,resnet,,5,0.0,42,my_merge,equal,/data/liyapeng_grp/program/MedMNISTMerge/outputs/my_merge_ablation_three_module_full_20260515_170100/full/eval/small/chaoshengmnist_224/resnet/clients_5/beta_0/seed_42/my_merge/eval.json,True,55.92,0.21114106019766396,5.1128584286808865,2026-05-15T22:45:27,
OK,small,chaoshengmnist_224,resnet,,5,0.01,42,my_merge,equal,/data/liyapeng_grp/program/MedMNISTMerge/outputs/my_merge_ablation_three_module_full_20260515_170100/full/eval/small/chaoshengmnist_224/resnet/clients_5/beta_0p01/seed_42/my_merge/eval.json,True,60.93,0.1087151841868823,3.8349238735860465,2026-05-15T22:46:28,
OK,small,chaoshengmnist_224,resnet,,5,0.1,42,my_merge,equal,/data/liyapeng_grp/program/MedMNISTMerge/outputs/my_merge_ablation_three_module_full_20260515_170100/full/eval/small/chaoshengmnist_224/resnet/clients_5/beta_0p1/seed_42/my_merge/eval.json,True,60.09,0.16531895777178796,4.35071264551442,2026-05-15T22:47:28,
OK,small,chaoshengmnist_224,resnet,,7,0.0,42,my_merge,equal,/data/liyapeng_grp/program/MedMNISTMerge/outputs/my_merge_ablation_three_module_full_20260515_170100/full/eval/small/chaoshengmnist_224/resnet/clients_7/beta_0/seed_42/my_merge/eval.json,True,65.73,0.16801437556154536,3.411033362605394,2026-05-15T22:48:33,
OK,small,chaoshengmnist_224,resnet,,7,0.01,42,my_merge,equal,/data/liyapeng_grp/program/MedMNISTMerge/outputs/my_merge_ablation_three_module_full_20260515_170100/full/eval/small/chaoshengmnist_224/resnet/clients_7/beta_0p01/seed_42/my_merge/eval.json,True,57.58,0.3665768194070081,2.7330781398115134,2026-05-15T22:49:31,
OK,small,chaoshengmnist_224,resnet,,7,0.1,42,my_merge,equal,/data/liyapeng_grp/program/MedMNISTMerge/outputs/my_merge_ablation_three_module_full_20260515_170100/full/eval/small/chaoshengmnist_224/resnet/clients_7/beta_0p1/seed_42/my_merge/eval.json,True,67.4,0.2165318957771788,2.4154385333648163,2026-05-15T22:50:38,
OK,small,chaoshengmnist_224,swin_tiny,,3,0.0,42,my_merge,equal,/data/liyapeng_grp/program/MedMNISTMerge/outputs/my_merge_ablation_three_module_full_20260515_170100/full/eval/small/chaoshengmnist_224/swin_tiny/clients_3/beta_0/seed_42/my_merge/eval.json,True,75.99,0.1087151841868823,2.8551772234146378,2026-05-15T22:51:54,
OK,small,chaoshengmnist_224,swin_tiny,,3,0.01,42,my_merge,equal,/data/liyapeng_grp/program/MedMNISTMerge/outputs/my_merge_ablation_three_module_full_20260515_170100/full/eval/small/chaoshengmnist_224/swin_tiny/clients_3/beta_0p01/seed_42/my_merge/eval.json,True,57.02,0.1087151841868823,2.3238804980858103,2026-05-15T22:52:51,
OK,small,chaoshengmnist_224,swin_tiny,,3,0.1,42,my_merge,equal,/data/liyapeng_grp/program/MedMNISTMerge/outputs/my_merge_ablation_three_module_full_20260515_170100/full/eval/small/chaoshengmnist_224/swin_tiny/clients_3/beta_0p1/seed_42/my_merge/eval.json,True,55.56,0.1087151841868823,2.4896017620398565,2026-05-15T22:53:47,
OK,small,chaoshengmnist_224,swin_tiny,,5,0.0,42,my_merge,equal,/data/liyapeng_grp/program/MedMNISTMerge/outputs/my_merge_ablation_three_module_full_20260515_170100/full/eval/small/chaoshengmnist_224/swin_tiny/clients_5/beta_0/seed_42/my_merge/eval.json,True,69.92,0.1087151841868823,2.630015306609874,2026-05-15T22:54:57,
OK,small,chaoshengmnist_224,swin_tiny,,5,0.01,42,my_merge,equal,/data/liyapeng_grp/program/MedMNISTMerge/outputs/my_merge_ablation_three_module_full_20260515_170100/full/eval/small/chaoshengmnist_224/swin_tiny/clients_5/beta_0p01/seed_42/my_merge/eval.json,True,97.11,0.1087151841868823,2.5040448793718006,2026-05-15T22:56:34,
OK,small,chaoshengmnist_224,swin_tiny,,5,0.1,42,my_merge,equal,/data/liyapeng_grp/program/MedMNISTMerge/outputs/my_merge_ablation_three_module_full_20260515_170100/full/eval/small/chaoshengmnist_224/swin_tiny/clients_5/beta_0p1/seed_42/my_merge/eval.json,True,98.56,0.1087151841868823,2.4987308263564474,2026-05-15T22:58:13,
OK,small,chaoshengmnist_224,swin_tiny,,7,0.0,42,my_merge,equal,/data/liyapeng_grp/program/MedMNISTMerge/outputs/my_merge_ablation_three_module_full_20260515_170100/full/eval/small/chaoshengmnist_224/swin_tiny/clients_7/beta_0/seed_42/my_merge/eval.json,True,95.65,0.1087151841868823,3.35876595556254,2026-05-15T22:59:48,
OK,small,chaoshengmnist_224,swin_tiny,,7,0.01,42,my_merge,equal,/data/liyapeng_grp/program/MedMNISTMerge/outputs/my_merge_ablation_three_module_full_20260515_170100/full/eval/small/chaoshengmnist_224/swin_tiny/clients_7/beta_0p01/seed_42/my_merge/eval.json,True,70.66,0.1087151841868823,4.154109612522314,2026-05-15T23:00:59,
OK,small,chaoshengmnist_224,swin_tiny,,7,0.1,42,my_merge,equal,/data/liyapeng_grp/program/MedMNISTMerge/outputs/my_merge_ablation_three_module_full_20260515_170100/full/eval/small/chaoshengmnist_224/swin_tiny/clients_7/beta_0p1/seed_42/my_merge/eval.json,True,91.57,0.1087151841868823,2.37305608335531,2026-05-15T23:02:30,
OK,small,chaoshengmnist_224,vit_t,,3,0.0,42,my_merge,equal,/data/liyapeng_grp/program/MedMNISTMerge/outputs/my_merge_ablation_three_module_full_20260515_170100/full/eval/small/chaoshengmnist_224/vit_t/clients_3/beta_0/seed_42/my_merge/eval.json,True,63.05,0.1087151841868823,7.604672605457974,2026-05-15T23:03:33,
OK,small,chaoshengmnist_224,vit_t,,3,0.01,42,my_merge,equal,/data/liyapeng_grp/program/MedMNISTMerge/outputs/my_merge_ablation_three_module_full_20260515_170100/full/eval/small/chaoshengmnist_224/vit_t/clients_3/beta_0p01/seed_42/my_merge/eval.json,True,67.23,0.1087151841868823,6.10275445494262,2026-05-15T23:04:41,
OK,small,chaoshengmnist_224,vit_t,,3,0.1,42,my_merge,equal,/data/liyapeng_grp/program/MedMNISTMerge/outputs/my_merge_ablation_three_module_full_20260515_170100/full/eval/small/chaoshengmnist_224/vit_t/clients_3/beta_0p1/seed_42/my_merge/eval.json,True,63.35,0.1087151841868823,3.007210158916175,2026-05-15T23:05:44,
OK,small,chaoshengmnist_224,vit_t,,5,0.0,42,my_merge,equal,/data/liyapeng_grp/program/MedMNISTMerge/outputs/my_merge_ablation_three_module_full_20260515_170100/full/eval/small/chaoshengmnist_224/vit_t/clients_5/beta_0/seed_42/my_merge/eval.json,True,68.93,0.1087151841868823,6.671031799813379,2026-05-15T23:06:53,
OK,small,chaoshengmnist_224,vit_t,,5,0.01,42,my_merge,equal,/data/liyapeng_grp/program/MedMNISTMerge/outputs/my_merge_ablation_three_module_full_20260515_170100/full/eval/small/chaoshengmnist_224/vit_t/clients_5/beta_0p01/seed_42/my_merge/eval.json,True,60.86,0.1087151841868823,5.009185267051704,2026-05-15T23:07:54,
OK,small,chaoshengmnist_224,vit_t,,5,0.1,42,my_merge,equal,/data/liyapeng_grp/program/MedMNISTMerge/outputs/my_merge_ablation_three_module_full_20260515_170100/full/eval/small/chaoshengmnist_224/vit_t/clients_5/beta_0p1/seed_42/my_merge/eval.json,True,63.23,0.1087151841868823,5.882869482683043,2026-05-15T23:08:57,
OK,small,chaoshengmnist_224,vit_t,,7,0.0,42,my_merge,equal,/data/liyapeng_grp/program/MedMNISTMerge/outputs/my_merge_ablation_three_module_full_20260515_170100/full/eval/small/chaoshengmnist_224/vit_t/clients_7/beta_0/seed_42/my_merge/eval.json,True,69.07,0.1087151841868823,5.436195807101377,2026-05-15T23:10:06,
OK,small,chaoshengmnist_224,vit_t,,7,0.01,42,my_merge,equal,/data/liyapeng_grp/program/MedMNISTMerge/outputs/my_merge_ablation_three_module_full_20260515_170100/full/eval/small/chaoshengmnist_224/vit_t/clients_7/beta_0p01/seed_42/my_merge/eval.json,True,64.26,0.1087151841868823,3.988383388262232,2026-05-15T23:11:10,
OK,small,chaoshengmnist_224,vit_t,,7,0.1,42,my_merge,equal,/data/liyapeng_grp/program/MedMNISTMerge/outputs/my_merge_ablation_three_module_full_20260515_170100/full/eval/small/chaoshengmnist_224/vit_t/clients_7/beta_0p1/seed_42/my_merge/eval.json,True,71.05,0.1087151841868823,4.565053669911511,2026-05-15T23:12:21,
OK,small,dermamnist_224,convnext,,3,0.0,42,my_merge,equal,/data/liyapeng_grp/program/MedMNISTMerge/outputs/my_merge_ablation_three_module_full_20260515_170100/full/eval/small/dermamnist_224/convnext/clients_3/beta_0/seed_42/my_merge/eval.json,True,498.07,0.6688279301745635,1.9609708478623198,2026-05-15T23:20:40,
OK,small,dermamnist_224,convnext,,3,0.01,42,my_merge,equal,/data/liyapeng_grp/program/MedMNISTMerge/outputs/my_merge_ablation_three_module_full_20260515_170100/full/eval/small/dermamnist_224/convnext/clients_3/beta_0p01/seed_42/my_merge/eval.json,True,411.5,0.6688279301745635,1.6966040715315098,2026-05-15T23:27:31,
OK,small,dermamnist_224,convnext,,3,0.1,42,my_merge,equal,/data/liyapeng_grp/program/MedMNISTMerge/outputs/my_merge_ablation_three_module_full_20260515_170100/full/eval/small/dermamnist_224/convnext/clients_3/beta_0p1/seed_42/my_merge/eval.json,True,317.07,0.6688279301745635,1.2206907065431971,2026-05-15T23:32:48,
OK,small,dermamnist_224,convnext,,5,0.0,42,my_merge,equal,/data/liyapeng_grp/program/MedMNISTMerge/outputs/my_merge_ablation_three_module_full_20260515_170100/full/eval/small/dermamnist_224/convnext/clients_5/beta_0/seed_42/my_merge/eval.json,True,275.46,0.6688279301745635,1.3155115119239635,2026-05-15T23:37:24,
OK,small,dermamnist_224,convnext,,5,0.01,42,my_merge,equal,/data/liyapeng_grp/program/MedMNISTMerge/outputs/my_merge_ablation_three_module_full_20260515_170100/full/eval/small/dermamnist_224/convnext/clients_5/beta_0p01/seed_42/my_merge/eval.json,True,352.9,0.6688279301745635,1.316936907447187,2026-05-15T23:43:17,
OK,small,dermamnist_224,convnext,,5,0.1,42,my_merge,equal,/data/liyapeng_grp/program/MedMNISTMerge/outputs/my_merge_ablation_three_module_full_20260515_170100/full/eval/small/dermamnist_224/convnext/clients_5/beta_0p1/seed_42/my_merge/eval.json,True,411.92,0.6688279301745635,1.4858493439277212,2026-05-15T23:50:08,
OK,small,dermamnist_224,convnext,,7,0.0,42,my_merge,equal,/data/liyapeng_grp/program/MedMNISTMerge/outputs/my_merge_ablation_three_module_full_20260515_170100/full/eval/small/dermamnist_224/convnext/clients_7/beta_0/seed_42/my_merge/eval.json,True,356.12,0.6688279301745635,1.3471399646150204,2026-05-15T23:56:05,
OK,small,dermamnist_224,convnext,,7,0.01,42,my_merge,equal,/data/liyapeng_grp/program/MedMNISTMerge/outputs/my_merge_ablation_three_module_full_20260515_170100/full/eval/small/dermamnist_224/convnext/clients_7/beta_0p01/seed_42/my_merge/eval.json,True,297.62,0.6688279301745635,1.4706963061691818,2026-05-16T00:01:02,
OK,small,dermamnist_224,convnext,,7,0.1,42,my_merge,equal,/data/liyapeng_grp/program/MedMNISTMerge/outputs/my_merge_ablation_three_module_full_20260515_170100/full/eval/small/dermamnist_224/convnext/clients_7/beta_0p1/seed_42/my_merge/eval.json,True,304.02,0.6688279301745635,1.538086424504135,2026-05-16T00:06:06,
OK,small,dermamnist_224,resnet,,3,0.0,42,my_merge,equal,/data/liyapeng_grp/program/MedMNISTMerge/outputs/my_merge_ablation_three_module_full_20260515_170100/full/eval/small/dermamnist_224/resnet/clients_3/beta_0/seed_42/my_merge/eval.json,True,252.29,0.658852867830424,1.219776975008615,2026-05-16T00:10:18,
OK,small,dermamnist_224,resnet,,3,0.01,42,my_merge,equal,/data/liyapeng_grp/program/MedMNISTMerge/outputs/my_merge_ablation_three_module_full_20260515_170100/full/eval/small/dermamnist_224/resnet/clients_3/beta_0p01/seed_42/my_merge/eval.json,True,354.21,0.7007481296758105,2.1590972884932063,2026-05-16T00:16:13,
OK,small,dermamnist_224,resnet,,3,0.1,42,my_merge,equal,/data/liyapeng_grp/program/MedMNISTMerge/outputs/my_merge_ablation_three_module_full_20260515_170100/full/eval/small/dermamnist_224/resnet/clients_3/beta_0p1/seed_42/my_merge/eval.json,True,448.87,0.7600997506234414,1.6047633213295307,2026-05-16T00:23:42,
OK,small,dermamnist_224,resnet,,5,0.0,42,my_merge,equal,/data/liyapeng_grp/program/MedMNISTMerge/outputs/my_merge_ablation_three_module_full_20260515_170100/full/eval/small/dermamnist_224/resnet/clients_5/beta_0/seed_42/my_merge/eval.json,True,327.3,0.6688279301745635,1.2545922237738707,2026-05-16T00:29:09,
OK,small,dermamnist_224,resnet,,5,0.01,42,my_merge,equal,/data/liyapeng_grp/program/MedMNISTMerge/outputs/my_merge_ablation_three_module_full_20260515_170100/full/eval/small/dermamnist_224/resnet/clients_5/beta_0p01/seed_42/my_merge/eval.json,True,253.81,0.6678304239401496,1.3229270566431364,2026-05-16T00:33:23,
OK,small,dermamnist_224,resnet,,5,0.1,42,my_merge,equal,/data/liyapeng_grp/program/MedMNISTMerge/outputs/my_merge_ablation_three_module_full_20260515_170100/full/eval/small/dermamnist_224/resnet/clients_5/beta_0p1/seed_42/my_merge/eval.json,True,255.46,0.6658354114713217,1.7451242216804677,2026-05-16T00:37:38,
OK,small,dermamnist_224,resnet,,7,0.0,42,my_merge,equal,/data/liyapeng_grp/program/MedMNISTMerge/outputs/my_merge_ablation_three_module_full_20260515_170100/full/eval/small/dermamnist_224/resnet/clients_7/beta_0/seed_42/my_merge/eval.json,True,278.93,0.6678304239401496,1.6514529097407238,2026-05-16T00:42:17,
OK,small,dermamnist_224,resnet,,7,0.01,42,my_merge,equal,/data/liyapeng_grp/program/MedMNISTMerge/outputs/my_merge_ablation_three_module_full_20260515_170100/full/eval/small/dermamnist_224/resnet/clients_7/beta_0p01/seed_42/my_merge/eval.json,True,277.98,0.6688279301745635,1.2470621549577785,2026-05-16T00:46:55,
OK,small,dermamnist_224,resnet,,7,0.1,42,my_merge,equal,/data/liyapeng_grp/program/MedMNISTMerge/outputs/my_merge_ablation_three_module_full_20260515_170100/full/eval/small/dermamnist_224/resnet/clients_7/beta_0p1/seed_42/my_merge/eval.json,True,275.69,0.6688279301745635,1.094248826218365,2026-05-16T00:51:31,
OK,small,dermamnist_224,swin_tiny,,3,0.0,42,my_merge,equal,/data/liyapeng_grp/program/MedMNISTMerge/outputs/my_merge_ablation_three_module_full_20260515_170100/full/eval/small/dermamnist_224/swin_tiny/clients_3/beta_0/seed_42/my_merge/eval.json,True,324.27,0.6688279301745635,1.3371368955792928,2026-05-16T00:56:55,
OK,small,dermamnist_224,swin_tiny,,3,0.01,42,my_merge,equal,/data/liyapeng_grp/program/MedMNISTMerge/outputs/my_merge_ablation_three_module_full_20260515_170100/full/eval/small/dermamnist_224/swin_tiny/clients_3/beta_0p01/seed_42/my_merge/eval.json,True,323.58,0.6688279301745635,1.2345435219215335,2026-05-16T01:02:19,
OK,small,dermamnist_224,swin_tiny,,3,0.1,42,my_merge,equal,/data/liyapeng_grp/program/MedMNISTMerge/outputs/my_merge_ablation_three_module_full_20260515_170100/full/eval/small/dermamnist_224/swin_tiny/clients_3/beta_0p1/seed_42/my_merge/eval.json,True,340.44,0.6688279301745635,1.1701213255784755,2026-05-16T01:07:59,
OK,small,dermamnist_224,swin_tiny,,5,0.0,42,my_merge,equal,/data/liyapeng_grp/program/MedMNISTMerge/outputs/my_merge_ablation_three_module_full_20260515_170100/full/eval/small/dermamnist_224/swin_tiny/clients_5/beta_0/seed_42/my_merge/eval.json,True,525.83,0.6688279301745635,1.2086232175850808,2026-05-16T01:16:45,
OK,small,dermamnist_224,swin_tiny,,5,0.01,42,my_merge,equal,/data/liyapeng_grp/program/MedMNISTMerge/outputs/my_merge_ablation_three_module_full_20260515_170100/full/eval/small/dermamnist_224/swin_tiny/clients_5/beta_0p01/seed_42/my_merge/eval.json,True,547.67,0.6688279301745635,1.2406576316552864,2026-05-16T01:25:53,
OK,small,dermamnist_224,swin_tiny,,5,0.1,42,my_merge,equal,/data/liyapeng_grp/program/MedMNISTMerge/outputs/my_merge_ablation_three_module_full_20260515_170100/full/eval/small/dermamnist_224/swin_tiny/clients_5/beta_0p1/seed_42/my_merge/eval.json,True,431.06,0.6688279301745635,1.2544763556739635,2026-05-16T01:33:04,
OK,small,dermamnist_224,swin_tiny,,7,0.0,42,my_merge,equal,/data/liyapeng_grp/program/MedMNISTMerge/outputs/my_merge_ablation_three_module_full_20260515_170100/full/eval/small/dermamnist_224/swin_tiny/clients_7/beta_0/seed_42/my_merge/eval.json,True,401.71,0.6688279301745635,2.2164345590848282,2026-05-16T01:39:45,
OK,small,dermamnist_224,swin_tiny,,7,0.01,42,my_merge,equal,/data/liyapeng_grp/program/MedMNISTMerge/outputs/my_merge_ablation_three_module_full_20260515_170100/full/eval/small/dermamnist_224/swin_tiny/clients_7/beta_0p01/seed_42/my_merge/eval.json,True,415.28,0.6688279301745635,1.25123665469543,2026-05-16T01:46:41,
OK,small,dermamnist_224,swin_tiny,,7,0.1,42,my_merge,equal,/data/liyapeng_grp/program/MedMNISTMerge/outputs/my_merge_ablation_three_module_full_20260515_170100/full/eval/small/dermamnist_224/swin_tiny/clients_7/beta_0p1/seed_42/my_merge/eval.json,True,405.5,0.6688279301745635,1.3200129570806414,2026-05-16T01:53:26,
OK,small,dermamnist_224,vit_t,,3,0.0,42,my_merge,equal,/data/liyapeng_grp/program/MedMNISTMerge/outputs/my_merge_ablation_three_module_full_20260515_170100/full/eval/small/dermamnist_224/vit_t/clients_3/beta_0/seed_42/my_merge/eval.json,True,314.12,0.6688279301745635,1.8132899538834493,2026-05-16T01:58:40,
OK,small,dermamnist_224,vit_t,,3,0.01,42,my_merge,equal,/data/liyapeng_grp/program/MedMNISTMerge/outputs/my_merge_ablation_three_module_full_20260515_170100/full/eval/small/dermamnist_224/vit_t/clients_3/beta_0p01/seed_42/my_merge/eval.json,True,313.54,0.6688279301745635,1.8562968810003,2026-05-16T02:03:54,
OK,small,dermamnist_224,vit_t,,3,0.1,42,my_merge,equal,/data/liyapeng_grp/program/MedMNISTMerge/outputs/my_merge_ablation_three_module_full_20260515_170100/full/eval/small/dermamnist_224/vit_t/clients_3/beta_0p1/seed_42/my_merge/eval.json,True,371.2,0.6688279301745635,1.5526260052535896,2026-05-16T02:10:05,
OK,small,dermamnist_224,vit_t,,5,0.0,42,my_merge,equal,/data/liyapeng_grp/program/MedMNISTMerge/outputs/my_merge_ablation_three_module_full_20260515_170100/full/eval/small/dermamnist_224/vit_t/clients_5/beta_0/seed_42/my_merge/eval.json,True,412.96,0.6688279301745635,1.787659328596253,2026-05-16T02:16:58,
OK,small,dermamnist_224,vit_t,,5,0.01,42,my_merge,equal,/data/liyapeng_grp/program/MedMNISTMerge/outputs/my_merge_ablation_three_module_full_20260515_170100/full/eval/small/dermamnist_224/vit_t/clients_5/beta_0p01/seed_42/my_merge/eval.json,True,424.33,0.6688279301745635,1.2616635909996128,2026-05-16T02:24:02,
OK,small,dermamnist_224,vit_t,,5,0.1,42,my_merge,equal,/data/liyapeng_grp/program/MedMNISTMerge/outputs/my_merge_ablation_three_module_full_20260515_170100/full/eval/small/dermamnist_224/vit_t/clients_5/beta_0p1/seed_42/my_merge/eval.json,True,380.37,0.6688279301745635,1.4627638673544525,2026-05-16T02:30:23,
OK,small,dermamnist_224,vit_t,,7,0.0,42,my_merge,equal,/data/liyapeng_grp/program/MedMNISTMerge/outputs/my_merge_ablation_three_module_full_20260515_170100/full/eval/small/dermamnist_224/vit_t/clients_7/beta_0/seed_42/my_merge/eval.json,True,394.03,0.6688279301745635,1.4917599212499033,2026-05-16T02:36:57,
OK,small,dermamnist_224,vit_t,,7,0.01,42,my_merge,equal,/data/liyapeng_grp/program/MedMNISTMerge/outputs/my_merge_ablation_three_module_full_20260515_170100/full/eval/small/dermamnist_224/vit_t/clients_7/beta_0p01/seed_42/my_merge/eval.json,True,382.53,0.6688279301745635,1.3722679365900092,2026-05-16T02:43:19,
OK,small,dermamnist_224,vit_t,,7,0.1,42,my_merge,equal,/data/liyapeng_grp/program/MedMNISTMerge/outputs/my_merge_ablation_three_module_full_20260515_170100/full/eval/small/dermamnist_224/vit_t/clients_7/beta_0p1/seed_42/my_merge/eval.json,True,387.83,0.6688279301745635,1.3105071775931076,2026-05-16T02:49:47,
OK,small,organcmnist_224,convnext,,3,0.0,42,my_merge,equal,/data/liyapeng_grp/program/MedMNISTMerge/outputs/my_merge_ablation_three_module_full_20260515_170100/full/eval/small/organcmnist_224/convnext/clients_3/beta_0/seed_42/my_merge/eval.json,True,217.32,0.06779454722492698,3.090146370268379,2026-05-16T02:53:24,
OK,small,organcmnist_224,convnext,,3,0.01,42,my_merge,equal,/data/liyapeng_grp/program/MedMNISTMerge/outputs/my_merge_ablation_three_module_full_20260515_170100/full/eval/small/organcmnist_224/convnext/clients_3/beta_0p01/seed_42/my_merge/eval.json,True,223.66,0.08945959104186953,4.8711284281796585,2026-05-16T02:57:08,
OK,small,organcmnist_224,convnext,,3,0.1,42,my_merge,equal,/data/liyapeng_grp/program/MedMNISTMerge/outputs/my_merge_ablation_three_module_full_20260515_170100/full/eval/small/organcmnist_224/convnext/clients_3/beta_0p1/seed_42/my_merge/eval.json,True,235.62,0.32680136319376824,3.186804558773468,2026-05-16T03:01:04,
OK,small,organcmnist_224,convnext,,5,0.0,42,my_merge,equal,/data/liyapeng_grp/program/MedMNISTMerge/outputs/my_merge_ablation_three_module_full_20260515_170100/full/eval/small/organcmnist_224/convnext/clients_5/beta_0/seed_42/my_merge/eval.json,True,489.17,0.11708860759493671,8.067793596800717,2026-05-16T03:09:13,
OK,small,organcmnist_224,convnext,,5,0.01,42,my_merge,equal,/data/liyapeng_grp/program/MedMNISTMerge/outputs/my_merge_ablation_three_module_full_20260515_170100/full/eval/small/organcmnist_224/convnext/clients_5/beta_0p01/seed_42/my_merge/eval.json,True,381.32,0.06779454722492698,3.622195116616967,2026-05-16T03:15:34,
OK,small,organcmnist_224,convnext,,5,0.1,42,my_merge,equal,/data/liyapeng_grp/program/MedMNISTMerge/outputs/my_merge_ablation_three_module_full_20260515_170100/full/eval/small/organcmnist_224/convnext/clients_5/beta_0p1/seed_42/my_merge/eval.json,True,277.2,0.06779454722492698,2.865670001030897,2026-05-16T03:20:11,
OK,small,organcmnist_224,convnext,,7,0.0,42,my_merge,equal,/data/liyapeng_grp/program/MedMNISTMerge/outputs/my_merge_ablation_three_module_full_20260515_170100/full/eval/small/organcmnist_224/convnext/clients_7/beta_0/seed_42/my_merge/eval.json,True,390.57,0.06779454722492698,2.952209710610528,2026-05-16T03:26:42,
OK,small,organcmnist_224,convnext,,7,0.01,42,my_merge,equal,/data/liyapeng_grp/program/MedMNISTMerge/outputs/my_merge_ablation_three_module_full_20260515_170100/full/eval/small/organcmnist_224/convnext/clients_7/beta_0p01/seed_42/my_merge/eval.json,True,329.73,0.08483446932814022,11.263423005933307,2026-05-16T03:32:12,
OK,small,organcmnist_224,convnext,,7,0.1,42,my_merge,equal,/data/liyapeng_grp/program/MedMNISTMerge/outputs/my_merge_ablation_three_module_full_20260515_170100/full/eval/small/organcmnist_224/convnext/clients_7/beta_0p1/seed_42/my_merge/eval.json,True,357.79,0.09128529698149951,2.5502911858340434,2026-05-16T03:38:09,
OK,small,organcmnist_224,resnet,,3,0.0,42,my_merge,equal,/data/liyapeng_grp/program/MedMNISTMerge/outputs/my_merge_ablation_three_module_full_20260515_170100/full/eval/small/organcmnist_224/resnet/clients_3/beta_0/seed_42/my_merge/eval.json,True,273.1,0.34092015579357354,1.812173659520581,2026-05-16T03:42:43,
OK,small,organcmnist_224,resnet,,3,0.01,42,my_merge,equal,/data/liyapeng_grp/program/MedMNISTMerge/outputs/my_merge_ablation_three_module_full_20260515_170100/full/eval/small/organcmnist_224/resnet/clients_3/beta_0p01/seed_42/my_merge/eval.json,True,205.86,0.3546738072054528,1.8985836989923717,2026-05-16T03:46:08,
OK,small,organcmnist_224,resnet,,3,0.1,42,my_merge,equal,/data/liyapeng_grp/program/MedMNISTMerge/outputs/my_merge_ablation_three_module_full_20260515_170100/full/eval/small/organcmnist_224/resnet/clients_3/beta_0p1/seed_42/my_merge/eval.json,True,255.94,0.6649221032132424,1.0341376256571309,2026-05-16T03:50:24,
OK,small,organcmnist_224,resnet,,5,0.0,42,my_merge,equal,/data/liyapeng_grp/program/MedMNISTMerge/outputs/my_merge_ablation_three_module_full_20260515_170100/full/eval/small/organcmnist_224/resnet/clients_5/beta_0/seed_42/my_merge/eval.json,True,236.89,0.38668451801363196,2.0181668808768998,2026-05-16T03:54:21,
OK,small,organcmnist_224,resnet,,5,0.01,42,my_merge,equal,/data/liyapeng_grp/program/MedMNISTMerge/outputs/my_merge_ablation_three_module_full_20260515_170100/full/eval/small/organcmnist_224/resnet/clients_5/beta_0p01/seed_42/my_merge/eval.json,True,216.32,0.1733203505355404,2.4660045172014393,2026-05-16T03:57:58,
OK,small,organcmnist_224,resnet,,5,0.1,42,my_merge,equal,/data/liyapeng_grp/program/MedMNISTMerge/outputs/my_merge_ablation_three_module_full_20260515_170100/full/eval/small/organcmnist_224/resnet/clients_5/beta_0p1/seed_42/my_merge/eval.json,True,256.85,0.316333982473223,5.830605608578899,2026-05-16T04:02:14,
OK,small,organcmnist_224,resnet,,7,0.0,42,my_merge,equal,/data/liyapeng_grp/program/MedMNISTMerge/outputs/my_merge_ablation_three_module_full_20260515_170100/full/eval/small/organcmnist_224/resnet/clients_7/beta_0/seed_42/my_merge/eval.json,True,208.81,0.2370983446932814,2.4665432995459122,2026-05-16T04:05:43,
OK,small,organcmnist_224,resnet,,7,0.01,42,my_merge,equal,/data/liyapeng_grp/program/MedMNISTMerge/outputs/my_merge_ablation_three_module_full_20260515_170100/full/eval/small/organcmnist_224/resnet/clients_7/beta_0p01/seed_42/my_merge/eval.json,True,260.13,0.2059396299902629,2.3982990565759645,2026-05-16T04:10:03,
OK,small,organcmnist_224,resnet,,7,0.1,42,my_merge,equal,/data/liyapeng_grp/program/MedMNISTMerge/outputs/my_merge_ablation_three_module_full_20260515_170100/full/eval/small/organcmnist_224/resnet/clients_7/beta_0p1/seed_42/my_merge/eval.json,True,211.05,0.16881694255111976,2.855818814172717,2026-05-16T04:13:34,
OK,small,organcmnist_224,swin_tiny,,3,0.0,42,my_merge,equal,/data/liyapeng_grp/program/MedMNISTMerge/outputs/my_merge_ablation_three_module_full_20260515_170100/full/eval/small/organcmnist_224/swin_tiny/clients_3/beta_0/seed_42/my_merge/eval.json,True,297.22,0.06779454722492698,2.6682487868984115,2026-05-16T04:18:32,
OK,small,organcmnist_224,swin_tiny,,3,0.01,42,my_merge,equal,/data/liyapeng_grp/program/MedMNISTMerge/outputs/my_merge_ablation_three_module_full_20260515_170100/full/eval/small/organcmnist_224/swin_tiny/clients_3/beta_0p01/seed_42/my_merge/eval.json,True,267.13,0.31134371957156765,2.1944636239977635,2026-05-16T04:22:59,
OK,small,organcmnist_224,swin_tiny,,3,0.1,42,my_merge,equal,/data/liyapeng_grp/program/MedMNISTMerge/outputs/my_merge_ablation_three_module_full_20260515_170100/full/eval/small/organcmnist_224/swin_tiny/clients_3/beta_0p1/seed_42/my_merge/eval.json,True,258.94,0.08945959104186953,4.367648502635863,2026-05-16T04:27:18,
OK,small,organcmnist_224,swin_tiny,,5,0.0,42,my_merge,equal,/data/liyapeng_grp/program/MedMNISTMerge/outputs/my_merge_ablation_three_module_full_20260515_170100/full/eval/small/organcmnist_224/swin_tiny/clients_5/beta_0/seed_42/my_merge/eval.json,True,268.63,0.15092502434274585,2.4020122462609725,2026-05-16T04:31:46,
OK,small,organcmnist_224,swin_tiny,,5,0.01,42,my_merge,equal,/data/liyapeng_grp/program/MedMNISTMerge/outputs/my_merge_ablation_three_module_full_20260515_170100/full/eval/small/organcmnist_224/swin_tiny/clients_5/beta_0p01/seed_42/my_merge/eval.json,True,269.25,0.06779454722492698,2.50015606434459,2026-05-16T04:36:16,
OK,small,organcmnist_224,swin_tiny,,5,0.1,42,my_merge,equal,/data/liyapeng_grp/program/MedMNISTMerge/outputs/my_merge_ablation_three_module_full_20260515_170100/full/eval/small/organcmnist_224/swin_tiny/clients_5/beta_0p1/seed_42/my_merge/eval.json,True,262.8,0.09128529698149951,2.4565138480215247,2026-05-16T04:40:38,
OK,small,organcmnist_224,swin_tiny,,7,0.0,42,my_merge,equal,/data/liyapeng_grp/program/MedMNISTMerge/outputs/my_merge_ablation_three_module_full_20260515_170100/full/eval/small/organcmnist_224/swin_tiny/clients_7/beta_0/seed_42/my_merge/eval.json,True,279.02,0.06779454722492698,2.5070205287320473,2026-05-16T04:45:17,
OK,small,organcmnist_224,swin_tiny,,7,0.01,42,my_merge,equal,/data/liyapeng_grp/program/MedMNISTMerge/outputs/my_merge_ablation_three_module_full_20260515_170100/full/eval/small/organcmnist_224/swin_tiny/clients_7/beta_0p01/seed_42/my_merge/eval.json,True,278.27,0.1515335929892892,2.346776083822724,2026-05-16T04:49:56,
OK,small,organcmnist_224,swin_tiny,,7,0.1,42,my_merge,equal,/data/liyapeng_grp/program/MedMNISTMerge/outputs/my_merge_ablation_three_module_full_20260515_170100/full/eval/small/organcmnist_224/swin_tiny/clients_7/beta_0p1/seed_42/my_merge/eval.json,True,279.81,0.09128529698149951,2.5335692170764363,2026-05-16T04:54:36,
OK,small,organcmnist_224,vit_t,,3,0.0,42,my_merge,equal,/data/liyapeng_grp/program/MedMNISTMerge/outputs/my_merge_ablation_three_module_full_20260515_170100/full/eval/small/organcmnist_224/vit_t/clients_3/beta_0/seed_42/my_merge/eval.json,True,227.84,0.1952288218111003,3.086449508657706,2026-05-16T04:58:23,
OK,small,organcmnist_224,vit_t,,3,0.01,42,my_merge,equal,/data/liyapeng_grp/program/MedMNISTMerge/outputs/my_merge_ablation_three_module_full_20260515_170100/full/eval/small/organcmnist_224/vit_t/clients_3/beta_0p01/seed_42/my_merge/eval.json,True,227.68,0.17027750730282376,2.6958373201160377,2026-05-16T05:02:11,
OK,small,organcmnist_224,vit_t,,3,0.1,42,my_merge,equal,/data/liyapeng_grp/program/MedMNISTMerge/outputs/my_merge_ablation_three_module_full_20260515_170100/full/eval/small/organcmnist_224/vit_t/clients_3/beta_0p1/seed_42/my_merge/eval.json,True,227.95,0.13242453748782862,2.6101633160580913,2026-05-16T05:05:59,
OK,small,organcmnist_224,vit_t,,5,0.0,42,my_merge,equal,/data/liyapeng_grp/program/MedMNISTMerge/outputs/my_merge_ablation_three_module_full_20260515_170100/full/eval/small/organcmnist_224/vit_t/clients_5/beta_0/seed_42/my_merge/eval.json,True,243.3,0.1554284323271665,2.8560245441020755,2026-05-16T05:10:02,
OK,small,organcmnist_224,vit_t,,5,0.01,42,my_merge,equal,/data/liyapeng_grp/program/MedMNISTMerge/outputs/my_merge_ablation_three_module_full_20260515_170100/full/eval/small/organcmnist_224/vit_t/clients_5/beta_0p01/seed_42/my_merge/eval.json,True,243.16,0.12049659201557936,9.345946939685676,2026-05-16T05:14:05,
OK,small,organcmnist_224,vit_t,,5,0.1,42,my_merge,equal,/data/liyapeng_grp/program/MedMNISTMerge/outputs/my_merge_ablation_three_module_full_20260515_170100/full/eval/small/organcmnist_224/vit_t/clients_5/beta_0p1/seed_42/my_merge/eval.json,True,242.55,0.19498539435248297,6.253041799948301,2026-05-16T05:18:08,
OK,small,organcmnist_224,vit_t,,7,0.0,42,my_merge,equal,/data/liyapeng_grp/program/MedMNISTMerge/outputs/my_merge_ablation_three_module_full_20260515_170100/full/eval/small/organcmnist_224/vit_t/clients_7/beta_0/seed_42/my_merge/eval.json,True,259.39,0.2203018500486855,2.503376842821933,2026-05-16T05:22:27,
OK,small,organcmnist_224,vit_t,,7,0.01,42,my_merge,equal,/data/liyapeng_grp/program/MedMNISTMerge/outputs/my_merge_ablation_three_module_full_20260515_170100/full/eval/small/organcmnist_224/vit_t/clients_7/beta_0p01/seed_42/my_merge/eval.json,True,258.7,0.19255111976630965,2.404481347138833,2026-05-16T05:26:46,
OK,small,organcmnist_224,vit_t,,7,0.1,42,my_merge,equal,/data/liyapeng_grp/program/MedMNISTMerge/outputs/my_merge_ablation_three_module_full_20260515_170100/full/eval/small/organcmnist_224/vit_t/clients_7/beta_0p1/seed_42/my_merge/eval.json,True,259.48,0.15396786757546252,2.4203365069633564,2026-05-16T05:31:06,
OK,small,organsmnist_224,convnext,,3,0.0,42,my_merge,equal,/data/liyapeng_grp/program/MedMNISTMerge/outputs/my_merge_ablation_three_module_full_20260515_170100/full/eval/small/organsmnist_224/convnext/clients_3/beta_0/seed_42/my_merge/eval.json,True,221.54,0.23541407046561685,2.399049138974209,2026-05-16T05:34:47,
OK,small,organsmnist_224,convnext,,3,0.01,42,my_merge,equal,/data/liyapeng_grp/program/MedMNISTMerge/outputs/my_merge_ablation_three_module_full_20260515_170100/full/eval/small/organsmnist_224/convnext/clients_3/beta_0p01/seed_42/my_merge/eval.json,True,221.96,0.23541407046561685,3.0272522002367412,2026-05-16T05:38:29,
OK,small,organsmnist_224,convnext,,3,0.1,42,my_merge,equal,/data/liyapeng_grp/program/MedMNISTMerge/outputs/my_merge_ablation_three_module_full_20260515_170100/full/eval/small/organsmnist_224/convnext/clients_3/beta_0p1/seed_42/my_merge/eval.json,True,221.09,0.23541407046561685,2.5329651507108277,2026-05-16T05:42:10,
OK,small,organsmnist_224,convnext,,5,0.0,42,my_merge,equal,/data/liyapeng_grp/program/MedMNISTMerge/outputs/my_merge_ablation_three_module_full_20260515_170100/full/eval/small/organsmnist_224/convnext/clients_5/beta_0/seed_42/my_merge/eval.json,True,240.64,0.15214682224991502,3.5179502821406192,2026-05-16T05:46:11,
OK,small,organsmnist_224,convnext,,5,0.01,42,my_merge,equal,/data/liyapeng_grp/program/MedMNISTMerge/outputs/my_merge_ablation_three_module_full_20260515_170100/full/eval/small/organsmnist_224/convnext/clients_5/beta_0p01/seed_42/my_merge/eval.json,True,238.55,0.057777274272119636,12.734006379325109,2026-05-16T05:50:09,
OK,small,organsmnist_224,convnext,,5,0.1,42,my_merge,equal,/data/liyapeng_grp/program/MedMNISTMerge/outputs/my_merge_ablation_three_module_full_20260515_170100/full/eval/small/organsmnist_224/convnext/clients_5/beta_0p1/seed_42/my_merge/eval.json,True,239.38,0.23541407046561685,2.749561117529207,2026-05-16T05:54:09,
OK,small,organsmnist_224,convnext,,7,0.0,42,my_merge,equal,/data/liyapeng_grp/program/MedMNISTMerge/outputs/my_merge_ablation_three_module_full_20260515_170100/full/eval/small/organsmnist_224/convnext/clients_7/beta_0/seed_42/my_merge/eval.json,True,257.82,0.26724821570182394,2.607087028894957,2026-05-16T05:58:27,
OK,small,organsmnist_224,convnext,,7,0.01,42,my_merge,equal,/data/liyapeng_grp/program/MedMNISTMerge/outputs/my_merge_ablation_three_module_full_20260515_170100/full/eval/small/organsmnist_224/convnext/clients_7/beta_0p01/seed_42/my_merge/eval.json,True,258.12,0.23541407046561685,2.353038352195115,2026-05-16T06:02:45,
OK,small,organsmnist_224,convnext,,7,0.1,42,my_merge,equal,/data/liyapeng_grp/program/MedMNISTMerge/outputs/my_merge_ablation_three_module_full_20260515_170100/full/eval/small/organsmnist_224/convnext/clients_7/beta_0p1/seed_42/my_merge/eval.json,True,257.57,0.15214682224991502,4.8973245934585465,2026-05-16T06:07:02,
OK,small,organsmnist_224,resnet,,3,0.0,42,my_merge,equal,/data/liyapeng_grp/program/MedMNISTMerge/outputs/my_merge_ablation_three_module_full_20260515_170100/full/eval/small/organsmnist_224/resnet/clients_3/beta_0/seed_42/my_merge/eval.json,True,177.09,0.42143423586722556,2.482797041260212,2026-05-16T06:09:59,
OK,small,organsmnist_224,resnet,,3,0.01,42,my_merge,equal,/data/liyapeng_grp/program/MedMNISTMerge/outputs/my_merge_ablation_three_module_full_20260515_170100/full/eval/small/organsmnist_224/resnet/clients_3/beta_0p01/seed_42/my_merge/eval.json,True,177.18,0.3022544465843435,3.5561486337710795,2026-05-16T06:12:57,
OK,small,organsmnist_224,resnet,,3,0.1,42,my_merge,equal,/data/liyapeng_grp/program/MedMNISTMerge/outputs/my_merge_ablation_three_module_full_20260515_170100/full/eval/small/organsmnist_224/resnet/clients_3/beta_0p1/seed_42/my_merge/eval.json,True,176.91,0.5489973943582191,1.8588485955327692,2026-05-16T06:15:54,
OK,small,organsmnist_224,resnet,,5,0.0,42,my_merge,equal,/data/liyapeng_grp/program/MedMNISTMerge/outputs/my_merge_ablation_three_module_full_20260515_170100/full/eval/small/organsmnist_224/resnet/clients_5/beta_0/seed_42/my_merge/eval.json,True,193.6,0.322986292058457,2.1458340694048914,2026-05-16T06:19:07,
OK,small,organsmnist_224,resnet,,5,0.01,42,my_merge,equal,/data/liyapeng_grp/program/MedMNISTMerge/outputs/my_merge_ablation_three_module_full_20260515_170100/full/eval/small/organsmnist_224/resnet/clients_5/beta_0p01/seed_42/my_merge/eval.json,True,193.95,0.3190211850005664,2.2893466560516753,2026-05-16T06:22:21,
OK,small,organsmnist_224,resnet,,5,0.1,42,my_merge,equal,/data/liyapeng_grp/program/MedMNISTMerge/outputs/my_merge_ablation_three_module_full_20260515_170100/full/eval/small/organsmnist_224/resnet/clients_5/beta_0p1/seed_42/my_merge/eval.json,True,194.36,0.3238926022431177,6.295585259800253,2026-05-16T06:25:35,
OK,small,organsmnist_224,resnet,,7,0.0,42,my_merge,equal,/data/liyapeng_grp/program/MedMNISTMerge/outputs/my_merge_ablation_three_module_full_20260515_170100/full/eval/small/organsmnist_224/resnet/clients_7/beta_0/seed_42/my_merge/eval.json,True,210.72,0.3131301688002719,2.2910585500678917,2026-05-16T06:29:06,
OK,small,organsmnist_224,resnet,,7,0.01,42,my_merge,equal,/data/liyapeng_grp/program/MedMNISTMerge/outputs/my_merge_ablation_three_module_full_20260515_170100/full/eval/small/organsmnist_224/resnet/clients_7/beta_0p01/seed_42/my_merge/eval.json,True,210.77,0.22465163702277105,2.52483507989149,2026-05-16T06:32:37,
OK,small,organsmnist_224,resnet,,7,0.1,42,my_merge,equal,/data/liyapeng_grp/program/MedMNISTMerge/outputs/my_merge_ablation_three_module_full_20260515_170100/full/eval/small/organsmnist_224/resnet/clients_7/beta_0p1/seed_42/my_merge/eval.json,True,210.87,0.30746573014614254,7.3746498450831,2026-05-16T06:36:08,
OK,small,organsmnist_224,swin_tiny,,3,0.0,42,my_merge,equal,/data/liyapeng_grp/program/MedMNISTMerge/outputs/my_merge_ablation_three_module_full_20260515_170100/full/eval/small/organsmnist_224/swin_tiny/clients_3/beta_0/seed_42/my_merge/eval.json,True,258.85,0.15214682224991502,6.591757765115557,2026-05-16T06:40:27,
OK,small,organsmnist_224,swin_tiny,,3,0.01,42,my_merge,equal,/data/liyapeng_grp/program/MedMNISTMerge/outputs/my_merge_ablation_three_module_full_20260515_170100/full/eval/small/organsmnist_224/swin_tiny/clients_3/beta_0p01/seed_42/my_merge/eval.json,True,257.68,0.19757562025603262,2.5499332429761186,2026-05-16T06:44:44,
OK,small,organsmnist_224,swin_tiny,,3,0.1,42,my_merge,equal,/data/liyapeng_grp/program/MedMNISTMerge/outputs/my_merge_ablation_three_module_full_20260515_170100/full/eval/small/organsmnist_224/swin_tiny/clients_3/beta_0p1/seed_42/my_merge/eval.json,True,257.8,0.3423586722555795,2.3498656016399817,2026-05-16T06:49:02,
OK,small,organsmnist_224,swin_tiny,,5,0.0,42,my_merge,equal,/data/liyapeng_grp/program/MedMNISTMerge/outputs/my_merge_ablation_three_module_full_20260515_170100/full/eval/small/organsmnist_224/swin_tiny/clients_5/beta_0/seed_42/my_merge/eval.json,True,277.43,0.21717457799932027,2.6811797243154802,2026-05-16T06:53:40,
OK,small,organsmnist_224,swin_tiny,,5,0.01,42,my_merge,equal,/data/liyapeng_grp/program/MedMNISTMerge/outputs/my_merge_ablation_three_module_full_20260515_170100/full/eval/small/organsmnist_224/swin_tiny/clients_5/beta_0p01/seed_42/my_merge/eval.json,True,278.28,0.24379743967372833,2.2939395589062483,2026-05-16T06:58:18,
OK,small,organsmnist_224,swin_tiny,,5,0.1,42,my_merge,equal,/data/liyapeng_grp/program/MedMNISTMerge/outputs/my_merge_ablation_three_module_full_20260515_170100/full/eval/small/organsmnist_224/swin_tiny/clients_5/beta_0p1/seed_42/my_merge/eval.json,True,278.29,0.1987085079868585,5.055320395636804,2026-05-16T07:02:56,
OK,small,organsmnist_224,swin_tiny,,7,0.0,42,my_merge,equal,/data/liyapeng_grp/program/MedMNISTMerge/outputs/my_merge_ablation_three_module_full_20260515_170100/full/eval/small/organsmnist_224/swin_tiny/clients_7/beta_0/seed_42/my_merge/eval.json,True,296.34,0.12858275744873682,2.9014685391650485,2026-05-16T07:07:52,
OK,small,organsmnist_224,swin_tiny,,7,0.01,42,my_merge,equal,/data/liyapeng_grp/program/MedMNISTMerge/outputs/my_merge_ablation_three_module_full_20260515_170100/full/eval/small/organsmnist_224/swin_tiny/clients_7/beta_0p01/seed_42/my_merge/eval.json,True,296.39,0.18749291945168234,2.568110337381092,2026-05-16T07:12:49,
OK,small,organsmnist_224,swin_tiny,,7,0.1,42,my_merge,equal,/data/liyapeng_grp/program/MedMNISTMerge/outputs/my_merge_ablation_three_module_full_20260515_170100/full/eval/small/organsmnist_224/swin_tiny/clients_7/beta_0p1/seed_42/my_merge/eval.json,True,296.12,0.30066840376118725,1.9443127529070388,2026-05-16T07:17:45,
OK,small,organsmnist_224,vit_t,,3,0.0,42,my_merge,equal,/data/liyapeng_grp/program/MedMNISTMerge/outputs/my_merge_ablation_three_module_full_20260515_170100/full/eval/small/organsmnist_224/vit_t/clients_3/beta_0/seed_42/my_merge/eval.json,True,243.91,0.15849099354253993,6.99083144610474,2026-05-16T07:21:49,
OK,small,organsmnist_224,vit_t,,3,0.01,42,my_merge,equal,/data/liyapeng_grp/program/MedMNISTMerge/outputs/my_merge_ablation_three_module_full_20260515_170100/full/eval/small/organsmnist_224/vit_t/clients_3/beta_0p01/seed_42/my_merge/eval.json,True,242.53,0.29375778860314944,2.5581989548167705,2026-05-16T07:25:51,
OK,small,organsmnist_224,vit_t,,3,0.1,42,my_merge,equal,/data/liyapeng_grp/program/MedMNISTMerge/outputs/my_merge_ablation_three_module_full_20260515_170100/full/eval/small/organsmnist_224/vit_t/clients_3/beta_0p1/seed_42/my_merge/eval.json,True,243.08,0.27461198595219216,2.3708191853600287,2026-05-16T07:29:55,
OK,small,organsmnist_224,vit_t,,5,0.0,42,my_merge,equal,/data/liyapeng_grp/program/MedMNISTMerge/outputs/my_merge_ablation_three_module_full_20260515_170100/full/eval/small/organsmnist_224/vit_t/clients_5/beta_0/seed_42/my_merge/eval.json,True,259.24,0.2431177070352328,3.31853417565845,2026-05-16T07:34:14,
OK,small,organsmnist_224,vit_t,,5,0.01,42,my_merge,equal,/data/liyapeng_grp/program/MedMNISTMerge/outputs/my_merge_ablation_three_module_full_20260515_170100/full/eval/small/organsmnist_224/vit_t/clients_5/beta_0p01/seed_42/my_merge/eval.json,True,259.13,0.16540160870057777,2.652760837063779,2026-05-16T07:38:33,
OK,small,organsmnist_224,vit_t,,5,0.1,42,my_merge,equal,/data/liyapeng_grp/program/MedMNISTMerge/outputs/my_merge_ablation_three_module_full_20260515_170100/full/eval/small/organsmnist_224/vit_t/clients_5/beta_0p1/seed_42/my_merge/eval.json,True,259.33,0.2656621728786677,2.4719196515997877,2026-05-16T07:42:52,
OK,small,organsmnist_224,vit_t,,7,0.0,42,my_merge,equal,/data/liyapeng_grp/program/MedMNISTMerge/outputs/my_merge_ablation_three_module_full_20260515_170100/full/eval/small/organsmnist_224/vit_t/clients_7/beta_0/seed_42/my_merge/eval.json,True,275.63,0.31516936671575846,2.5495187553690126,2026-05-16T07:47:28,
OK,small,organsmnist_224,vit_t,,7,0.01,42,my_merge,equal,/data/liyapeng_grp/program/MedMNISTMerge/outputs/my_merge_ablation_three_module_full_20260515_170100/full/eval/small/organsmnist_224/vit_t/clients_7/beta_0p01/seed_42/my_merge/eval.json,True,275.01,0.35448057097541635,2.5593349945508734,2026-05-16T07:52:03,
OK,small,organsmnist_224,vit_t,,7,0.1,42,my_merge,equal,/data/liyapeng_grp/program/MedMNISTMerge/outputs/my_merge_ablation_three_module_full_20260515_170100/full/eval/small/organsmnist_224/vit_t/clients_7/beta_0p1/seed_42/my_merge/eval.json,True,274.92,0.23711340206185566,2.2103953945200536,2026-05-16T07:56:38,
OK,vlm,bloodmnist_224,,openai/clip-vit-base-patch32,3,0.0,42,my_merge,equal,/data/liyapeng_grp/program/MedMNISTMerge/outputs/my_merge_ablation_three_module_full_20260515_170100/full/eval/vlm/bloodmnist_224/clip-vit-base-patch32/clients_3/beta_0/seed_42/my_merge/eval.json,True,417.85,0.3332358959368606,10.322770010271604,2026-05-16T08:03:42,
OK,vlm,bloodmnist_224,,openai/clip-vit-base-patch32,3,0.01,42,my_merge,equal,/data/liyapeng_grp/program/MedMNISTMerge/outputs/my_merge_ablation_three_module_full_20260515_170100/full/eval/vlm/bloodmnist_224/clip-vit-base-patch32/clients_3/beta_0p01/seed_42/my_merge/eval.json,True,417.54,0.3311897106109325,9.159851843625681,2026-05-16T08:10:39,
OK,vlm,bloodmnist_224,,openai/clip-vit-base-patch32,3,0.1,42,my_merge,equal,/data/liyapeng_grp/program/MedMNISTMerge/outputs/my_merge_ablation_three_module_full_20260515_170100/full/eval/vlm/bloodmnist_224/clip-vit-base-patch32/clients_3/beta_0p1/seed_42/my_merge/eval.json,True,411.12,0.5878398129201988,4.443991933291295,2026-05-16T08:17:30,
OK,vlm,bloodmnist_224,,openai/clip-vit-base-patch32,5,0.0,42,my_merge,equal,/data/liyapeng_grp/program/MedMNISTMerge/outputs/my_merge_ablation_three_module_full_20260515_170100/full/eval/vlm/bloodmnist_224/clip-vit-base-patch32/clients_5/beta_0/seed_42/my_merge/eval.json,True,484.25,0.19467991815258695,11.466103613150116,2026-05-16T08:25:34,
OK,vlm,bloodmnist_224,,openai/clip-vit-base-patch32,5,0.01,42,my_merge,equal,/data/liyapeng_grp/program/MedMNISTMerge/outputs/my_merge_ablation_three_module_full_20260515_170100/full/eval/vlm/bloodmnist_224/clip-vit-base-patch32/clients_5/beta_0p01/seed_42/my_merge/eval.json,True,513.64,0.40865244080678165,9.312736850215552,2026-05-16T08:34:08,
OK,vlm,bloodmnist_224,,openai/clip-vit-base-patch32,5,0.1,42,my_merge,equal,/data/liyapeng_grp/program/MedMNISTMerge/outputs/my_merge_ablation_three_module_full_20260515_170100/full/eval/vlm/bloodmnist_224/clip-vit-base-patch32/clients_5/beta_0p1/seed_42/my_merge/eval.json,True,490.82,0.6468868751826952,3.9848438446649297,2026-05-16T08:42:19,
OK,vlm,bloodmnist_224,,openai/clip-vit-base-patch32,7,0.0,42,my_merge,equal,/data/liyapeng_grp/program/MedMNISTMerge/outputs/my_merge_ablation_three_module_full_20260515_170100/full/eval/vlm/bloodmnist_224/clip-vit-base-patch32/clients_7/beta_0/seed_42/my_merge/eval.json,True,672.21,0.19467991815258695,13.08349859488007,2026-05-16T08:53:31,
OK,vlm,bloodmnist_224,,openai/clip-vit-base-patch32,7,0.01,42,my_merge,equal,/data/liyapeng_grp/program/MedMNISTMerge/outputs/my_merge_ablation_three_module_full_20260515_170100/full/eval/vlm/bloodmnist_224/clip-vit-base-patch32/clients_7/beta_0p01/seed_42/my_merge/eval.json,True,574.11,0.3905290850628471,7.9498074239403556,2026-05-16T09:03:05,
OK,vlm,bloodmnist_224,,openai/clip-vit-base-patch32,7,0.1,42,my_merge,equal,/data/liyapeng_grp/program/MedMNISTMerge/outputs/my_merge_ablation_three_module_full_20260515_170100/full/eval/vlm/bloodmnist_224/clip-vit-base-patch32/clients_7/beta_0p1/seed_42/my_merge/eval.json,True,665.69,0.6106401636948261,4.848553325794692,2026-05-16T09:14:11,
OK,vlm,chaoshengmnist_224,,openai/clip-vit-base-patch32,3,0.0,42,my_merge,equal,/data/liyapeng_grp/program/MedMNISTMerge/outputs/my_merge_ablation_three_module_full_20260515_170100/full/eval/vlm/chaoshengmnist_224/clip-vit-base-patch32/clients_3/beta_0/seed_42/my_merge/eval.json,True,86.11,0.18508535489667566,7.653802888841106,2026-05-16T09:15:37,
OK,vlm,chaoshengmnist_224,,openai/clip-vit-base-patch32,3,0.01,42,my_merge,equal,/data/liyapeng_grp/program/MedMNISTMerge/outputs/my_merge_ablation_three_module_full_20260515_170100/full/eval/vlm/chaoshengmnist_224/clip-vit-base-patch32/clients_3/beta_0p01/seed_42/my_merge/eval.json,True,74.46,0.1087151841868823,5.762418709246831,2026-05-16T09:16:52,
OK,vlm,chaoshengmnist_224,,openai/clip-vit-base-patch32,3,0.1,42,my_merge,equal,/data/liyapeng_grp/program/MedMNISTMerge/outputs/my_merge_ablation_three_module_full_20260515_170100/full/eval/vlm/chaoshengmnist_224/clip-vit-base-patch32/clients_3/beta_0p1/seed_42/my_merge/eval.json,True,71.8,0.1734052111410602,9.047076038915835,2026-05-16T09:18:03,
OK,vlm,chaoshengmnist_224,,openai/clip-vit-base-patch32,5,0.0,42,my_merge,equal,/data/liyapeng_grp/program/MedMNISTMerge/outputs/my_merge_ablation_three_module_full_20260515_170100/full/eval/vlm/chaoshengmnist_224/clip-vit-base-patch32/clients_5/beta_0/seed_42/my_merge/eval.json,True,85.04,0.1087151841868823,4.376200739799699,2026-05-16T09:19:28,
OK,vlm,chaoshengmnist_224,,openai/clip-vit-base-patch32,5,0.01,42,my_merge,equal,/data/liyapeng_grp/program/MedMNISTMerge/outputs/my_merge_ablation_three_module_full_20260515_170100/full/eval/vlm/chaoshengmnist_224/clip-vit-base-patch32/clients_5/beta_0p01/seed_42/my_merge/eval.json,True,81.24,0.11859838274932614,3.451947734041034,2026-05-16T09:20:50,
OK,vlm,chaoshengmnist_224,,openai/clip-vit-base-patch32,5,0.1,42,my_merge,equal,/data/liyapeng_grp/program/MedMNISTMerge/outputs/my_merge_ablation_three_module_full_20260515_170100/full/eval/vlm/chaoshengmnist_224/clip-vit-base-patch32/clients_5/beta_0p1/seed_42/my_merge/eval.json,True,83.59,0.1087151841868823,2.703869487076114,2026-05-16T09:22:13,
OK,vlm,chaoshengmnist_224,,openai/clip-vit-base-patch32,7,0.0,42,my_merge,equal,/data/liyapeng_grp/program/MedMNISTMerge/outputs/my_merge_ablation_three_module_full_20260515_170100/full/eval/vlm/chaoshengmnist_224/clip-vit-base-patch32/clients_7/beta_0/seed_42/my_merge/eval.json,True,90.81,0.11949685534591195,3.7294632332451365,2026-05-16T09:23:44,
OK,vlm,chaoshengmnist_224,,openai/clip-vit-base-patch32,7,0.01,42,my_merge,equal,/data/liyapeng_grp/program/MedMNISTMerge/outputs/my_merge_ablation_three_module_full_20260515_170100/full/eval/vlm/chaoshengmnist_224/clip-vit-base-patch32/clients_7/beta_0p01/seed_42/my_merge/eval.json,True,99.68,0.18238993710691823,8.956765499611963,2026-05-16T09:25:24,
OK,vlm,chaoshengmnist_224,,openai/clip-vit-base-patch32,7,0.1,42,my_merge,equal,/data/liyapeng_grp/program/MedMNISTMerge/outputs/my_merge_ablation_three_module_full_20260515_170100/full/eval/vlm/chaoshengmnist_224/clip-vit-base-patch32/clients_7/beta_0p1/seed_42/my_merge/eval.json,True,106.24,0.16891284815813118,6.017810422240991,2026-05-16T09:27:10,
OK,vlm,dermamnist_224,,openai/clip-vit-base-patch32,3,0.0,42,my_merge,equal,/data/liyapeng_grp/program/MedMNISTMerge/outputs/my_merge_ablation_three_module_full_20260515_170100/full/eval/vlm/dermamnist_224/clip-vit-base-patch32/clients_3/beta_0/seed_42/my_merge/eval.json,True,301.19,0.6758104738154613,6.005064158784481,2026-05-16T09:32:11,
OK,vlm,dermamnist_224,,openai/clip-vit-base-patch32,3,0.01,42,my_merge,equal,/data/liyapeng_grp/program/MedMNISTMerge/outputs/my_merge_ablation_three_module_full_20260515_170100/full/eval/vlm/dermamnist_224/clip-vit-base-patch32/clients_3/beta_0p01/seed_42/my_merge/eval.json,True,296.91,0.6872817955112219,4.832795460622507,2026-05-16T09:37:08,
OK,vlm,dermamnist_224,,openai/clip-vit-base-patch32,3,0.1,42,my_merge,equal,/data/liyapeng_grp/program/MedMNISTMerge/outputs/my_merge_ablation_three_module_full_20260515_170100/full/eval/vlm/dermamnist_224/clip-vit-base-patch32/clients_3/beta_0p1/seed_42/my_merge/eval.json,True,293.05,0.6997506234413965,1.362926821934612,2026-05-16T09:42:01,
OK,vlm,dermamnist_224,,openai/clip-vit-base-patch32,5,0.0,42,my_merge,equal,/data/liyapeng_grp/program/MedMNISTMerge/outputs/my_merge_ablation_three_module_full_20260515_170100/full/eval/vlm/dermamnist_224/clip-vit-base-patch32/clients_5/beta_0/seed_42/my_merge/eval.json,True,329.19,0.6693266832917706,5.999141838663534,2026-05-16T09:47:30,
OK,vlm,dermamnist_224,,openai/clip-vit-base-patch32,5,0.01,42,my_merge,equal,/data/liyapeng_grp/program/MedMNISTMerge/outputs/my_merge_ablation_three_module_full_20260515_170100/full/eval/vlm/dermamnist_224/clip-vit-base-patch32/clients_5/beta_0p01/seed_42/my_merge/eval.json,True,325.2,0.6957605985037406,3.706640212613151,2026-05-16T09:52:56,
OK,vlm,dermamnist_224,,openai/clip-vit-base-patch32,5,0.1,42,my_merge,equal,/data/liyapeng_grp/program/MedMNISTMerge/outputs/my_merge_ablation_three_module_full_20260515_170100/full/eval/vlm/dermamnist_224/clip-vit-base-patch32/clients_5/beta_0p1/seed_42/my_merge/eval.json,True,324.9,0.6688279301745635,2.0398539785137797,2026-05-16T09:58:20,
OK,vlm,dermamnist_224,,openai/clip-vit-base-patch32,7,0.0,42,my_merge,equal,/data/liyapeng_grp/program/MedMNISTMerge/outputs/my_merge_ablation_three_module_full_20260515_170100/full/eval/vlm/dermamnist_224/clip-vit-base-patch32/clients_7/beta_0/seed_42/my_merge/eval.json,True,355.21,0.6688279301745635,5.180405043366544,2026-05-16T10:04:16,
OK,vlm,dermamnist_224,,openai/clip-vit-base-patch32,7,0.01,42,my_merge,equal,/data/liyapeng_grp/program/MedMNISTMerge/outputs/my_merge_ablation_three_module_full_20260515_170100/full/eval/vlm/dermamnist_224/clip-vit-base-patch32/clients_7/beta_0p01/seed_42/my_merge/eval.json,True,362.62,0.6688279301745635,2.8757031802227373,2026-05-16T10:10:18,
OK,vlm,dermamnist_224,,openai/clip-vit-base-patch32,7,0.1,42,my_merge,equal,/data/liyapeng_grp/program/MedMNISTMerge/outputs/my_merge_ablation_three_module_full_20260515_170100/full/eval/vlm/dermamnist_224/clip-vit-base-patch32/clients_7/beta_0p1/seed_42/my_merge/eval.json,True,357.42,0.6678304239401496,1.6711877532730672,2026-05-16T10:16:16,
OK,vlm,organcmnist_224,,openai/clip-vit-base-patch32,3,0.0,42,my_merge,equal,/data/liyapeng_grp/program/MedMNISTMerge/outputs/my_merge_ablation_three_module_full_20260515_170100/full/eval/vlm/organcmnist_224/clip-vit-base-patch32/clients_3/beta_0/seed_42/my_merge/eval.json,True,232.37,0.2671616358325219,10.596808672183444,2026-05-16T10:20:08,
OK,vlm,organcmnist_224,,openai/clip-vit-base-patch32,3,0.01,42,my_merge,equal,/data/liyapeng_grp/program/MedMNISTMerge/outputs/my_merge_ablation_three_module_full_20260515_170100/full/eval/vlm/organcmnist_224/clip-vit-base-patch32/clients_3/beta_0p01/seed_42/my_merge/eval.json,True,233.84,0.5527020447906524,5.437753789264712,2026-05-16T10:24:02,
OK,vlm,organcmnist_224,,openai/clip-vit-base-patch32,3,0.1,42,my_merge,equal,/data/liyapeng_grp/program/MedMNISTMerge/outputs/my_merge_ablation_three_module_full_20260515_170100/full/eval/vlm/organcmnist_224/clip-vit-base-patch32/clients_3/beta_0p1/seed_42/my_merge/eval.json,True,233.51,0.6189143135345667,3.0455578320678742,2026-05-16T10:27:55,
OK,vlm,organcmnist_224,,openai/clip-vit-base-patch32,5,0.0,42,my_merge,equal,/data/liyapeng_grp/program/MedMNISTMerge/outputs/my_merge_ablation_three_module_full_20260515_170100/full/eval/vlm/organcmnist_224/clip-vit-base-patch32/clients_5/beta_0/seed_42/my_merge/eval.json,True,256.14,0.37366114897760466,12.318472916102571,2026-05-16T10:32:12,
OK,vlm,organcmnist_224,,openai/clip-vit-base-patch32,5,0.01,42,my_merge,equal,/data/liyapeng_grp/program/MedMNISTMerge/outputs/my_merge_ablation_three_module_full_20260515_170100/full/eval/vlm/organcmnist_224/clip-vit-base-patch32/clients_5/beta_0p01/seed_42/my_merge/eval.json,True,254.12,0.12743427458617332,15.13539960205613,2026-05-16T10:36:26,
OK,vlm,organcmnist_224,,openai/clip-vit-base-patch32,5,0.1,42,my_merge,equal,/data/liyapeng_grp/program/MedMNISTMerge/outputs/my_merge_ablation_three_module_full_20260515_170100/full/eval/vlm/organcmnist_224/clip-vit-base-patch32/clients_5/beta_0p1/seed_42/my_merge/eval.json,True,254.4,0.5417478091528725,3.3781202438395352,2026-05-16T10:40:40,
OK,vlm,organcmnist_224,,openai/clip-vit-base-patch32,7,0.0,42,my_merge,equal,/data/liyapeng_grp/program/MedMNISTMerge/outputs/my_merge_ablation_three_module_full_20260515_170100/full/eval/vlm/organcmnist_224/clip-vit-base-patch32/clients_7/beta_0/seed_42/my_merge/eval.json,True,286.41,0.18269230769230768,17.696684697122397,2026-05-16T10:45:27,
OK,vlm,organcmnist_224,,openai/clip-vit-base-patch32,7,0.01,42,my_merge,equal,/data/liyapeng_grp/program/MedMNISTMerge/outputs/my_merge_ablation_three_module_full_20260515_170100/full/eval/vlm/organcmnist_224/clip-vit-base-patch32/clients_7/beta_0p01/seed_42/my_merge/eval.json,True,283.66,0.16589581304771178,16.43161729665903,2026-05-16T10:50:10,
OK,vlm,organcmnist_224,,openai/clip-vit-base-patch32,7,0.1,42,my_merge,equal,/data/liyapeng_grp/program/MedMNISTMerge/outputs/my_merge_ablation_three_module_full_20260515_170100/full/eval/vlm/organcmnist_224/clip-vit-base-patch32/clients_7/beta_0p1/seed_42/my_merge/eval.json,True,279.25,0.368792599805258,7.422128934126634,2026-05-16T10:54:49,
OK,vlm,organsmnist_224,,openai/clip-vit-base-patch32,3,0.0,42,my_merge,equal,/data/liyapeng_grp/program/MedMNISTMerge/outputs/my_merge_ablation_three_module_full_20260515_170100/full/eval/vlm/organsmnist_224/clip-vit-base-patch32/clients_3/beta_0/seed_42/my_merge/eval.json,True,243.56,0.21490880253766853,13.428287023162063,2026-05-16T10:58:53,
OK,vlm,organsmnist_224,,openai/clip-vit-base-patch32,3,0.01,42,my_merge,equal,/data/liyapeng_grp/program/MedMNISTMerge/outputs/my_merge_ablation_three_module_full_20260515_170100/full/eval/vlm/organsmnist_224/clip-vit-base-patch32/clients_3/beta_0p01/seed_42/my_merge/eval.json,True,249.65,0.32729126543559534,7.427224806187795,2026-05-16T11:03:03,
OK,vlm,organsmnist_224,,openai/clip-vit-base-patch32,3,0.1,42,my_merge,equal,/data/liyapeng_grp/program/MedMNISTMerge/outputs/my_merge_ablation_three_module_full_20260515_170100/full/eval/vlm/organsmnist_224/clip-vit-base-patch32/clients_3/beta_0p1/seed_42/my_merge/eval.json,True,245.75,0.5620256032627167,2.355063296990391,2026-05-16T11:07:08,
OK,vlm,organsmnist_224,,openai/clip-vit-base-patch32,5,0.0,42,my_merge,equal,/data/liyapeng_grp/program/MedMNISTMerge/outputs/my_merge_ablation_three_module_full_20260515_170100/full/eval/vlm/organsmnist_224/clip-vit-base-patch32/clients_5/beta_0/seed_42/my_merge/eval.json,True,273.88,0.35368754956383824,11.215410506859012,2026-05-16T11:11:42,
OK,vlm,organsmnist_224,,openai/clip-vit-base-patch32,5,0.01,42,my_merge,equal,/data/liyapeng_grp/program/MedMNISTMerge/outputs/my_merge_ablation_three_module_full_20260515_170100/full/eval/vlm/organsmnist_224/clip-vit-base-patch32/clients_5/beta_0p01/seed_42/my_merge/eval.json,True,282.66,0.3274045542086779,8.245394238694224,2026-05-16T11:16:25,
OK,vlm,organsmnist_224,,openai/clip-vit-base-patch32,5,0.1,42,my_merge,equal,/data/liyapeng_grp/program/MedMNISTMerge/outputs/my_merge_ablation_three_module_full_20260515_170100/full/eval/vlm/organsmnist_224/clip-vit-base-patch32/clients_5/beta_0p1/seed_42/my_merge/eval.json,True,267.72,0.44986971791095504,4.558901891603575,2026-05-16T11:20:53,
OK,vlm,organsmnist_224,,openai/clip-vit-base-patch32,7,0.0,42,my_merge,equal,/data/liyapeng_grp/program/MedMNISTMerge/outputs/my_merge_ablation_three_module_full_20260515_170100/full/eval/vlm/organsmnist_224/clip-vit-base-patch32/clients_7/beta_0/seed_42/my_merge/eval.json,True,297.87,0.3131301688002719,10.2633004588828,2026-05-16T11:25:51,
OK,vlm,organsmnist_224,,openai/clip-vit-base-patch32,7,0.01,42,my_merge,equal,/data/liyapeng_grp/program/MedMNISTMerge/outputs/my_merge_ablation_three_module_full_20260515_170100/full/eval/vlm/organsmnist_224/clip-vit-base-patch32/clients_7/beta_0p01/seed_42/my_merge/eval.json,True,299.99,0.2529738302934179,9.410212345108166,2026-05-16T11:30:51,
OK,vlm,organsmnist_224,,openai/clip-vit-base-patch32,7,0.1,42,my_merge,equal,/data/liyapeng_grp/program/MedMNISTMerge/outputs/my_merge_ablation_three_module_full_20260515_170100/full/eval/vlm/organsmnist_224/clip-vit-base-patch32/clients_7/beta_0p1/seed_42/my_merge/eval.json,True,297.36,0.4781919111816019,2.2670236746398107,2026-05-16T11:35:48,
