status,error,seconds,source,task_type,dataset,model,num_clients,beta,seed,method,client_id,split,accuracy,balanced_accuracy,macro_f1,mean_precision,loss,num_samples,num_classes,true_majority_class,true_majority_ratio,pred_majority_class,collapse_ratio,collapse_over_true_majority,collapse_excess,effective_predicted_classes,pred_nonzero_classes,pred_entropy_norm,prob_entropy_norm,mean_max_probability,pred_true_tv,prob_true_tv,per_class_recall,per_class_precision,per_class_f1,true_counts,predicted_class_counts,prob_mean,confusion_matrix_json,checkpoint_path,merged_dir,updated_at,num_aggregated_clients
OK,,5.38,client,small,chaoshengmnist_224,convnext,3,0.01,42,client_0,0,test,0.1734052111410602,0.125,0.036944869831546705,0.021675651392632524,6.09262208347372,1113,8,6,0.1734052111410602,6,1.0,5.766839378238342,0.8265947888589398,1.0,1,-0.0,0.5207734516339317,0.39670372866127585,0.8265947888589398,0.6095915877370532,0.000000 0.000000 0.000000 0.000000 0.000000 0.000000 1.000000 0.000000,0.000000 0.000000 0.000000 0.000000 0.000000 0.000000 0.173405 0.000000,0.000000 0.000000 0.000000 0.000000 0.000000 0.000000 0.295559 0.000000,121 121 117 180 100 141 193 140,0 0 0 0 0 0 1113 0,0.000104 0.000132 0.000062 0.000091 0.243585 0.359196 0.396748 0.000083,"[[0,0,0,0,0,0,121,0],[0,0,0,0,0,0,121,0],[0,0,0,0,0,0,117,0],[0,0,0,0,0,0,180,0],[0,0,0,0,0,0,100,0],[0,0,0,0,0,0,141,0],[0,0,0,0,0,0,193,0],[0,0,0,0,0,0,140,0]]",/data2/liyapeng_grp/program/MedMNISTMerge/model_hub/small/chaoshengmnist_224/convnext/clients_3/beta_0p01/seed_42/client_0.pt,,2026-07-06T10:27:38,
OK,,2.97,client,small,chaoshengmnist_224,convnext,3,0.01,42,client_1,1,test,0.1087151841868823,0.125,0.024513776337115073,0.013589398023360287,12.229191343953561,1113,8,6,0.1734052111410602,0,1.0,5.766839378238342,0.8265947888589398,1.0,1,-0.0,0.00018740384078270146,1.0,0.8912848158131177,0.8912527547368285,1.000000 0.000000 0.000000 0.000000 0.000000 0.000000 0.000000 0.000000,0.108715 0.000000 0.000000 0.000000 0.000000 0.000000 0.000000 0.000000,0.196110 0.000000 0.000000 0.000000 0.000000 0.000000 0.000000 0.000000,121 121 117 180 100 141 193 140,1113 0 0 0 0 0 0 0,0.999968 0.000025 0.000000 0.000000 0.000002 0.000000 0.000004 0.000001,"[[121,0,0,0,0,0,0,0],[121,0,0,0,0,0,0,0],[117,0,0,0,0,0,0,0],[180,0,0,0,0,0,0,0],[100,0,0,0,0,0,0,0],[141,0,0,0,0,0,0,0],[193,0,0,0,0,0,0,0],[140,0,0,0,0,0,0,0]]",/data2/liyapeng_grp/program/MedMNISTMerge/model_hub/small/chaoshengmnist_224/convnext/clients_3/beta_0p01/seed_42/client_1.pt,,2026-07-06T10:27:43,
OK,,3.01,client,small,chaoshengmnist_224,convnext,3,0.01,42,client_2,2,test,0.1734052111410602,0.125,0.036944869831546705,0.021675651392632524,3.902846508591644,1113,8,6,0.1734052111410602,6,1.0,5.766839378238342,0.8265947888589398,1.0,1,-0.0,0.7750368224126725,0.2172759433962264,0.8265947888589398,0.3247288527076652,0.000000 0.000000 0.000000 0.000000 0.000000 0.000000 1.000000 0.000000,0.000000 0.000000 0.000000 0.000000 0.000000 0.000000 0.173405 0.000000,0.000000 0.000000 0.000000 0.000000 0.000000 0.000000 0.295559 0.000000,121 121 117 180 100 141 193 140,0 0 0 0 0 0 1113 0,0.000155 0.189314 0.213210 0.190407 0.000174 0.000190 0.217250 0.189301,"[[0,0,0,0,0,0,121,0],[0,0,0,0,0,0,121,0],[0,0,0,0,0,0,117,0],[0,0,0,0,0,0,180,0],[0,0,0,0,0,0,100,0],[0,0,0,0,0,0,141,0],[0,0,0,0,0,0,193,0],[0,0,0,0,0,0,140,0]]",/data2/liyapeng_grp/program/MedMNISTMerge/model_hub/small/chaoshengmnist_224/convnext/clients_3/beta_0p01/seed_42/client_2.pt,,2026-07-06T10:27:46,
OK,,3.40,merge,small,chaoshengmnist_224,convnext,3,0.01,42,avg,,test,0.1734052111410602,0.125,0.036944869831546705,0.021675651392632524,2.483625249185759,1113,8,6,0.1734052111410602,6,1.0,5.766839378238342,0.8265947888589398,1.0,1,-0.0,0.7462237495752926,0.53125,0.8265947888589398,0.375843330816823,0.000000 0.000000 0.000000 0.000000 0.000000 0.000000 1.000000 0.000000,0.000000 0.000000 0.000000 0.000000 0.000000 0.000000 0.173405 0.000000,0.000000 0.000000 0.000000 0.000000 0.000000 0.000000 0.295559 0.000000,121 121 117 180 100 141 193 140,0 0 0 0 0 0 1113 0,0.015632 0.071775 0.062275 0.039375 0.107874 0.093177 0.531222 0.078670,"[[0,0,0,0,0,0,121,0],[0,0,0,0,0,0,121,0],[0,0,0,0,0,0,117,0],[0,0,0,0,0,0,180,0],[0,0,0,0,0,0,100,0],[0,0,0,0,0,0,141,0],[0,0,0,0,0,0,193,0],[0,0,0,0,0,0,140,0]]",outputs/prediction_diagnostics_4models_c3_b001_by_dataset/chaoshengmnist_224/merged/small/chaoshengmnist_224/convnext/clients_3/beta_0p01/seed_42/avg/merged.pt,outputs/prediction_diagnostics_4models_c3_b001_by_dataset/chaoshengmnist_224/merged/small/chaoshengmnist_224/convnext/clients_3/beta_0p01/seed_42/avg,2026-07-06T10:27:49,
OK,,5.40,merge,small,chaoshengmnist_224,convnext,3,0.01,42,ties,,test,0.1734052111410602,0.125,0.036944869831546705,0.021675651392632524,2.3641735806940702,1113,8,6,0.1734052111410602,6,1.0,5.766839378238342,0.8265947888589398,1.0,1,-0.0,0.8657165835948845,0.2639122866127583,0.8265947888589398,0.31547048747348927,0.000000 0.000000 0.000000 0.000000 0.000000 0.000000 1.000000 0.000000,0.000000 0.000000 0.000000 0.000000 0.000000 0.000000 0.173405 0.000000,0.000000 0.000000 0.000000 0.000000 0.000000 0.000000 0.295559 0.000000,121 121 117 180 100 141 193 140,0 0 0 0 0 0 1113 0,0.036463 0.181372 0.156106 0.086757 0.026373 0.021909 0.263878 0.227142,"[[0,0,0,0,0,0,121,0],[0,0,0,0,0,0,121,0],[0,0,0,0,0,0,117,0],[0,0,0,0,0,0,180,0],[0,0,0,0,0,0,100,0],[0,0,0,0,0,0,141,0],[0,0,0,0,0,0,193,0],[0,0,0,0,0,0,140,0]]",outputs/prediction_diagnostics_4models_c3_b001_by_dataset/chaoshengmnist_224/merged/small/chaoshengmnist_224/convnext/clients_3/beta_0p01/seed_42/ties/merged.pt,outputs/prediction_diagnostics_4models_c3_b001_by_dataset/chaoshengmnist_224/merged/small/chaoshengmnist_224/convnext/clients_3/beta_0p01/seed_42/ties,2026-07-06T10:27:53,
OK,,4.81,merge,small,chaoshengmnist_224,convnext,3,0.01,42,dare_linear,,test,0.1734052111410602,0.125,0.036944869831546705,0.021675651392632524,2.4878561426044477,1113,8,6,0.1734052111410602,6,1.0,5.766839378238342,0.8265947888589398,1.0,1,-0.0,0.7509568540882359,0.5122416891284816,0.8265947888589398,0.410179097939244,0.000000 0.000000 0.000000 0.000000 0.000000 0.000000 1.000000 0.000000,0.000000 0.000000 0.000000 0.000000 0.000000 0.000000 0.173405 0.000000,0.000000 0.000000 0.000000 0.000000 0.000000 0.000000 0.295559 0.000000,121 121 117 180 100 141 193 140,0 0 0 0 0 0 1113 0,0.020587 0.059237 0.049864 0.040231 0.161106 0.083245 0.512326 0.073403,"[[0,0,0,0,0,0,121,0],[0,0,0,0,0,0,121,0],[0,0,0,0,0,0,117,0],[0,0,0,0,0,0,180,0],[0,0,0,0,0,0,100,0],[0,0,0,0,0,0,141,0],[0,0,0,0,0,0,193,0],[0,0,0,0,0,0,140,0]]",outputs/prediction_diagnostics_4models_c3_b001_by_dataset/chaoshengmnist_224/merged/small/chaoshengmnist_224/convnext/clients_3/beta_0p01/seed_42/dare_linear/merged.pt,outputs/prediction_diagnostics_4models_c3_b001_by_dataset/chaoshengmnist_224/merged/small/chaoshengmnist_224/convnext/clients_3/beta_0p01/seed_42/dare_linear,2026-07-06T10:27:58,
OK,,6.80,merge,small,chaoshengmnist_224,convnext,3,0.01,42,dare_ties,,test,0.1734052111410602,0.125,0.036944869831546705,0.021675651392632524,2.7721191844957325,1113,8,6,0.1734052111410602,6,1.0,5.766839378238342,0.8265947888589398,1.0,1,-0.0,0.7449001640996493,0.3908636567834681,0.8265947888589398,0.3884499286938021,0.000000 0.000000 0.000000 0.000000 0.000000 0.000000 1.000000 0.000000,0.000000 0.000000 0.000000 0.000000 0.000000 0.000000 0.173405 0.000000,0.000000 0.000000 0.000000 0.000000 0.000000 0.000000 0.295559 0.000000,121 121 117 180 100 141 193 140,0 0 0 0 0 0 1113 0,0.010200 0.139307 0.095040 0.080694 0.013307 0.004403 0.390911 0.266139,"[[0,0,0,0,0,0,121,0],[0,0,0,0,0,0,121,0],[0,0,0,0,0,0,117,0],[0,0,0,0,0,0,180,0],[0,0,0,0,0,0,100,0],[0,0,0,0,0,0,141,0],[0,0,0,0,0,0,193,0],[0,0,0,0,0,0,140,0]]",outputs/prediction_diagnostics_4models_c3_b001_by_dataset/chaoshengmnist_224/merged/small/chaoshengmnist_224/convnext/clients_3/beta_0p01/seed_42/dare_ties/merged.pt,outputs/prediction_diagnostics_4models_c3_b001_by_dataset/chaoshengmnist_224/merged/small/chaoshengmnist_224/convnext/clients_3/beta_0p01/seed_42/dare_ties,2026-07-06T10:28:03,
OK,,13.49,merge,small,chaoshengmnist_224,convnext,3,0.01,42,regmean,,test,0.1734052111410602,0.125,0.036944869831546705,0.021675651392632524,3.7915631865769597,1113,8,6,0.1734052111410602,6,1.0,5.766839378238342,0.8265947888589398,1.0,1,-0.0,0.25056055637276,0.8960017969451932,0.8265947888589398,0.7224763411289743,0.000000 0.000000 0.000000 0.000000 0.000000 0.000000 1.000000 0.000000,0.000000 0.000000 0.000000 0.000000 0.000000 0.000000 0.173405 0.000000,0.000000 0.000000 0.000000 0.000000 0.000000 0.000000 0.295559 0.000000,121 121 117 180 100 141 193 140,0 0 0 0 0 0 1113 0,0.000413 0.018444 0.013766 0.015651 0.018095 0.022889 0.895882 0.014861,"[[0,0,0,0,0,0,121,0],[0,0,0,0,0,0,121,0],[0,0,0,0,0,0,117,0],[0,0,0,0,0,0,180,0],[0,0,0,0,0,0,100,0],[0,0,0,0,0,0,141,0],[0,0,0,0,0,0,193,0],[0,0,0,0,0,0,140,0]]",outputs/prediction_diagnostics_4models_c3_b001_by_dataset/chaoshengmnist_224/merged/small/chaoshengmnist_224/convnext/clients_3/beta_0p01/seed_42/regmean/merged.pt,outputs/prediction_diagnostics_4models_c3_b001_by_dataset/chaoshengmnist_224/merged/small/chaoshengmnist_224/convnext/clients_3/beta_0p01/seed_42/regmean,2026-07-06T10:28:10,
OK,,11.91,merge,small,chaoshengmnist_224,convnext,3,0.01,42,breadcrumbs,,test,0.12668463611859837,0.125,0.028110047846889953,0.015835579514824796,2.6582290087320306,1113,8,6,0.1734052111410602,5,1.0,5.766839378238342,0.8265947888589398,1.0,1,-0.0,0.7597415036949644,0.3715745732255166,0.8733153638814017,0.45756466128407236,0.000000 0.000000 0.000000 0.000000 0.000000 1.000000 0.000000 0.000000,0.000000 0.000000 0.000000 0.000000 0.000000 0.126685 0.000000 0.000000,0.000000 0.000000 0.000000 0.000000 0.000000 0.224880 0.000000 0.000000,121 121 117 180 100 141 193 140,0 0 0 0 0 1113 0 0,0.031884 0.037200 0.039688 0.028118 0.302514 0.371583 0.163600 0.025413,"[[0,0,0,0,0,121,0,0],[0,0,0,0,0,121,0,0],[0,0,0,0,0,117,0,0],[0,0,0,0,0,180,0,0],[0,0,0,0,0,100,0,0],[0,0,0,0,0,141,0,0],[0,0,0,0,0,193,0,0],[0,0,0,0,0,140,0,0]]",outputs/prediction_diagnostics_4models_c3_b001_by_dataset/chaoshengmnist_224/merged/small/chaoshengmnist_224/convnext/clients_3/beta_0p01/seed_42/breadcrumbs/merged.pt,outputs/prediction_diagnostics_4models_c3_b001_by_dataset/chaoshengmnist_224/merged/small/chaoshengmnist_224/convnext/clients_3/beta_0p01/seed_42/breadcrumbs,2026-07-06T10:28:25,
OK,,3.93,merge,small,chaoshengmnist_224,convnext,3,0.01,42,model_stock,,test,0.1734052111410602,0.125,0.036944869831546705,0.021675651392632524,2.419567399483378,1113,8,6,0.1734052111410602,6,1.0,5.766839378238342,0.8265947888589398,1.0,1,-0.0,0.7946675159909254,0.46630727762803237,0.8265947888589398,0.3467549311220415,0.000000 0.000000 0.000000 0.000000 0.000000 0.000000 1.000000 0.000000,0.000000 0.000000 0.000000 0.000000 0.000000 0.000000 0.173405 0.000000,0.000000 0.000000 0.000000 0.000000 0.000000 0.000000 0.295559 0.000000,121 121 117 180 100 141 193 140,0 0 0 0 0 0 1113 0,0.020667 0.067948 0.062942 0.041916 0.139857 0.130552 0.466283 0.069835,"[[0,0,0,0,0,0,121,0],[0,0,0,0,0,0,121,0],[0,0,0,0,0,0,117,0],[0,0,0,0,0,0,180,0],[0,0,0,0,0,0,100,0],[0,0,0,0,0,0,141,0],[0,0,0,0,0,0,193,0],[0,0,0,0,0,0,140,0]]",outputs/prediction_diagnostics_4models_c3_b001_by_dataset/chaoshengmnist_224/merged/small/chaoshengmnist_224/convnext/clients_3/beta_0p01/seed_42/model_stock/merged.pt,outputs/prediction_diagnostics_4models_c3_b001_by_dataset/chaoshengmnist_224/merged/small/chaoshengmnist_224/convnext/clients_3/beta_0p01/seed_42/model_stock,2026-07-06T10:28:37,
OK,,3.69,merge,small,chaoshengmnist_224,convnext,3,0.01,42,from,,test,0.1734052111410602,0.125,0.036944869831546705,0.021675651392632524,2.7757260167480906,1113,8,6,0.1734052111410602,6,1.0,5.766839378238342,0.8265947888589398,1.0,1,-0.0,0.6090171300341024,0.6518418688230009,0.8265947888589398,0.4784251107609061,0.000000 0.000000 0.000000 0.000000 0.000000 0.000000 1.000000 0.000000,0.000000 0.000000 0.000000 0.000000 0.000000 0.000000 0.173405 0.000000,0.000000 0.000000 0.000000 0.000000 0.000000 0.000000 0.295559 0.000000,121 121 117 180 100 141 193 140,0 0 0 0 0 0 1113 0,0.005513 0.051056 0.041748 0.028551 0.083003 0.084142 0.651830 0.054158,"[[0,0,0,0,0,0,121,0],[0,0,0,0,0,0,121,0],[0,0,0,0,0,0,117,0],[0,0,0,0,0,0,180,0],[0,0,0,0,0,0,100,0],[0,0,0,0,0,0,141,0],[0,0,0,0,0,0,193,0],[0,0,0,0,0,0,140,0]]",outputs/prediction_diagnostics_4models_c3_b001_by_dataset/chaoshengmnist_224/merged/small/chaoshengmnist_224/convnext/clients_3/beta_0p01/seed_42/from/merged.pt,outputs/prediction_diagnostics_4models_c3_b001_by_dataset/chaoshengmnist_224/merged/small/chaoshengmnist_224/convnext/clients_3/beta_0p01/seed_42/from,2026-07-06T10:28:41,
OK,,4.88,merge,small,chaoshengmnist_224,convnext,3,0.01,42,iso_c,,test,0.1734052111410602,0.125,0.036944869831546705,0.021675651392632524,2.3022052939690028,1113,8,6,0.1734052111410602,6,1.0,5.766839378238342,0.8265947888589398,1.0,1,-0.0,0.8597005267009099,0.39235175202156336,0.8265947888589398,0.287833069075107,0.000000 0.000000 0.000000 0.000000 0.000000 0.000000 1.000000 0.000000,0.000000 0.000000 0.000000 0.000000 0.000000 0.000000 0.173405 0.000000,0.000000 0.000000 0.000000 0.000000 0.000000 0.000000 0.295559 0.000000,121 121 117 180 100 141 193 140,0 0 0 0 0 0 1113 0,0.029769 0.102227 0.061734 0.055965 0.158739 0.113936 0.392346 0.085283,"[[0,0,0,0,0,0,121,0],[0,0,0,0,0,0,121,0],[0,0,0,0,0,0,117,0],[0,0,0,0,0,0,180,0],[0,0,0,0,0,0,100,0],[0,0,0,0,0,0,141,0],[0,0,0,0,0,0,193,0],[0,0,0,0,0,0,140,0]]",outputs/prediction_diagnostics_4models_c3_b001_by_dataset/chaoshengmnist_224/merged/small/chaoshengmnist_224/convnext/clients_3/beta_0p01/seed_42/iso_c/merged.pt,outputs/prediction_diagnostics_4models_c3_b001_by_dataset/chaoshengmnist_224/merged/small/chaoshengmnist_224/convnext/clients_3/beta_0p01/seed_42/iso_c,2026-07-06T10:28:45,
OK,,4.43,merge,small,chaoshengmnist_224,convnext,3,0.01,42,free_merge,,test,0.1734052111410602,0.125,0.036944869831546705,0.021675651392632524,2.451359641734052,1113,8,6,0.1734052111410602,6,1.0,5.766839378238342,0.8265947888589398,1.0,1,-0.0,0.7696914968063131,0.49876460017969454,0.8265947888589398,0.3665588114908198,0.000000 0.000000 0.000000 0.000000 0.000000 0.000000 1.000000 0.000000,0.000000 0.000000 0.000000 0.000000 0.000000 0.000000 0.173405 0.000000,0.000000 0.000000 0.000000 0.000000 0.000000 0.000000 0.295559 0.000000,121 121 117 180 100 141 193 140,0 0 0 0 0 0 1113 0,0.018342 0.079693 0.044315 0.043829 0.131113 0.105430 0.498698 0.078579,"[[0,0,0,0,0,0,121,0],[0,0,0,0,0,0,121,0],[0,0,0,0,0,0,117,0],[0,0,0,0,0,0,180,0],[0,0,0,0,0,0,100,0],[0,0,0,0,0,0,141,0],[0,0,0,0,0,0,193,0],[0,0,0,0,0,0,140,0]]",outputs/prediction_diagnostics_4models_c3_b001_by_dataset/chaoshengmnist_224/merged/small/chaoshengmnist_224/convnext/clients_3/beta_0p01/seed_42/free_merge/merged.pt,outputs/prediction_diagnostics_4models_c3_b001_by_dataset/chaoshengmnist_224/merged/small/chaoshengmnist_224/convnext/clients_3/beta_0p01/seed_42/free_merge,2026-07-06T10:28:50,
OK,,4.41,merge,small,chaoshengmnist_224,convnext,3,0.01,42,robustmerge,,test,0.08984725965858041,0.125,0.020610057708161583,0.011230907457322551,2.657277452549416,1113,8,6,0.1734052111410602,4,1.0,5.766839378238342,0.8265947888589398,1.0,1,-0.0,0.7700225879695939,0.3039645103324349,0.9101527403414196,0.45052871343371587,0.000000 0.000000 0.000000 0.000000 1.000000 0.000000 0.000000 0.000000,0.000000 0.000000 0.000000 0.000000 0.089847 0.000000 0.000000 0.000000,0.000000 0.000000 0.000000 0.000000 0.164880 0.000000 0.000000 0.000000,121 121 117 180 100 141 193 140,0 0 0 0 1113 0 0 0,0.020184 0.059843 0.020944 0.025974 0.304012 0.249130 0.287324 0.032589,"[[0,0,0,0,121,0,0,0],[0,0,0,0,121,0,0,0],[0,0,0,0,117,0,0,0],[0,0,0,0,180,0,0,0],[0,0,0,0,100,0,0,0],[0,0,0,0,141,0,0,0],[0,0,0,0,193,0,0,0],[0,0,0,0,140,0,0,0]]",outputs/prediction_diagnostics_4models_c3_b001_by_dataset/chaoshengmnist_224/merged/small/chaoshengmnist_224/convnext/clients_3/beta_0p01/seed_42/robustmerge/merged.pt,outputs/prediction_diagnostics_4models_c3_b001_by_dataset/chaoshengmnist_224/merged/small/chaoshengmnist_224/convnext/clients_3/beta_0p01/seed_42/robustmerge,2026-07-06T10:28:55,
OK,,3.68,merge,small,chaoshengmnist_224,convnext,3,0.01,42,my_merge,,test,0.4276729559748428,0.41623927599550464,0.4075621994271988,0.4361807238884307,9.59265476716925,1113,8,6,0.1734052111410602,6,0.2165318957771788,1.2487046632124352,0.0431266846361186,7.256004830590091,8,0.9530584721073551,0.9508392913390361,0.925033692722372,0.18059299191374661,0.1843372011321553,0.355372 0.553719 0.264957 0.744444 0.510000 0.184397 0.445596 0.271429,0.349593 0.325243 0.476923 0.837500 0.307229 0.361111 0.356846 0.475000,0.352459 0.409786 0.340659 0.788235 0.383459 0.244131 0.396313 0.345455,121 121 117 180 100 141 193 140,123 206 65 160 166 72 241 80,0.105778 0.186862 0.056148 0.143176 0.149546 0.060994 0.219897 0.077598,"[[43,49,1,0,2,0,25,1],[31,67,1,1,4,0,16,1],[10,12,31,0,30,10,19,5],[2,7,5,134,9,8,12,3],[5,6,9,1,51,7,18,3],[8,22,5,9,27,26,35,9],[16,14,6,9,31,11,86,20],[8,29,7,6,12,10,30,38]]",outputs/prediction_diagnostics_4models_c3_b001_by_dataset/chaoshengmnist_224/merged/small/chaoshengmnist_224/convnext/clients_3/beta_0p01/seed_42/my_merge/merged.pt,outputs/prediction_diagnostics_4models_c3_b001_by_dataset/chaoshengmnist_224/merged/small/chaoshengmnist_224/convnext/clients_3/beta_0p01/seed_42/my_merge,2026-07-06T10:28:59,
OK,,2.28,client,small,chaoshengmnist_224,resnet,3,0.01,42,client_0,0,test,0.1554357592093441,0.14873704663212436,0.0698583600699696,0.15749622217307974,5.377067024388618,1113,8,6,0.1734052111410602,5,0.9559748427672956,5.512953367875648,0.7825696316262354,1.2307819215170517,3,0.09985838591545249,0.1701591933048155,0.950696316262354,0.8292902066486973,0.7979255194433879,0.000000 0.000000 0.000000 0.000000 0.050000 1.000000 0.139896 0.000000,0.000000 0.000000 0.000000 0.000000 0.333333 0.132519 0.794118 0.000000,0.000000 0.000000 0.000000 0.000000 0.086957 0.234025 0.237885 0.000000,121 121 117 180 100 141 193 140,0 0 0 0 15 1064 34 0,0.002117 0.002096 0.001480 0.001874 0.026597 0.924610 0.039839 0.001385,"[[0,0,0,0,0,121,0,0],[0,0,0,0,0,118,3,0],[0,0,0,0,8,109,0,0],[0,0,0,0,1,179,0,0],[0,0,0,0,5,94,1,0],[0,0,0,0,0,141,0,0],[0,0,0,0,1,165,27,0],[0,0,0,0,0,137,3,0]]",/data2/liyapeng_grp/program/MedMNISTMerge/model_hub/small/chaoshengmnist_224/resnet/clients_3/beta_0p01/seed_42/client_0.pt,,2026-07-06T10:29:03,
OK,,2.27,client,small,chaoshengmnist_224,resnet,3,0.01,42,client_1,1,test,0.1527403414195867,0.17561983471074383,0.06833197193926581,0.04539629031255825,2.96728164659142,1113,8,6,0.1734052111410602,1,0.7610062893081762,4.3886010362694305,0.5876010781671159,1.7331095460606725,2,0.2644542823252208,0.6495726329695698,0.5760613207547169,0.7825696316262354,0.5981951681002962,0.520661 0.884298 0.000000 0.000000 0.000000 0.000000 0.000000 0.000000,0.236842 0.126328 0.000000 0.000000 0.000000 0.000000 0.000000 0.000000,0.325581 0.221074 0.000000 0.000000 0.000000 0.000000 0.000000 0.000000,121 121 117 180 100 141 193 140,266 847 0 0 0 0 0 0,0.313712 0.501913 0.027135 0.031180 0.030393 0.028585 0.029631 0.037450,"[[63,58,0,0,0,0,0,0],[14,107,0,0,0,0,0,0],[35,82,0,0,0,0,0,0],[17,163,0,0,0,0,0,0],[34,66,0,0,0,0,0,0],[25,116,0,0,0,0,0,0],[56,137,0,0,0,0,0,0],[22,118,0,0,0,0,0,0]]",/data2/liyapeng_grp/program/MedMNISTMerge/model_hub/small/chaoshengmnist_224/resnet/clients_3/beta_0p01/seed_42/client_1.pt,,2026-07-06T10:29:05,
OK,,2.24,client,small,chaoshengmnist_224,resnet,3,0.01,42,client_2,2,test,0.28751123090745734,0.28104792280781443,0.20041633386266466,0.3408900908092804,2.628530380646602,1113,8,6,0.1734052111410602,7,0.5112309074573226,2.9481865284974096,0.33782569631626236,2.892393464964943,5,0.5107546072570145,0.8038518881371286,0.5478155884995508,0.6486972147349506,0.4084677047223726,0.000000 0.099174 0.700855 0.477778 0.000000 0.000000 0.077720 0.892857,0.000000 0.750000 0.200000 0.905263 0.000000 0.000000 0.652174 0.219684,0.000000 0.175182 0.311195 0.625455 0.000000 0.000000 0.138889 0.352609,121 121 117 180 100 141 193 140,0 16 410 95 0 0 23 569,0.028277 0.069786 0.371578 0.103966 0.022653 0.030068 0.105875 0.267797,"[[0,4,37,0,0,0,1,79],[0,12,22,2,0,0,0,85],[0,0,82,0,0,0,3,32],[0,0,28,86,0,0,2,64],[0,0,71,0,0,0,0,29],[0,0,54,0,0,0,1,86],[0,0,103,6,0,0,15,69],[0,0,13,1,0,0,1,125]]",/data2/liyapeng_grp/program/MedMNISTMerge/model_hub/small/chaoshengmnist_224/resnet/clients_3/beta_0p01/seed_42/client_2.pt,,2026-07-06T10:29:07,
OK,,2.50,merge,small,chaoshengmnist_224,resnet,3,0.01,42,avg,,test,0.30098831985624436,0.2739586785970366,0.1643104286326939,0.23390971773324715,1.9660080792340522,1113,8,6,0.1734052111410602,6,0.3971248876909254,2.290155440414508,0.22371967654986522,3.0308865627880555,4,0.5332466190934632,0.9834707847988688,0.19151504941599282,0.5876010781671159,0.11852865799654898,0.000000 0.801653 0.000000 0.000000 0.040000 0.510638 0.839378 0.000000,0.000000 0.281159 0.000000 0.000000 1.000000 0.223602 0.366516 0.000000,0.000000 0.416309 0.000000 0.000000 0.076923 0.311015 0.510236 0.000000,121 121 117 180 100 141 193 140,0 345 0 0 4 322 442 0,0.121710 0.159327 0.086991 0.081493 0.109837 0.161617 0.171477 0.107547,"[[0,78,0,0,0,23,20,0],[0,97,0,0,0,13,11,0],[0,46,0,0,0,31,40,0],[0,23,0,0,0,106,51,0],[0,11,0,0,4,24,61,0],[0,39,0,0,0,72,30,0],[0,17,0,0,0,14,162,0],[0,34,0,0,0,39,67,0]]",outputs/prediction_diagnostics_4models_c3_b001_by_dataset/chaoshengmnist_224/merged/small/chaoshengmnist_224/resnet/clients_3/beta_0p01/seed_42/avg/merged.pt,outputs/prediction_diagnostics_4models_c3_b001_by_dataset/chaoshengmnist_224/merged/small/chaoshengmnist_224/resnet/clients_3/beta_0p01/seed_42/avg,2026-07-06T10:29:09,
OK,,3.33,merge,small,chaoshengmnist_224,resnet,3,0.01,42,ties,,test,0.38274932614555257,0.3695302953575445,0.27801013235505445,0.31249639272392105,2.2005408904837362,1113,8,6,0.1734052111410602,1,0.42048517520215634,2.4248704663212437,0.24707996406109614,3.9113659661886833,5,0.6558908426214816,0.8508354042296589,0.47560085354896675,0.5130278526504941,0.3313588286621799,0.000000 0.917355 0.769231 0.755556 0.000000 0.000000 0.321244 0.192857,0.000000 0.237179 0.327273 0.552846 0.000000 0.000000 0.873239 0.509434,0.000000 0.376910 0.459184 0.638498 0.000000 0.000000 0.469697 0.279793,121 121 117 180 100 141 193 140,0 468 275 246 0 0 71 53,0.088833 0.267335 0.226075 0.213510 0.010313 0.011869 0.097305 0.084760,"[[0,104,8,6,0,0,0,3],[0,111,6,3,0,0,1,0],[0,23,90,4,0,0,0,0],[0,36,6,136,0,0,0,2],[0,8,70,18,0,0,3,1],[0,63,42,29,0,0,1,6],[0,44,39,34,0,0,62,14],[0,79,14,16,0,0,4,27]]",outputs/prediction_diagnostics_4models_c3_b001_by_dataset/chaoshengmnist_224/merged/small/chaoshengmnist_224/resnet/clients_3/beta_0p01/seed_42/ties/merged.pt,outputs/prediction_diagnostics_4models_c3_b001_by_dataset/chaoshengmnist_224/merged/small/chaoshengmnist_224/resnet/clients_3/beta_0p01/seed_42/ties,2026-07-06T10:29:12,
OK,,3.06,merge,small,chaoshengmnist_224,resnet,3,0.01,42,dare_linear,,test,0.2641509433962264,0.22675712841425752,0.13447633613310822,0.10233633161329846,1.9778970476752022,1113,8,6,0.1734052111410602,6,0.5067385444743935,2.9222797927461137,0.33333333333333326,2.616899220910002,3,0.46261945533372567,0.9730476348643586,0.21114106019766396,0.5911949685534591,0.13864903934796188,0.000000 0.338843 0.000000 0.000000 0.000000 0.609929 0.865285 0.000000,0.000000 0.317829 0.000000 0.000000 0.000000 0.204762 0.296099 0.000000,0.000000 0.328000 0.000000 0.000000 0.000000 0.306595 0.441215 0.000000,121 121 117 180 100 141 193 140,0 129 0 0 0 420 564 0,0.128204 0.152055 0.074778 0.082094 0.094995 0.176565 0.194198 0.097111,"[[0,40,0,0,0,51,30,0],[0,41,0,0,0,49,31,0],[0,12,0,0,0,45,60,0],[0,18,0,0,0,73,89,0],[0,4,0,0,0,25,71,0],[0,11,0,0,0,86,44,0],[0,0,0,0,0,26,167,0],[0,3,0,0,0,65,72,0]]",outputs/prediction_diagnostics_4models_c3_b001_by_dataset/chaoshengmnist_224/merged/small/chaoshengmnist_224/resnet/clients_3/beta_0p01/seed_42/dare_linear/merged.pt,outputs/prediction_diagnostics_4models_c3_b001_by_dataset/chaoshengmnist_224/merged/small/chaoshengmnist_224/resnet/clients_3/beta_0p01/seed_42/dare_linear,2026-07-06T10:29:15,
OK,,3.54,merge,small,chaoshengmnist_224,resnet,3,0.01,42,dare_ties,,test,0.4115004492362983,0.3752921353711459,0.3020554289726998,0.35071076812204827,2.2333491103454204,1113,8,6,0.1734052111410602,1,0.31176999101527403,1.7979274611398963,0.13836477987421383,4.578718617058462,7,0.7316479692028581,0.855017568557698,0.54161051212938,0.37825696316262347,0.25593358685916684,0.008264 0.826446 0.512821 0.761111 0.000000 0.007092 0.658031 0.228571,0.100000 0.288184 0.540541 0.554656 0.000000 0.500000 0.395639 0.426667,0.015267 0.427350 0.526316 0.641686 0.000000 0.013986 0.494163 0.297674,121 121 117 180 100 141 193 140,10 347 111 247 0 2 321 75,0.086949 0.253428 0.111328 0.212496 0.005340 0.016612 0.227649 0.086199,"[[1,91,2,10,0,0,10,7],[0,100,1,3,0,0,15,2],[0,27,60,12,0,0,17,1],[3,19,2,137,0,0,17,2],[0,14,29,31,0,0,25,1],[2,35,10,23,0,1,60,10],[4,20,5,17,0,0,127,20],[0,41,2,14,0,1,50,32]]",outputs/prediction_diagnostics_4models_c3_b001_by_dataset/chaoshengmnist_224/merged/small/chaoshengmnist_224/resnet/clients_3/beta_0p01/seed_42/dare_ties/merged.pt,outputs/prediction_diagnostics_4models_c3_b001_by_dataset/chaoshengmnist_224/merged/small/chaoshengmnist_224/resnet/clients_3/beta_0p01/seed_42/dare_ties,2026-07-06T10:29:18,
OK,,7.05,merge,small,chaoshengmnist_224,resnet,3,0.01,42,regmean,,test,0.26235399820305483,0.262191469577282,0.20987394787554545,0.47113538602477656,1.9351770447270888,1113,8,6,0.1734052111410602,5,0.5768194070080862,3.326424870466321,0.403414195867026,3.366898686390794,8,0.5838067698568219,0.9645106678261675,0.28153077268643306,0.5813117699910153,0.1784977568985336,0.000000 0.561983 0.324786 0.027778 0.040000 0.780142 0.305699 0.057143,0.000000 0.254682 0.469136 1.000000 0.800000 0.171340 0.766234 0.307692,0.000000 0.350515 0.383838 0.054054 0.076190 0.280971 0.437037 0.096386,121 121 117 180 100 141 193 140,10 267 81 5 5 642 77 26,0.105405 0.169278 0.100748 0.054934 0.105458 0.229009 0.128387 0.106781,"[[0,60,0,0,0,55,1,5],[0,68,1,0,0,51,1,0],[1,32,38,0,0,45,0,1],[2,28,2,5,0,140,1,2],[2,19,31,0,4,40,2,2],[2,17,5,0,0,110,1,6],[1,29,3,0,1,98,59,2],[2,14,1,0,0,103,12,8]]",outputs/prediction_diagnostics_4models_c3_b001_by_dataset/chaoshengmnist_224/merged/small/chaoshengmnist_224/resnet/clients_3/beta_0p01/seed_42/regmean/merged.pt,outputs/prediction_diagnostics_4models_c3_b001_by_dataset/chaoshengmnist_224/merged/small/chaoshengmnist_224/resnet/clients_3/beta_0p01/seed_42/regmean,2026-07-06T10:29:22,
OK,,9.26,merge,small,chaoshengmnist_224,resnet,3,0.01,42,fisher,,test,0.14734950584007186,0.14466231941502786,0.0653967791185948,0.31370299009804403,2.1932099951566713,1113,8,6,0.1734052111410602,5,0.9694519317160827,5.590673575129534,0.7960467205750225,1.183446490165142,5,0.08099815857434228,0.9221164307712401,0.30136736298292904,0.8427672955974843,0.24816073324176033,0.000000 0.066116 0.034188 0.000000 0.000000 1.000000 0.056995 0.000000,0.000000 0.800000 1.000000 0.000000 0.000000 0.130677 0.578947 0.000000,0.000000 0.122137 0.066116 0.000000 0.000000 0.231148 0.103774 0.000000,121 121 117 180 100 141 193 140,1 10 4 0 0 1079 19 0,0.163229 0.132242 0.077351 0.045051 0.059242 0.296804 0.135165 0.090915,"[[0,2,0,0,0,119,0,0],[0,8,0,0,0,113,0,0],[1,0,4,0,0,110,2,0],[0,0,0,0,0,180,0,0],[0,0,0,0,0,96,4,0],[0,0,0,0,0,141,0,0],[0,0,0,0,0,182,11,0],[0,0,0,0,0,138,2,0]]",outputs/prediction_diagnostics_4models_c3_b001_by_dataset/chaoshengmnist_224/merged/small/chaoshengmnist_224/resnet/clients_3/beta_0p01/seed_42/fisher/merged.pt,outputs/prediction_diagnostics_4models_c3_b001_by_dataset/chaoshengmnist_224/merged/small/chaoshengmnist_224/resnet/clients_3/beta_0p01/seed_42/fisher,2026-07-06T10:29:29,
OK,,5.72,merge,small,chaoshengmnist_224,resnet,3,0.01,42,breadcrumbs,,test,0.12848158131176998,0.12706611570247933,0.03213112305854241,0.03389444949954504,2.0912748132861636,1113,8,6,0.1734052111410602,5,0.9874213836477987,5.694300518134715,0.8140161725067385,1.069873204066876,2,0.03247994195854731,0.9972640007294798,0.14745479559748428,0.8607367475292005,0.11828157510305218,0.000000 0.016529 0.000000 0.000000 0.000000 1.000000 0.000000 0.000000,0.000000 0.142857 0.000000 0.000000 0.000000 0.128298 0.000000 0.000000,0.000000 0.029630 0.000000 0.000000 0.000000 0.227419 0.000000 0.000000,121 121 117 180 100 141 193 140,0 14 0 0 0 1099 0 0,0.134005 0.137408 0.113613 0.125863 0.124910 0.147430 0.109966 0.106807,"[[0,1,0,0,0,120,0,0],[0,2,0,0,0,119,0,0],[0,1,0,0,0,116,0,0],[0,3,0,0,0,177,0,0],[0,0,0,0,0,100,0,0],[0,0,0,0,0,141,0,0],[0,2,0,0,0,191,0,0],[0,5,0,0,0,135,0,0]]",outputs/prediction_diagnostics_4models_c3_b001_by_dataset/chaoshengmnist_224/merged/small/chaoshengmnist_224/resnet/clients_3/beta_0p01/seed_42/breadcrumbs/merged.pt,outputs/prediction_diagnostics_4models_c3_b001_by_dataset/chaoshengmnist_224/merged/small/chaoshengmnist_224/resnet/clients_3/beta_0p01/seed_42/breadcrumbs,2026-07-06T10:29:38,
OK,,2.51,merge,small,chaoshengmnist_224,resnet,3,0.01,42,model_stock,,test,0.18778077268643306,0.17900144498269394,0.10431868315926923,0.10837176209663303,2.0484683849955077,1113,8,6,0.1734052111410602,5,0.7475292003593891,4.310880829015544,0.5741239892183289,2.0666757216872362,3,0.3491040119591273,0.9933941082809947,0.1620830525606469,0.6801437556154537,0.11271646620680623,0.000000 0.305785 0.000000 0.000000 0.000000 0.872340 0.253886 0.000000,0.000000 0.197861 0.000000 0.000000 0.000000 0.147837 0.521277 0.000000,0.000000 0.240260 0.000000 0.000000 0.000000 0.252826 0.341463 0.000000,121 121 117 180 100 141 193 140,0 187 0 0 0 832 94 0,0.124733 0.148084 0.099729 0.101970 0.113967 0.159895 0.140566 0.111056,"[[0,27,0,0,0,92,2,0],[0,37,0,0,0,80,4,0],[0,27,0,0,0,82,8,0],[0,23,0,0,0,149,8,0],[0,13,0,0,0,73,14,0],[0,16,0,0,0,123,2,0],[0,22,0,0,0,122,49,0],[0,22,0,0,0,111,7,0]]",outputs/prediction_diagnostics_4models_c3_b001_by_dataset/chaoshengmnist_224/merged/small/chaoshengmnist_224/resnet/clients_3/beta_0p01/seed_42/model_stock/merged.pt,outputs/prediction_diagnostics_4models_c3_b001_by_dataset/chaoshengmnist_224/merged/small/chaoshengmnist_224/resnet/clients_3/beta_0p01/seed_42/model_stock,2026-07-06T10:29:44,
OK,,2.51,merge,small,chaoshengmnist_224,resnet,3,0.01,42,from,,test,0.25426774483378256,0.23106245785857887,0.12128235869067894,0.3227104300720453,1.952793337264151,1113,8,6,0.1734052111410602,1,0.5633423180592992,3.2487046632124357,0.389937106918239,2.507331155582312,6,0.4420508508666375,0.9845463637904815,0.1954177897574124,0.6567834681042228,0.1109046342951975,0.000000 0.958678 0.008547 0.000000 0.000000 0.056738 0.803109 0.021429,0.000000 0.185008 1.000000 0.000000 0.000000 0.275862 0.370813 0.750000,0.000000 0.310160 0.016949 0.000000 0.000000 0.094118 0.507365 0.041667,121 121 117 180 100 141 193 140,34 627 1 0 0 29 418 4,0.139911 0.174577 0.091986 0.084591 0.098023 0.132356 0.166678 0.111878,"[[0,99,0,0,0,2,20,0],[0,116,0,0,0,0,5,0],[3,76,1,0,0,2,35,0],[13,103,0,0,0,10,54,0],[9,39,0,0,0,0,52,0],[5,86,0,0,0,8,41,1],[1,34,0,0,0,3,155,0],[3,74,0,0,0,4,56,3]]",outputs/prediction_diagnostics_4models_c3_b001_by_dataset/chaoshengmnist_224/merged/small/chaoshengmnist_224/resnet/clients_3/beta_0p01/seed_42/from/merged.pt,outputs/prediction_diagnostics_4models_c3_b001_by_dataset/chaoshengmnist_224/merged/small/chaoshengmnist_224/resnet/clients_3/beta_0p01/seed_42/from,2026-07-06T10:29:46,
OK,,2.56,merge,small,chaoshengmnist_224,resnet,3,0.01,42,iso_c,,test,0.30098831985624436,0.27647018260783657,0.18587014500121501,0.34763589668195166,1.9677251796945192,1113,8,6,0.1734052111410602,5,0.46540880503144655,2.683937823834197,0.2920035938903863,3.0603777261017053,5,0.5379032426875249,0.989294884497998,0.18149146451033243,0.5786163522012578,0.10410910860072076,0.000000 0.669421 0.076923 0.000000 0.030000 0.673759 0.761658 0.000000,0.000000 0.286219 0.818182 0.000000 1.000000 0.183398 0.493289 0.000000,0.000000 0.400990 0.140625 0.000000 0.058252 0.288316 0.598778 0.000000,121 121 117 180 100 141 193 140,0 283 11 0 3 518 298 0,0.115052 0.154947 0.103202 0.090836 0.103891 0.164181 0.154723 0.113168,"[[0,67,0,0,0,44,10,0],[0,81,0,0,0,30,10,0],[0,31,9,0,0,59,18,0],[0,13,0,0,0,151,16,0],[0,12,2,0,3,48,35,0],[0,35,0,0,0,95,11,0],[0,13,0,0,0,33,147,0],[0,31,0,0,0,58,51,0]]",outputs/prediction_diagnostics_4models_c3_b001_by_dataset/chaoshengmnist_224/merged/small/chaoshengmnist_224/resnet/clients_3/beta_0p01/seed_42/iso_c/merged.pt,outputs/prediction_diagnostics_4models_c3_b001_by_dataset/chaoshengmnist_224/merged/small/chaoshengmnist_224/resnet/clients_3/beta_0p01/seed_42/iso_c,2026-07-06T10:29:49,
OK,,2.47,merge,small,chaoshengmnist_224,resnet,3,0.01,42,free_merge,,test,0.30098831985624436,0.2739586785970366,0.1643104286326939,0.23390971773324715,1.9659957954290206,1113,8,6,0.1734052111410602,6,0.3971248876909254,2.290155440414508,0.22371967654986522,3.0308865627880555,4,0.5332466190934632,0.9834706922946949,0.19151504941599282,0.5876010781671159,0.11853018405585257,0.000000 0.801653 0.000000 0.000000 0.040000 0.510638 0.839378 0.000000,0.000000 0.281159 0.000000 0.000000 1.000000 0.223602 0.366516 0.000000,0.000000 0.416309 0.000000 0.000000 0.076923 0.311015 0.510236 0.000000,121 121 117 180 100 141 193 140,0 345 0 0 4 322 442 0,0.121710 0.159327 0.086992 0.081493 0.109836 0.161619 0.171476 0.107547,"[[0,78,0,0,0,23,20,0],[0,97,0,0,0,13,11,0],[0,46,0,0,0,31,40,0],[0,23,0,0,0,106,51,0],[0,11,0,0,4,24,61,0],[0,39,0,0,0,72,30,0],[0,17,0,0,0,14,162,0],[0,34,0,0,0,39,67,0]]",outputs/prediction_diagnostics_4models_c3_b001_by_dataset/chaoshengmnist_224/merged/small/chaoshengmnist_224/resnet/clients_3/beta_0p01/seed_42/free_merge/merged.pt,outputs/prediction_diagnostics_4models_c3_b001_by_dataset/chaoshengmnist_224/merged/small/chaoshengmnist_224/resnet/clients_3/beta_0p01/seed_42/free_merge,2026-07-06T10:29:52,
OK,,2.51,merge,small,chaoshengmnist_224,resnet,3,0.01,42,robustmerge,,test,0.14734950584007186,0.15230648035865213,0.06861532415034446,0.1660794065793164,2.0781342128537736,1113,8,6,0.1734052111410602,5,0.954177897574124,5.5025906735751295,0.7807726864330637,1.2197212625570268,3,0.09551716427036264,0.9516796094416586,0.2861635220125786,0.8274932614555255,0.2112957460235486,0.000000 0.000000 0.000000 0.000000 0.210000 0.992908 0.015544 0.000000,0.000000 0.000000 0.000000 0.000000 0.446809 0.131827 0.750000 0.000000,0.000000 0.000000 0.000000 0.000000 0.285714 0.232751 0.030457 0.000000,121 121 117 180 100 141 193 140,0 0 0 0 47 1062 4 0,0.112932 0.099267 0.079638 0.089430 0.138983 0.284628 0.100430 0.094691,"[[0,0,0,0,0,121,0,0],[0,0,0,0,1,120,0,0],[0,0,0,0,11,106,0,0],[0,0,0,0,2,178,0,0],[0,0,0,0,21,79,0,0],[0,0,0,0,1,140,0,0],[0,0,0,0,10,180,3,0],[0,0,0,0,1,138,1,0]]",outputs/prediction_diagnostics_4models_c3_b001_by_dataset/chaoshengmnist_224/merged/small/chaoshengmnist_224/resnet/clients_3/beta_0p01/seed_42/robustmerge/merged.pt,outputs/prediction_diagnostics_4models_c3_b001_by_dataset/chaoshengmnist_224/merged/small/chaoshengmnist_224/resnet/clients_3/beta_0p01/seed_42/robustmerge,2026-07-06T10:29:54,
OK,,2.45,merge,small,chaoshengmnist_224,resnet,3,0.01,42,my_merge,,test,0.47619047619047616,0.4677455811516153,0.4538952725225752,0.46127868825488255,1.6917701577240567,1113,8,6,0.1734052111410602,0,0.18957771787960467,1.0932642487046633,0.01617250673854448,7.6216899665304,8,0.9767036412347453,0.9923664591578218,0.585776055705301,0.1266846361185984,0.08341031023862458,0.578512 0.644628 0.324786 0.883333 0.410000 0.326241 0.331606 0.242857,0.331754 0.509804 0.376238 0.823834 0.418367 0.312925 0.492308 0.425000,0.421687 0.569343 0.348624 0.852547 0.414141 0.319444 0.396285 0.309091,121 121 117 180 100 141 193 140,211 153 101 193 98 147 130 80,0.155304 0.124176 0.104638 0.168227 0.104706 0.121452 0.118067 0.103430,"[[70,24,3,1,0,10,8,5],[29,78,2,1,2,3,5,1],[23,6,38,0,12,17,14,7],[4,4,3,159,0,3,4,3],[13,2,10,0,41,16,13,5],[18,11,15,9,14,46,9,19],[39,11,17,11,20,25,64,6],[15,17,13,12,9,27,13,34]]",outputs/prediction_diagnostics_4models_c3_b001_by_dataset/chaoshengmnist_224/merged/small/chaoshengmnist_224/resnet/clients_3/beta_0p01/seed_42/my_merge/merged.pt,outputs/prediction_diagnostics_4models_c3_b001_by_dataset/chaoshengmnist_224/merged/small/chaoshengmnist_224/resnet/clients_3/beta_0p01/seed_42/my_merge,2026-07-06T10:29:57,
OK,,3.37,client,small,chaoshengmnist_224,swin_tiny,3,0.01,42,client_0,0,test,0.1734052111410602,0.125,0.036944869831546705,0.021675651392632524,5.303701285938904,1113,8,6,0.1734052111410602,6,1.0,5.766839378238342,0.8265947888589398,1.0,1,-0.0,0.5345093749454466,0.3405772686433064,0.8265947888589398,0.6083737696654588,0.000000 0.000000 0.000000 0.000000 0.000000 0.000000 1.000000 0.000000,0.000000 0.000000 0.000000 0.000000 0.000000 0.000000 0.173405 0.000000,0.000000 0.000000 0.000000 0.000000 0.000000 0.000000 0.295559 0.000000,121 121 117 180 100 141 193 140,0 0 0 0 0 0 1113 0,0.000279 0.000309 0.000368 0.000361 0.339088 0.318657 0.340566 0.000373,"[[0,0,0,0,0,0,121,0],[0,0,0,0,0,0,121,0],[0,0,0,0,0,0,117,0],[0,0,0,0,0,0,180,0],[0,0,0,0,0,0,100,0],[0,0,0,0,0,0,141,0],[0,0,0,0,0,0,193,0],[0,0,0,0,0,0,140,0]]",/data2/liyapeng_grp/program/MedMNISTMerge/model_hub/small/chaoshengmnist_224/swin_tiny/clients_3/beta_0p01/seed_42/client_0.pt,,2026-07-06T10:29:59,
OK,,3.34,client,small,chaoshengmnist_224,swin_tiny,3,0.01,42,client_1,1,test,0.1087151841868823,0.125,0.024513776337115073,0.013589398023360287,4.819406240348439,1113,8,6,0.1734052111410602,0,1.0,5.766839378238342,0.8265947888589398,1.0,1,-0.0,0.18092440978840768,0.9121181491464511,0.8912848158131177,0.8032593652784489,1.000000 0.000000 0.000000 0.000000 0.000000 0.000000 0.000000 0.000000,0.108715 0.000000 0.000000 0.000000 0.000000 0.000000 0.000000 0.000000,0.196110 0.000000 0.000000 0.000000 0.000000 0.000000 0.000000 0.000000,121 121 117 180 100 141 193 140,1113 0 0 0 0 0 0 0,0.911975 0.069518 0.003068 0.002684 0.002584 0.003035 0.003769 0.003368,"[[121,0,0,0,0,0,0,0],[121,0,0,0,0,0,0,0],[117,0,0,0,0,0,0,0],[180,0,0,0,0,0,0,0],[100,0,0,0,0,0,0,0],[141,0,0,0,0,0,0,0],[193,0,0,0,0,0,0,0],[140,0,0,0,0,0,0,0]]",/data2/liyapeng_grp/program/MedMNISTMerge/model_hub/small/chaoshengmnist_224/swin_tiny/clients_3/beta_0p01/seed_42/client_1.pt,,2026-07-06T10:30:02,
OK,,3.30,client,small,chaoshengmnist_224,swin_tiny,3,0.01,42,client_2,2,test,0.3018867924528302,0.22615218363569753,0.14054056057035294,0.1388689917936694,3.315122510116591,1113,8,6,0.1734052111410602,6,0.766397124887691,4.419689119170985,0.5929919137466307,1.797095927027643,4,0.2818891401322484,0.770995469120765,0.3745507637017071,0.6558849955076371,0.32370005491031517,0.000000 0.016529 0.000000 0.922222 0.000000 0.000000 0.870466 0.000000,0.000000 0.250000 0.000000 0.664000 0.000000 0.000000 0.196952 0.000000,0.000000 0.031008 0.000000 0.772093 0.000000 0.000000 0.321224 0.000000,121 121 117 180 100 141 193 140,0 8 0 250 0 0 853 2,0.000517 0.214008 0.140478 0.177376 0.000534 0.000496 0.232959 0.233633,"[[0,1,0,14,0,0,106,0],[0,2,0,10,0,0,108,1],[0,0,0,1,0,0,116,0],[0,1,0,166,0,0,13,0],[0,1,0,5,0,0,93,1],[0,2,0,14,0,0,125,0],[0,0,0,25,0,0,168,0],[0,1,0,15,0,0,124,0]]",/data2/liyapeng_grp/program/MedMNISTMerge/model_hub/small/chaoshengmnist_224/swin_tiny/clients_3/beta_0p01/seed_42/client_2.pt,,2026-07-06T10:30:06,
OK,,3.85,merge,small,chaoshengmnist_224,swin_tiny,3,0.01,42,avg,,test,0.1734052111410602,0.125,0.036944869831546705,0.021675651392632524,2.1035305410489666,1113,8,6,0.1734052111410602,6,1.0,5.766839378238342,0.8265947888589398,1.0,1,-0.0,0.9378431250978202,0.2979559748427673,0.8265947888589398,0.17609686886724127,0.000000 0.000000 0.000000 0.000000 0.000000 0.000000 1.000000 0.000000,0.000000 0.000000 0.000000 0.000000 0.000000 0.000000 0.173405 0.000000,0.000000 0.000000 0.000000 0.000000 0.000000 0.000000 0.295559 0.000000,121 121 117 180 100 141 193 140,0 0 0 0 0 0 1113 0,0.054766 0.107287 0.091112 0.089240 0.124258 0.143842 0.297934 0.091560,"[[0,0,0,0,0,0,121,0],[0,0,0,0,0,0,121,0],[0,0,0,0,0,0,117,0],[0,0,0,0,0,0,180,0],[0,0,0,0,0,0,100,0],[0,0,0,0,0,0,141,0],[0,0,0,0,0,0,193,0],[0,0,0,0,0,0,140,0]]",outputs/prediction_diagnostics_4models_c3_b001_by_dataset/chaoshengmnist_224/merged/small/chaoshengmnist_224/swin_tiny/clients_3/beta_0p01/seed_42/avg/merged.pt,outputs/prediction_diagnostics_4models_c3_b001_by_dataset/chaoshengmnist_224/merged/small/chaoshengmnist_224/swin_tiny/clients_3/beta_0p01/seed_42/avg,2026-07-06T10:30:09,
OK,,5.67,merge,small,chaoshengmnist_224,swin_tiny,3,0.01,42,ties,,test,0.215633423180593,0.16343911917098444,0.0775620105419424,0.05390772777427491,2.2348561522560084,1113,8,6,0.1734052111410602,3,0.7124887690925427,4.108808290155441,0.5390835579514824,1.8219515587760473,2,0.28849486730889196,0.8658953819509917,0.36466756513926324,0.664869721473495,0.23273198281301005,0.000000 0.000000 0.000000 0.950000 0.000000 0.000000 0.357513 0.000000,0.000000 0.000000 0.000000 0.215637 0.000000 0.000000 0.215625 0.000000,0.000000 0.000000 0.000000 0.351490 0.000000 0.000000 0.269006 0.000000,121 121 117 180 100 141 193 140,0 0 0 793 0 0 320 0,0.030757 0.119836 0.082777 0.337501 0.035694 0.048408 0.203077 0.141950,"[[0,0,0,90,0,0,31,0],[0,0,0,92,0,0,29,0],[0,0,0,79,0,0,38,0],[0,0,0,171,0,0,9,0],[0,0,0,61,0,0,39,0],[0,0,0,80,0,0,61,0],[0,0,0,124,0,0,69,0],[0,0,0,96,0,0,44,0]]",outputs/prediction_diagnostics_4models_c3_b001_by_dataset/chaoshengmnist_224/merged/small/chaoshengmnist_224/swin_tiny/clients_3/beta_0p01/seed_42/ties/merged.pt,outputs/prediction_diagnostics_4models_c3_b001_by_dataset/chaoshengmnist_224/merged/small/chaoshengmnist_224/swin_tiny/clients_3/beta_0p01/seed_42/ties,2026-07-06T10:30:13,
OK,,5.07,merge,small,chaoshengmnist_224,swin_tiny,3,0.01,42,dare_linear,,test,0.1734052111410602,0.125,0.036944869831546705,0.021675651392632524,2.130771194828167,1113,8,6,0.1734052111410602,6,1.0,5.766839378238342,0.8265947888589398,1.0,1,-0.0,0.9083718165286924,0.34184074573225515,0.8265947888589398,0.21177915338201675,0.000000 0.000000 0.000000 0.000000 0.000000 0.000000 1.000000 0.000000,0.000000 0.000000 0.000000 0.000000 0.000000 0.000000 0.173405 0.000000,0.000000 0.000000 0.000000 0.000000 0.000000 0.000000 0.295559 0.000000,121 121 117 180 100 141 193 140,0 0 0 0 0 0 1113 0,0.045564 0.099948 0.073048 0.100665 0.113211 0.146666 0.341839 0.079060,"[[0,0,0,0,0,0,121,0],[0,0,0,0,0,0,121,0],[0,0,0,0,0,0,117,0],[0,0,0,0,0,0,180,0],[0,0,0,0,0,0,100,0],[0,0,0,0,0,0,141,0],[0,0,0,0,0,0,193,0],[0,0,0,0,0,0,140,0]]",outputs/prediction_diagnostics_4models_c3_b001_by_dataset/chaoshengmnist_224/merged/small/chaoshengmnist_224/swin_tiny/clients_3/beta_0p01/seed_42/dare_linear/merged.pt,outputs/prediction_diagnostics_4models_c3_b001_by_dataset/chaoshengmnist_224/merged/small/chaoshengmnist_224/swin_tiny/clients_3/beta_0p01/seed_42/dare_linear,2026-07-06T10:30:19,
OK,,6.45,merge,small,chaoshengmnist_224,swin_tiny,3,0.01,42,dare_ties,,test,0.18508535489667566,0.1415587219343696,0.06212681413484626,0.0526830273161176,3.119210269787455,1113,8,6,0.1734052111410602,3,0.8823000898472596,5.088082901554404,0.7088948787061994,1.436654338019587,2,0.17423766272032537,0.6030160565346786,0.6216868823000898,0.7205750224618148,0.4420675150690356,0.000000 0.000000 0.000000 0.966667 0.000000 0.000000 0.165803 0.000000,0.000000 0.000000 0.000000 0.177189 0.000000 0.000000 0.244275 0.000000,0.000000 0.000000 0.000000 0.299484 0.000000 0.000000 0.197531 0.000000,121 121 117 180 100 141 193 140,0 0 0 982 0 0 131 0,0.005579 0.103757 0.023586 0.603793 0.012423 0.013373 0.168326 0.069165,"[[0,0,0,116,0,0,5,0],[0,0,0,110,0,0,11,0],[0,0,0,100,0,0,17,0],[0,0,0,174,0,0,6,0],[0,0,0,87,0,0,13,0],[0,0,0,112,0,0,29,0],[0,0,0,161,0,0,32,0],[0,0,0,122,0,0,18,0]]",outputs/prediction_diagnostics_4models_c3_b001_by_dataset/chaoshengmnist_224/merged/small/chaoshengmnist_224/swin_tiny/clients_3/beta_0p01/seed_42/dare_ties/merged.pt,outputs/prediction_diagnostics_4models_c3_b001_by_dataset/chaoshengmnist_224/merged/small/chaoshengmnist_224/swin_tiny/clients_3/beta_0p01/seed_42/dare_ties,2026-07-06T10:30:24,
OK,,14.00,merge,small,chaoshengmnist_224,swin_tiny,3,0.01,42,regmean,,test,0.22911051212938005,0.1683362118595279,0.1024392316845147,0.12273832684824904,3.0710071930452605,1113,8,6,0.1734052111410602,6,0.9236298292902066,5.3264248704663215,0.7502246181491464,1.3097198970386228,2,0.12975276769649283,0.6476143881173162,0.501740790655885,0.7502246181491464,0.5129837287809935,0.000000 0.000000 0.000000 0.377778 0.000000 0.000000 0.968912 0.000000,0.000000 0.000000 0.000000 0.800000 0.000000 0.000000 0.181907 0.000000,0.000000 0.000000 0.000000 0.513208 0.000000 0.000000 0.306306 0.000000,121 121 117 180 100 141 193 140,0 0 0 85 0 0 1028 0,0.003528 0.009658 0.008392 0.063024 0.218328 0.209049 0.475544 0.012477,"[[0,0,0,1,0,0,120,0],[0,0,0,1,0,0,120,0],[0,0,0,0,0,0,117,0],[0,0,0,68,0,0,112,0],[0,0,0,0,0,0,100,0],[0,0,0,1,0,0,140,0],[0,0,0,6,0,0,187,0],[0,0,0,8,0,0,132,0]]",outputs/prediction_diagnostics_4models_c3_b001_by_dataset/chaoshengmnist_224/merged/small/chaoshengmnist_224/swin_tiny/clients_3/beta_0p01/seed_42/regmean/merged.pt,outputs/prediction_diagnostics_4models_c3_b001_by_dataset/chaoshengmnist_224/merged/small/chaoshengmnist_224/swin_tiny/clients_3/beta_0p01/seed_42/regmean,2026-07-06T10:30:30,
OK,,12.21,merge,small,chaoshengmnist_224,swin_tiny,3,0.01,42,breadcrumbs,,test,0.12668463611859837,0.125,0.028110047846889953,0.015835579514824796,2.110764824797844,1113,8,6,0.1734052111410602,5,1.0,5.766839378238342,0.8265947888589398,1.0,1,-0.0,0.9809003540710743,0.19519317160826594,0.8733153638814017,0.13877846923089998,0.000000 0.000000 0.000000 0.000000 0.000000 1.000000 0.000000 0.000000,0.000000 0.000000 0.000000 0.000000 0.000000 0.126685 0.000000 0.000000,0.000000 0.000000 0.000000 0.000000 0.000000 0.224880 0.000000 0.000000,121 121 117 180 100 141 193 140,0 0 0 0 0 1113 0 0,0.096113 0.095233 0.098613 0.116498 0.160117 0.195194 0.148480 0.089752,"[[0,0,0,0,0,121,0,0],[0,0,0,0,0,121,0,0],[0,0,0,0,0,117,0,0],[0,0,0,0,0,180,0,0],[0,0,0,0,0,100,0,0],[0,0,0,0,0,141,0,0],[0,0,0,0,0,193,0,0],[0,0,0,0,0,140,0,0]]",outputs/prediction_diagnostics_4models_c3_b001_by_dataset/chaoshengmnist_224/merged/small/chaoshengmnist_224/swin_tiny/clients_3/beta_0p01/seed_42/breadcrumbs/merged.pt,outputs/prediction_diagnostics_4models_c3_b001_by_dataset/chaoshengmnist_224/merged/small/chaoshengmnist_224/swin_tiny/clients_3/beta_0p01/seed_42/breadcrumbs,2026-07-06T10:30:46,
OK,,4.36,merge,small,chaoshengmnist_224,swin_tiny,3,0.01,42,model_stock,,test,0.1734052111410602,0.125,0.036944869831546705,0.021675651392632524,2.0855751277515724,1113,8,6,0.1734052111410602,6,1.0,5.766839378238342,0.8265947888589398,1.0,1,-0.0,0.9646600527232148,0.24434243036837378,0.8265947888589398,0.13870642861373667,0.000000 0.000000 0.000000 0.000000 0.000000 0.000000 1.000000 0.000000,0.000000 0.000000 0.000000 0.000000 0.000000 0.000000 0.173405 0.000000,0.000000 0.000000 0.000000 0.000000 0.000000 0.000000 0.295559 0.000000,121 121 117 180 100 141 193 140,0 0 0 0 0 0 1113 0,0.066098 0.112501 0.098893 0.097811 0.128570 0.151945 0.244342 0.099840,"[[0,0,0,0,0,0,121,0],[0,0,0,0,0,0,121,0],[0,0,0,0,0,0,117,0],[0,0,0,0,0,0,180,0],[0,0,0,0,0,0,100,0],[0,0,0,0,0,0,141,0],[0,0,0,0,0,0,193,0],[0,0,0,0,0,0,140,0]]",outputs/prediction_diagnostics_4models_c3_b001_by_dataset/chaoshengmnist_224/merged/small/chaoshengmnist_224/swin_tiny/clients_3/beta_0p01/seed_42/model_stock/merged.pt,outputs/prediction_diagnostics_4models_c3_b001_by_dataset/chaoshengmnist_224/merged/small/chaoshengmnist_224/swin_tiny/clients_3/beta_0p01/seed_42/model_stock,2026-07-06T10:30:58,
OK,,4.03,merge,small,chaoshengmnist_224,swin_tiny,3,0.01,42,from,,test,0.1752021563342318,0.12657599309153714,0.044291842936304594,0.07151639344262295,2.08547159282345,1113,8,6,0.1734052111410602,6,0.9865229110512129,5.689119170984456,0.8131176999101527,1.074041360195166,2,0.034349850350333944,0.912546418967682,0.34028245732255163,0.8131176999101527,0.1844588469256451,0.000000 0.000000 0.000000 0.033333 0.000000 0.000000 0.979275 0.000000,0.000000 0.000000 0.000000 0.400000 0.000000 0.000000 0.172131 0.000000,0.000000 0.000000 0.000000 0.061538 0.000000 0.000000 0.292796 0.000000,121 121 117 180 100 141 193 140,0 0 0 15 0 0 1098 0,0.035916 0.102023 0.096195 0.098768 0.108322 0.120189 0.339389 0.099199,"[[0,0,0,0,0,0,121,0],[0,0,0,0,0,0,121,0],[0,0,0,0,0,0,117,0],[0,0,0,6,0,0,174,0],[0,0,0,0,0,0,100,0],[0,0,0,0,0,0,141,0],[0,0,0,4,0,0,189,0],[0,0,0,5,0,0,135,0]]",outputs/prediction_diagnostics_4models_c3_b001_by_dataset/chaoshengmnist_224/merged/small/chaoshengmnist_224/swin_tiny/clients_3/beta_0p01/seed_42/from/merged.pt,outputs/prediction_diagnostics_4models_c3_b001_by_dataset/chaoshengmnist_224/merged/small/chaoshengmnist_224/swin_tiny/clients_3/beta_0p01/seed_42/from,2026-07-06T10:31:03,
OK,,5.00,merge,small,chaoshengmnist_224,swin_tiny,3,0.01,42,iso_c,,test,0.17430368373764601,0.12588652482269502,0.038778182676878,0.08423423423423423,2.0441111438679247,1113,8,6,0.1734052111410602,6,0.9973045822102425,5.751295336787565,0.8238993710691823,1.0205626468616174,3,0.009788248130581356,0.9923800456770787,0.17881008535489668,0.8238993710691823,0.06121799331380275,0.000000 0.000000 0.000000 0.000000 0.000000 0.007092 1.000000 0.000000,0.000000 0.000000 0.000000 0.000000 0.000000 0.500000 0.173874 0.000000,0.000000 0.000000 0.000000 0.000000 0.000000 0.013986 0.296239 0.000000,121 121 117 180 100 141 193 140,0 0 0 1 0 2 1110 0,0.097338 0.125305 0.109331 0.111894 0.117248 0.134298 0.178810 0.125776,"[[0,0,0,0,0,0,121,0],[0,0,0,1,0,0,120,0],[0,0,0,0,0,0,117,0],[0,0,0,0,0,1,179,0],[0,0,0,0,0,0,100,0],[0,0,0,0,0,1,140,0],[0,0,0,0,0,0,193,0],[0,0,0,0,0,0,140,0]]",outputs/prediction_diagnostics_4models_c3_b001_by_dataset/chaoshengmnist_224/merged/small/chaoshengmnist_224/swin_tiny/clients_3/beta_0p01/seed_42/iso_c/merged.pt,outputs/prediction_diagnostics_4models_c3_b001_by_dataset/chaoshengmnist_224/merged/small/chaoshengmnist_224/swin_tiny/clients_3/beta_0p01/seed_42/iso_c,2026-07-06T10:31:07,
OK,,4.61,merge,small,chaoshengmnist_224,swin_tiny,3,0.01,42,free_merge,,test,0.1734052111410602,0.125,0.036944869831546705,0.021675651392632524,2.090771177279874,1113,8,6,0.1734052111410602,6,1.0,5.766839378238342,0.8265947888589398,1.0,1,-0.0,0.9666645831606371,0.24814690026954178,0.8265947888589398,0.12401495130329229,0.000000 0.000000 0.000000 0.000000 0.000000 0.000000 1.000000 0.000000,0.000000 0.000000 0.000000 0.000000 0.000000 0.000000 0.173405 0.000000,0.000000 0.000000 0.000000 0.000000 0.000000 0.000000 0.295559 0.000000,121 121 117 180 100 141 193 140,0 0 0 0 0 0 1113 0,0.065601 0.127286 0.110388 0.099557 0.115293 0.125159 0.248137 0.108579,"[[0,0,0,0,0,0,121,0],[0,0,0,0,0,0,121,0],[0,0,0,0,0,0,117,0],[0,0,0,0,0,0,180,0],[0,0,0,0,0,0,100,0],[0,0,0,0,0,0,141,0],[0,0,0,0,0,0,193,0],[0,0,0,0,0,0,140,0]]",outputs/prediction_diagnostics_4models_c3_b001_by_dataset/chaoshengmnist_224/merged/small/chaoshengmnist_224/swin_tiny/clients_3/beta_0p01/seed_42/free_merge/merged.pt,outputs/prediction_diagnostics_4models_c3_b001_by_dataset/chaoshengmnist_224/merged/small/chaoshengmnist_224/swin_tiny/clients_3/beta_0p01/seed_42/free_merge,2026-07-06T10:31:12,
OK,,4.49,merge,small,chaoshengmnist_224,swin_tiny,3,0.01,42,robustmerge,,test,0.12668463611859837,0.125,0.028110047846889953,0.015835579514824796,2.542512933091869,1113,8,6,0.1734052111410602,5,1.0,5.766839378238342,0.8265947888589398,1.0,1,-0.0,0.7933034035420166,0.33929975292003595,0.8733153638814017,0.4276597707782272,0.000000 0.000000 0.000000 0.000000 0.000000 1.000000 0.000000 0.000000,0.000000 0.000000 0.000000 0.000000 0.000000 0.126685 0.000000 0.000000,0.000000 0.000000 0.000000 0.000000 0.000000 0.224880 0.000000 0.000000,121 121 117 180 100 141 193 140,0 0 0 0 0 1113 0 0,0.026052 0.035607 0.033932 0.037314 0.220414 0.339314 0.257869 0.049498,"[[0,0,0,0,0,121,0,0],[0,0,0,0,0,121,0,0],[0,0,0,0,0,117,0,0],[0,0,0,0,0,180,0,0],[0,0,0,0,0,100,0,0],[0,0,0,0,0,141,0,0],[0,0,0,0,0,193,0,0],[0,0,0,0,0,140,0,0]]",outputs/prediction_diagnostics_4models_c3_b001_by_dataset/chaoshengmnist_224/merged/small/chaoshengmnist_224/swin_tiny/clients_3/beta_0p01/seed_42/robustmerge/merged.pt,outputs/prediction_diagnostics_4models_c3_b001_by_dataset/chaoshengmnist_224/merged/small/chaoshengmnist_224/swin_tiny/clients_3/beta_0p01/seed_42/robustmerge,2026-07-06T10:31:17,
OK,,3.93,merge,small,chaoshengmnist_224,swin_tiny,3,0.01,42,my_merge,,test,0.481581311769991,0.4755512608062317,0.4625926657310085,0.4675265297593028,3.260476687312233,1113,8,6,0.1734052111410602,3,0.20395327942497754,1.1761658031088082,0.030548068283917346,7.668873644145966,8,0.9796715664425169,0.9810614635027027,0.8399595687331537,0.13117699910152741,0.12330974217575093,0.438017 0.619835 0.358974 0.811111 0.540000 0.297872 0.388601 0.350000,0.524752 0.465839 0.415842 0.643172 0.339623 0.428571 0.500000 0.422414,0.477477 0.531915 0.385321 0.717445 0.416988 0.351464 0.437318 0.382812,121 121 117 180 100 141 193 140,101 161 101 227 159 98 150 116,0.089278 0.139821 0.091736 0.203605 0.140171 0.091071 0.134321 0.109996,"[[53,29,4,5,10,4,11,5],[17,75,2,5,6,7,7,2],[6,8,42,11,23,10,7,10],[2,7,9,146,5,1,2,8],[2,6,17,3,54,7,8,3],[3,9,8,26,25,42,16,12],[12,13,12,15,27,12,75,27],[6,14,7,16,9,15,24,49]]",outputs/prediction_diagnostics_4models_c3_b001_by_dataset/chaoshengmnist_224/merged/small/chaoshengmnist_224/swin_tiny/clients_3/beta_0p01/seed_42/my_merge/merged.pt,outputs/prediction_diagnostics_4models_c3_b001_by_dataset/chaoshengmnist_224/merged/small/chaoshengmnist_224/swin_tiny/clients_3/beta_0p01/seed_42/my_merge,2026-07-06T10:31:21,
OK,,2.21,client,small,chaoshengmnist_224,vit_t,3,0.01,42,client_0,0,test,0.12668463611859837,0.125,0.028177458033573143,0.01587837837837838,7.721424085646198,1113,8,6,0.1734052111410602,5,0.9973045822102425,5.751295336787565,0.8238993710691823,1.0205626468616174,3,0.009788248130581354,0.2108836056434448,0.8847147349505841,0.8706199460916442,0.7577581000228676,0.000000 0.000000 0.000000 0.000000 0.000000 1.000000 0.000000 0.000000,0.000000 0.000000 0.000000 0.000000 0.000000 0.127027 0.000000 0.000000,0.000000 0.000000 0.000000 0.000000 0.000000 0.225420 0.000000 0.000000,121 121 117 180 100 141 193 140,0 0 0 0 2 1110 1 0,0.000024 0.000016 0.000011 0.000010 0.061346 0.884443 0.054139 0.000011,"[[0,0,0,0,1,120,0,0],[0,0,0,0,1,119,1,0],[0,0,0,0,0,117,0,0],[0,0,0,0,0,180,0,0],[0,0,0,0,0,100,0,0],[0,0,0,0,0,141,0,0],[0,0,0,0,0,193,0,0],[0,0,0,0,0,140,0,0]]",/data2/liyapeng_grp/program/MedMNISTMerge/model_hub/small/chaoshengmnist_224/vit_t/clients_3/beta_0p01/seed_42/client_0.pt,,2026-07-06T10:31:25,
OK,,2.28,client,small,chaoshengmnist_224,vit_t,3,0.01,42,client_1,1,test,0.1096136567834681,0.12603305785123967,0.026622449234146583,0.02621260199456029,10.053687631173489,1113,8,6,0.1734052111410602,0,0.9910152740341419,5.715025906735751,0.8176100628930817,1.0526200380353519,2,0.024661587947119604,0.04089594764004217,0.9871967654986523,0.8823000898472595,0.8746724993809439,1.000000 0.008264 0.000000 0.000000 0.000000 0.000000 0.000000 0.000000,0.109701 0.100000 0.000000 0.000000 0.000000 0.000000 0.000000 0.000000,0.197712 0.015267 0.000000 0.000000 0.000000 0.000000 0.000000 0.000000,121 121 117 180 100 141 193 140,1103 10 0 0 0 0 0 0,0.983388 0.016553 0.000011 0.000017 0.000005 0.000010 0.000009 0.000007,"[[121,0,0,0,0,0,0,0],[120,1,0,0,0,0,0,0],[117,0,0,0,0,0,0,0],[178,2,0,0,0,0,0,0],[99,1,0,0,0,0,0,0],[139,2,0,0,0,0,0,0],[192,1,0,0,0,0,0,0],[137,3,0,0,0,0,0,0]]",/data2/liyapeng_grp/program/MedMNISTMerge/model_hub/small/chaoshengmnist_224/vit_t/clients_3/beta_0p01/seed_42/client_1.pt,,2026-07-06T10:31:27,
OK,,2.26,client,small,chaoshengmnist_224,vit_t,3,0.01,42,client_2,2,test,0.2416891284815813,0.2290530807576262,0.157713134700244,0.17000868707946135,6.490988636273901,1113,8,6,0.1734052111410602,7,0.46540880503144655,2.683937823834197,0.2920035938903863,2.8966150139161777,5,0.5114559834182493,0.5311929740001822,0.8125561545372866,0.6190476190476191,0.6105866338957966,0.000000 0.024793 0.606838 0.672222 0.000000 0.000000 0.000000 0.528571,0.000000 0.250000 0.165888 0.801325 0.000000 0.000000 0.000000 0.142857,0.000000 0.045113 0.260550 0.731118 0.000000 0.000000 0.000000 0.224924,121 121 117 180 100 141 193 140,0 12 428 151 0 0 4 518,0.000028 0.016298 0.385146 0.132947 0.000020 0.000006 0.009206 0.456348,"[[0,4,61,1,0,0,0,55],[0,3,56,4,0,0,0,58],[0,0,71,1,0,0,1,44],[0,0,14,121,0,0,0,45],[0,0,47,0,0,0,0,53],[0,1,60,4,0,0,2,74],[0,2,68,8,0,0,0,115],[0,2,51,12,0,0,1,74]]",/data2/liyapeng_grp/program/MedMNISTMerge/model_hub/small/chaoshengmnist_224/vit_t/clients_3/beta_0p01/seed_42/client_2.pt,,2026-07-06T10:31:30,
OK,,2.41,merge,small,chaoshengmnist_224,vit_t,3,0.01,42,avg,,test,0.17430368373764601,0.12569444444444444,0.03835439554624162,0.14669514388489208,2.6490047485680592,1113,8,6,0.1734052111410602,6,0.9991015274034142,5.761658031088083,0.825696316262354,1.0072266746007954,2,0.0034627986262535646,0.6292781264336332,0.5963611859838275,0.825696316262354,0.48325472429191796,0.000000 0.000000 0.000000 0.005556 0.000000 0.000000 1.000000 0.000000,0.000000 0.000000 0.000000 1.000000 0.000000 0.000000 0.173561 0.000000,0.000000 0.000000 0.000000 0.011050 0.000000 0.000000 0.295785 0.000000,121 121 117 180 100 141 193 140,0 0 0 1 0 0 1112 0,0.022473 0.060687 0.028576 0.018583 0.068371 0.187095 0.596250 0.017965,"[[0,0,0,0,0,0,121,0],[0,0,0,0,0,0,121,0],[0,0,0,0,0,0,117,0],[0,0,0,1,0,0,179,0],[0,0,0,0,0,0,100,0],[0,0,0,0,0,0,141,0],[0,0,0,0,0,0,193,0],[0,0,0,0,0,0,140,0]]",outputs/prediction_diagnostics_4models_c3_b001_by_dataset/chaoshengmnist_224/merged/small/chaoshengmnist_224/vit_t/clients_3/beta_0p01/seed_42/avg/merged.pt,outputs/prediction_diagnostics_4models_c3_b001_by_dataset/chaoshengmnist_224/merged/small/chaoshengmnist_224/vit_t/clients_3/beta_0p01/seed_42/avg,2026-07-06T10:31:32,
OK,,2.73,merge,small,chaoshengmnist_224,vit_t,3,0.01,42,ties,,test,0.30098831985624436,0.27597246691394123,0.21296804379423884,0.20786196152286013,2.3186467008770637,1113,8,6,0.1734052111410602,1,0.2857142857142857,1.6476683937823833,0.1123090745732255,4.18601502220265,5,0.6885258296503648,0.8370826953943491,0.4554413746630728,0.4330637915543576,0.2966765363487201,0.000000 0.504132 0.555556 0.822222 0.000000 0.000000 0.290155 0.035714,0.000000 0.191824 0.211039 0.826816 0.000000 0.000000 0.195122 0.238095,0.000000 0.277904 0.305882 0.824513 0.000000 0.000000 0.233333 0.062112,121 121 117 180 100 141 193 140,0 318 308 179 0 0 287 21,0.036105 0.234658 0.211736 0.170794 0.011160 0.006072 0.228456 0.101020,"[[0,48,40,4,0,0,26,3],[0,61,28,3,0,0,29,0],[0,30,65,1,0,0,19,2],[0,4,5,148,0,0,23,0],[0,39,30,0,0,0,29,2],[0,33,36,6,0,0,63,3],[0,60,63,8,0,0,56,6],[0,43,41,9,0,0,42,5]]",outputs/prediction_diagnostics_4models_c3_b001_by_dataset/chaoshengmnist_224/merged/small/chaoshengmnist_224/vit_t/clients_3/beta_0p01/seed_42/ties/merged.pt,outputs/prediction_diagnostics_4models_c3_b001_by_dataset/chaoshengmnist_224/merged/small/chaoshengmnist_224/vit_t/clients_3/beta_0p01/seed_42/ties,2026-07-06T10:31:34,
OK,,2.55,merge,small,chaoshengmnist_224,vit_t,3,0.01,42,dare_linear,,test,0.1725067385444744,0.12435233160621761,0.03689469638739431,0.021660649819494584,2.9114820235287513,1113,8,6,0.1734052111410602,6,0.995507637017071,5.740932642487047,0.8221024258760108,1.029182883283715,2,0.013833122798641318,0.7045076062120921,0.4504997753818509,0.8221024258760108,0.44705563649806396,0.000000 0.000000 0.000000 0.000000 0.000000 0.000000 0.994819 0.000000,0.000000 0.000000 0.000000 0.000000 0.000000 0.000000 0.173285 0.000000,0.000000 0.000000 0.000000 0.000000 0.000000 0.000000 0.295158 0.000000,121 121 117 180 100 141 193 140,0 0 0 0 0 5 1108 0,0.020384 0.177566 0.014674 0.003234 0.115976 0.201773 0.450393 0.016001,"[[0,0,0,0,0,0,121,0],[0,0,0,0,0,0,121,0],[0,0,0,0,0,0,117,0],[0,0,0,0,0,3,177,0],[0,0,0,0,0,0,100,0],[0,0,0,0,0,0,141,0],[0,0,0,0,0,1,192,0],[0,0,0,0,0,1,139,0]]",outputs/prediction_diagnostics_4models_c3_b001_by_dataset/chaoshengmnist_224/merged/small/chaoshengmnist_224/vit_t/clients_3/beta_0p01/seed_42/dare_linear/merged.pt,outputs/prediction_diagnostics_4models_c3_b001_by_dataset/chaoshengmnist_224/merged/small/chaoshengmnist_224/vit_t/clients_3/beta_0p01/seed_42/dare_linear,2026-07-06T10:31:37,
OK,,3.07,merge,small,chaoshengmnist_224,vit_t,3,0.01,42,dare_ties,,test,0.13117699910152741,0.1389787245178051,0.06911903836042987,0.15573556671315306,3.0160758814507527,1113,8,6,0.1734052111410602,1,0.821203953279425,4.7357512953367875,0.6477987421383647,2.0359827799927017,7,0.34190845312932444,0.6569423378036191,0.6331704851752021,0.7124887690925427,0.49739014949684024,0.000000 0.909091 0.000000 0.155556 0.000000 0.021277 0.025907 0.000000,0.000000 0.120350 0.000000 0.823529 0.000000 0.214286 0.087719 0.000000,0.000000 0.212560 0.000000 0.261682 0.000000 0.038710 0.040000 0.000000,121 121 117 180 100 141 193 140,87 914 0 34 4 14 57 3,0.126589 0.588232 0.009887 0.027352 0.039621 0.080733 0.108155 0.019431,"[[0,117,0,0,0,0,4,0],[1,110,0,0,0,3,7,0],[0,115,0,0,0,0,2,0],[76,52,0,28,2,3,17,2],[1,91,0,0,0,1,7,0],[1,124,0,1,2,3,10,0],[5,178,0,2,0,2,5,1],[3,127,0,3,0,2,5,0]]",outputs/prediction_diagnostics_4models_c3_b001_by_dataset/chaoshengmnist_224/merged/small/chaoshengmnist_224/vit_t/clients_3/beta_0p01/seed_42/dare_ties/merged.pt,outputs/prediction_diagnostics_4models_c3_b001_by_dataset/chaoshengmnist_224/merged/small/chaoshengmnist_224/vit_t/clients_3/beta_0p01/seed_42/dare_ties,2026-07-06T10:31:40,
OK,,9.29,merge,small,chaoshengmnist_224,vit_t,3,0.01,42,regmean,,test,0.16531895777178796,0.1368463601954948,0.06315794510584542,0.041253850972996366,4.669603592837489,1113,8,6,0.1734052111410602,6,0.504941599281222,2.911917098445596,0.33153638814016173,1.999902323181228,2,0.33330984644945566,0.4763703154827614,0.6313173854447439,0.6999101527403415,0.6216131759491657,0.000000 0.000000 0.000000 0.000000 0.000000 0.524823 0.569948 0.000000,0.000000 0.000000 0.000000 0.000000 0.000000 0.134301 0.195730 0.000000,0.000000 0.000000 0.000000 0.000000 0.000000 0.213873 0.291391 0.000000,121 121 117 180 100 141 193 140,0 0 0 0 0 551 562 0,0.000273 0.000180 0.006754 0.002007 0.048340 0.449288 0.472415 0.020742,"[[0,0,0,0,0,68,53,0],[0,0,0,0,0,58,63,0],[0,0,0,0,0,59,58,0],[0,0,0,0,0,76,104,0],[0,0,0,0,0,47,53,0],[0,0,0,0,0,74,67,0],[0,0,0,0,0,83,110,0],[0,0,0,0,0,86,54,0]]",outputs/prediction_diagnostics_4models_c3_b001_by_dataset/chaoshengmnist_224/merged/small/chaoshengmnist_224/vit_t/clients_3/beta_0p01/seed_42/regmean/merged.pt,outputs/prediction_diagnostics_4models_c3_b001_by_dataset/chaoshengmnist_224/merged/small/chaoshengmnist_224/vit_t/clients_3/beta_0p01/seed_42/regmean,2026-07-06T10:31:43,
OK,,9.19,merge,small,chaoshengmnist_224,vit_t,3,0.01,42,fisher,,test,0.2551662174303684,0.2361645299145299,0.13189904814069942,0.11157958016507441,3.512458986349183,1113,8,6,0.1734052111410602,2,0.601078167115903,3.4663212435233164,0.4276729559748428,2.389954909881256,5,0.41899446661200146,0.5910249528822036,0.839622641509434,0.6648697214734951,0.5657978954742706,0.000000 0.000000 0.794872 0.944444 0.000000 0.000000 0.000000 0.150000,0.000000 0.000000 0.139013 0.461957 0.000000 0.000000 0.000000 0.291667,0.000000 0.000000 0.236641 0.620438 0.000000 0.000000 0.000000 0.198113,121 121 117 180 100 141 193 140,3 0 669 368 0 0 1 72,0.035447 0.002791 0.526968 0.305676 0.003892 0.025229 0.019711 0.080286,"[[0,0,75,38,0,0,0,8],[1,0,84,31,0,0,1,4],[0,0,93,19,0,0,0,5],[2,0,6,170,0,0,0,2],[0,0,80,15,0,0,0,5],[0,0,101,29,0,0,0,11],[0,0,138,39,0,0,0,16],[0,0,92,27,0,0,0,21]]",outputs/prediction_diagnostics_4models_c3_b001_by_dataset/chaoshengmnist_224/merged/small/chaoshengmnist_224/vit_t/clients_3/beta_0p01/seed_42/fisher/merged.pt,outputs/prediction_diagnostics_4models_c3_b001_by_dataset/chaoshengmnist_224/merged/small/chaoshengmnist_224/vit_t/clients_3/beta_0p01/seed_42/fisher,2026-07-06T10:31:52,
OK,,3.78,merge,small,chaoshengmnist_224,vit_t,3,0.01,42,breadcrumbs,,test,0.12668463611859837,0.125,0.028110047846889953,0.015835579514824796,3.664375298320979,1113,8,6,0.1734052111410602,5,1.0,5.766839378238342,0.8265947888589398,1.0,1,-0.0,0.508023661078048,0.5991969901168014,0.8733153638814017,0.579822206357022,0.000000 0.000000 0.000000 0.000000 0.000000 1.000000 0.000000 0.000000,0.000000 0.000000 0.000000 0.000000 0.000000 0.126685 0.000000 0.000000,0.000000 0.000000 0.000000 0.000000 0.000000 0.224880 0.000000 0.000000,121 121 117 180 100 141 193 140,0 0 0 0 0 1113 0 0,0.006931 0.008204 0.007925 0.004005 0.114393 0.599150 0.256217 0.003176,"[[0,0,0,0,0,121,0,0],[0,0,0,0,0,121,0,0],[0,0,0,0,0,117,0,0],[0,0,0,0,0,180,0,0],[0,0,0,0,0,100,0,0],[0,0,0,0,0,141,0,0],[0,0,0,0,0,193,0,0],[0,0,0,0,0,140,0,0]]",outputs/prediction_diagnostics_4models_c3_b001_by_dataset/chaoshengmnist_224/merged/small/chaoshengmnist_224/vit_t/clients_3/beta_0p01/seed_42/breadcrumbs/merged.pt,outputs/prediction_diagnostics_4models_c3_b001_by_dataset/chaoshengmnist_224/merged/small/chaoshengmnist_224/vit_t/clients_3/beta_0p01/seed_42/breadcrumbs,2026-07-06T10:32:01,
OK,,2.65,merge,small,chaoshengmnist_224,vit_t,3,0.01,42,model_stock,,test,0.1752021563342318,0.12677304964539007,0.04049803723883478,0.14671467146714673,2.743818613825247,1113,8,6,0.1734052111410602,6,0.9982030548068284,5.756476683937824,0.8247978436657681,1.0132419270926794,2,0.006326226965654308,0.6459801567507444,0.4880671608265948,0.8247978436657681,0.4994835894711203,0.000000 0.000000 0.000000 0.000000 0.000000 0.014184 1.000000 0.000000,0.000000 0.000000 0.000000 0.000000 0.000000 1.000000 0.173717 0.000000,0.000000 0.000000 0.000000 0.000000 0.000000 0.027972 0.296012 0.000000,121 121 117 180 100 141 193 140,0 0 0 0 0 2 1111 0,0.019750 0.043208 0.020044 0.014247 0.087875 0.311532 0.488041 0.015304,"[[0,0,0,0,0,0,121,0],[0,0,0,0,0,0,121,0],[0,0,0,0,0,0,117,0],[0,0,0,0,0,0,180,0],[0,0,0,0,0,0,100,0],[0,0,0,0,0,2,139,0],[0,0,0,0,0,0,193,0],[0,0,0,0,0,0,140,0]]",outputs/prediction_diagnostics_4models_c3_b001_by_dataset/chaoshengmnist_224/merged/small/chaoshengmnist_224/vit_t/clients_3/beta_0p01/seed_42/model_stock/merged.pt,outputs/prediction_diagnostics_4models_c3_b001_by_dataset/chaoshengmnist_224/merged/small/chaoshengmnist_224/vit_t/clients_3/beta_0p01/seed_42/model_stock,2026-07-06T10:32:05,
OK,,2.56,merge,small,chaoshengmnist_224,vit_t,3,0.01,42,from,,test,0.28481581311769993,0.21317933126694313,0.1474466977109845,0.25935735244245883,2.3572682725986915,1113,8,6,0.1734052111410602,6,0.8643306379155435,4.984455958549223,0.6909254267744833,1.5470076315809622,4,0.20982677126616264,0.7064229828639846,0.5790094339622641,0.6909254267744833,0.4102513128266321,0.000000 0.008264 0.034188 0.688889 0.000000 0.000000 0.974093 0.000000,0.000000 0.200000 0.800000 0.879433 0.000000 0.000000 0.195426 0.000000,0.000000 0.015873 0.065574 0.772586 0.000000 0.000000 0.325541 0.000000,121 121 117 180 100 141 193 140,0 5 5 141 0 0 962 0,0.005165 0.065055 0.167244 0.103628 0.017378 0.028379 0.521534 0.091617,"[[0,4,0,1,0,0,116,0],[0,1,1,1,0,0,118,0],[0,0,4,0,0,0,113,0],[0,0,0,124,0,0,56,0],[0,0,0,0,0,0,100,0],[0,0,0,3,0,0,138,0],[0,0,0,5,0,0,188,0],[0,0,0,7,0,0,133,0]]",outputs/prediction_diagnostics_4models_c3_b001_by_dataset/chaoshengmnist_224/merged/small/chaoshengmnist_224/vit_t/clients_3/beta_0p01/seed_42/from/merged.pt,outputs/prediction_diagnostics_4models_c3_b001_by_dataset/chaoshengmnist_224/merged/small/chaoshengmnist_224/vit_t/clients_3/beta_0p01/seed_42/from,2026-07-06T10:32:08,
OK,,2.83,merge,small,chaoshengmnist_224,vit_t,3,0.01,42,iso_c,,test,0.14016172506738545,0.12305783694067787,0.05456076632848842,0.0974638964807504,2.454771029874214,1113,8,6,0.1734052111410602,5,0.5983827493261455,3.4507772020725387,0.4249775381850853,1.9841196097503664,3,0.32949966636933725,0.7409553318753976,0.445838948787062,0.6981132075471699,0.4343737253407667,0.000000 0.000000 0.000000 0.005556 0.000000 0.652482 0.326425 0.000000,0.000000 0.000000 0.000000 0.500000 0.000000 0.138138 0.141573 0.000000,0.000000 0.000000 0.000000 0.010989 0.000000 0.228005 0.197492 0.000000,121 121 117 180 100 141 193 140,0 0 0 2 0 666 445 0,0.019563 0.070307 0.053296 0.030961 0.056834 0.392677 0.341786 0.034575,"[[0,0,0,0,0,76,45,0],[0,0,0,0,0,85,36,0],[0,0,0,0,0,86,31,0],[0,0,0,1,0,33,146,0],[0,0,0,0,0,63,37,0],[0,0,0,0,0,92,49,0],[0,0,0,0,0,130,63,0],[0,0,0,1,0,101,38,0]]",outputs/prediction_diagnostics_4models_c3_b001_by_dataset/chaoshengmnist_224/merged/small/chaoshengmnist_224/vit_t/clients_3/beta_0p01/seed_42/iso_c/merged.pt,outputs/prediction_diagnostics_4models_c3_b001_by_dataset/chaoshengmnist_224/merged/small/chaoshengmnist_224/vit_t/clients_3/beta_0p01/seed_42/iso_c,2026-07-06T10:32:10,
OK,,2.93,merge,small,chaoshengmnist_224,vit_t,3,0.01,42,free_merge,,test,0.1734052111410602,0.125,0.036944869831546705,0.021675651392632524,2.7446804543603998,1113,8,6,0.1734052111410602,6,1.0,5.766839378238342,0.8265947888589398,1.0,1,-0.0,0.6240087140589723,0.5965858041329739,0.8265947888589398,0.48927101526591554,0.000000 0.000000 0.000000 0.000000 0.000000 0.000000 1.000000 0.000000,0.000000 0.000000 0.000000 0.000000 0.000000 0.000000 0.173405 0.000000,0.000000 0.000000 0.000000 0.000000 0.000000 0.000000 0.295559 0.000000,121 121 117 180 100 141 193 140,0 0 0 0 0 0 1113 0,0.020761 0.067994 0.032353 0.011623 0.054856 0.192697 0.596664 0.023052,"[[0,0,0,0,0,0,121,0],[0,0,0,0,0,0,121,0],[0,0,0,0,0,0,117,0],[0,0,0,0,0,0,180,0],[0,0,0,0,0,0,100,0],[0,0,0,0,0,0,141,0],[0,0,0,0,0,0,193,0],[0,0,0,0,0,0,140,0]]",outputs/prediction_diagnostics_4models_c3_b001_by_dataset/chaoshengmnist_224/merged/small/chaoshengmnist_224/vit_t/clients_3/beta_0p01/seed_42/free_merge/merged.pt,outputs/prediction_diagnostics_4models_c3_b001_by_dataset/chaoshengmnist_224/merged/small/chaoshengmnist_224/vit_t/clients_3/beta_0p01/seed_42/free_merge,2026-07-06T10:32:13,
OK,,2.54,merge,small,chaoshengmnist_224,vit_t,3,0.01,42,robustmerge,,test,0.12578616352201258,0.12411347517730496,0.028135048231511254,0.01586582048957389,3.3707083456171385,1113,8,6,0.1734052111410602,5,0.9910152740341419,5.715025906735751,0.8176100628930817,1.0526200380353519,2,0.024661587947119604,0.5222809634820148,0.5916722821203954,0.8643306379155435,0.5666111666528297,0.000000 0.000000 0.000000 0.000000 0.000000 0.992908 0.000000 0.000000,0.000000 0.000000 0.000000 0.000000 0.000000 0.126927 0.000000 0.000000,0.000000 0.000000 0.000000 0.000000 0.000000 0.225080 0.000000 0.000000,121 121 117 180 100 141 193 140,0 0 0 0 0 1103 10 0,0.012308 0.007834 0.012734 0.006181 0.090492 0.591246 0.274810 0.004394,"[[0,0,0,0,0,121,0,0],[0,0,0,0,0,120,1,0],[0,0,0,0,0,117,0,0],[0,0,0,0,0,172,8,0],[0,0,0,0,0,100,0,0],[0,0,0,0,0,140,1,0],[0,0,0,0,0,193,0,0],[0,0,0,0,0,140,0,0]]",outputs/prediction_diagnostics_4models_c3_b001_by_dataset/chaoshengmnist_224/merged/small/chaoshengmnist_224/vit_t/clients_3/beta_0p01/seed_42/robustmerge/merged.pt,outputs/prediction_diagnostics_4models_c3_b001_by_dataset/chaoshengmnist_224/merged/small/chaoshengmnist_224/vit_t/clients_3/beta_0p01/seed_42/robustmerge,2026-07-06T10:32:16,
OK,,2.38,merge,small,chaoshengmnist_224,vit_t,3,0.01,42,my_merge,,test,0.46451033243486073,0.4549555957603206,0.4270440438945078,0.4470139879896279,11.483782745114555,1113,8,6,0.1734052111410602,1,0.20395327942497754,1.1761658031088082,0.030548068283917346,7.231951645849101,8,0.9514616772208473,0.9528308314353217,0.9547394429469901,0.19137466307277629,0.18746890271322333,0.462810 0.661157 0.376068 0.905556 0.510000 0.212766 0.404145 0.107143,0.474576 0.352423 0.363636 0.806931 0.281768 0.434783 0.513158 0.348837,0.468619 0.459770 0.369748 0.853403 0.362989 0.285714 0.452174 0.163934,121 121 117 180 100 141 193 140,118 227 121 202 181 69 152 43,0.103999 0.203429 0.107740 0.181656 0.160053 0.061937 0.140031 0.041155,"[[56,36,4,2,8,4,8,3],[13,80,2,2,11,4,8,1],[9,15,44,0,32,5,11,1],[4,5,1,163,5,1,1,0],[5,8,18,0,51,5,13,0],[9,19,18,12,35,30,10,8],[12,24,24,11,23,6,78,15],[10,40,10,12,16,14,23,15]]",outputs/prediction_diagnostics_4models_c3_b001_by_dataset/chaoshengmnist_224/merged/small/chaoshengmnist_224/vit_t/clients_3/beta_0p01/seed_42/my_merge/merged.pt,outputs/prediction_diagnostics_4models_c3_b001_by_dataset/chaoshengmnist_224/merged/small/chaoshengmnist_224/vit_t/clients_3/beta_0p01/seed_42/my_merge,2026-07-06T10:32:18,
OK,,35.41,merge,small,chaoshengmnist_224,convnext,3,0.01,42,fisher,,test,0.1734052111410602,0.125,0.036944869831546705,0.021675651392632524,2.825705090408805,1113,8,6,0.1734052111410602,6,1.0,5.766839378238342,0.8265947888589398,1.0,1,-0.0,0.6720373493322467,0.5258802223719676,0.8265947888589398,0.47713452461658573,0.000000 0.000000 0.000000 0.000000 0.000000 0.000000 1.000000 0.000000,0.000000 0.000000 0.000000 0.000000 0.000000 0.000000 0.173405 0.000000,0.000000 0.000000 0.000000 0.000000 0.000000 0.000000 0.295559 0.000000,121 121 117 180 100 141 193 140,0 0 0 0 0 0 1113 0,0.199544 0.056525 0.138971 0.024515 0.013184 0.008782 0.525861 0.032617,"[[0,0,0,0,0,0,121,0],[0,0,0,0,0,0,121,0],[0,0,0,0,0,0,117,0],[0,0,0,0,0,0,180,0],[0,0,0,0,0,0,100,0],[0,0,0,0,0,0,141,0],[0,0,0,0,0,0,193,0],[0,0,0,0,0,0,140,0]]",outputs/prediction_diagnostics_4models_c3_b001_by_dataset/chaoshengmnist_224/merged/small/chaoshengmnist_224/convnext/clients_3/beta_0p01/seed_42/fisher/merged.pt,outputs/prediction_diagnostics_4models_c3_b001_by_dataset/chaoshengmnist_224/merged/small/chaoshengmnist_224/convnext/clients_3/beta_0p01/seed_42/fisher,2026-07-06T10:42:33,
OK,,18.84,merge,small,chaoshengmnist_224,swin_tiny,3,0.01,42,fisher,,test,0.08984725965858041,0.125,0.020627062706270627,0.011241007194244604,2.8439807600516622,1113,8,6,0.1734052111410602,4,0.9991015274034142,5.761658031088083,0.825696316262354,1.0072266746007954,2,0.0034627986262535646,0.7204284787758302,0.3753369272237197,0.9092542677448338,0.463042794064225,0.000000 0.000000 0.000000 0.000000 1.000000 0.000000 0.000000 0.000000,0.000000 0.000000 0.000000 0.000000 0.089928 0.000000 0.000000 0.000000,0.000000 0.000000 0.000000 0.000000 0.165017 0.000000 0.000000 0.000000,121 121 117 180 100 141 193 140,1 0 0 0 1112 0 0 0,0.075912 0.029024 0.005428 0.027597 0.375310 0.166620 0.311049 0.009058,"[[0,0,0,0,121,0,0,0],[0,0,0,0,121,0,0,0],[0,0,0,0,117,0,0,0],[0,0,0,0,180,0,0,0],[0,0,0,0,100,0,0,0],[0,0,0,0,141,0,0,0],[0,0,0,0,193,0,0,0],[1,0,0,0,139,0,0,0]]",outputs/prediction_diagnostics_4models_c3_b001_by_dataset/chaoshengmnist_224/merged/small/chaoshengmnist_224/swin_tiny/clients_3/beta_0p01/seed_42/fisher/merged.pt,outputs/prediction_diagnostics_4models_c3_b001_by_dataset/chaoshengmnist_224/merged/small/chaoshengmnist_224/swin_tiny/clients_3/beta_0p01/seed_42/fisher,2026-07-06T10:43:09,
OK,,5.38,client_aggregate,small,chaoshengmnist_224,convnext,3,0.01,42,client_mean,,test,0.15184186882300088,0.125,0.032801172000069496,0.01898023360287511,7.4082199786729745,1113,8,6,0.1734052111410602,6,1.0,5.766839378238342,0.8265947888589398,1.0,1.0,0.0,0.4319992259624623,0.5379932240191674,0.8481581311769991,0.608524398393849,0.333333 0.000000 0.000000 0.000000 0.000000 0.000000 0.666667 0.000000,0.036238 0.000000 0.000000 0.000000 0.000000 0.000000 0.115603 0.000000,0.065370 0.000000 0.000000 0.000000 0.000000 0.000000 0.197039 0.000000,121.000000 121.000000 117.000000 180.000000 100.000000 141.000000 193.000000 140.000000,371.000000 0.000000 0.000000 0.000000 0.000000 0.000000 742.000000 0.000000,0.333409 0.063157 0.071091 0.063499 0.081254 0.119795 0.204667 0.063128,"[[40.333333,0.0,0.0,0.0,0.0,0.0,80.666667,0.0],[40.333333,0.0,0.0,0.0,0.0,0.0,80.666667,0.0],[39.0,0.0,0.0,0.0,0.0,0.0,78.0,0.0],[60.0,0.0,0.0,0.0,0.0,0.0,120.0,0.0],[33.333333,0.0,0.0,0.0,0.0,0.0,66.666667,0.0],[47.0,0.0,0.0,0.0,0.0,0.0,94.0,0.0],[64.333333,0.0,0.0,0.0,0.0,0.0,128.666667,0.0],[46.666667,0.0,0.0,0.0,0.0,0.0,93.333333,0.0]]",/data2/liyapeng_grp/program/MedMNISTMerge/model_hub/small/chaoshengmnist_224/convnext/clients_3/beta_0p01/seed_42/client_0.pt,,2026-07-06T10:27:38,3
OK,,5.38,client_aggregate,small,chaoshengmnist_224,convnext,3,0.01,42,client_best,0,test,0.1734052111410602,0.125,0.036944869831546705,0.021675651392632524,6.09262208347372,1113,8,6,0.1734052111410602,6,1.0,5.766839378238342,0.8265947888589398,1.0,1,-0.0,0.5207734516339317,0.39670372866127585,0.8265947888589398,0.6095915877370532,0.000000 0.000000 0.000000 0.000000 0.000000 0.000000 1.000000 0.000000,0.000000 0.000000 0.000000 0.000000 0.000000 0.000000 0.173405 0.000000,0.000000 0.000000 0.000000 0.000000 0.000000 0.000000 0.295559 0.000000,121 121 117 180 100 141 193 140,0 0 0 0 0 0 1113 0,0.000104 0.000132 0.000062 0.000091 0.243585 0.359196 0.396748 0.000083,"[[0,0,0,0,0,0,121,0],[0,0,0,0,0,0,121,0],[0,0,0,0,0,0,117,0],[0,0,0,0,0,0,180,0],[0,0,0,0,0,0,100,0],[0,0,0,0,0,0,141,0],[0,0,0,0,0,0,193,0],[0,0,0,0,0,0,140,0]]",/data2/liyapeng_grp/program/MedMNISTMerge/model_hub/small/chaoshengmnist_224/convnext/clients_3/beta_0p01/seed_42/client_0.pt,,2026-07-06T10:27:38,3
OK,,2.28,client_aggregate,small,chaoshengmnist_224,resnet,3,0.01,42,client_mean,,test,0.1985624438454627,0.20180160138356087,0.11286888862396668,0.1812608677649728,3.657626350542213,1113,8,6,0.1734052111410602,5,0.7427373465109315,4.2832469775474955,0.5693321353698713,1.9520949775142225,3.3333333333333335,0.2916890918325626,0.5411945714705046,0.6915244085055405,0.7535190176699611,0.6015294640886856,0.173554 0.327824 0.233618 0.159259 0.016667 0.333333 0.072539 0.297619,0.078947 0.292109 0.066667 0.301754 0.111111 0.044173 0.482097 0.073228,0.108527 0.132085 0.103732 0.208485 0.028986 0.078008 0.125591 0.117536,121.000000 121.000000 117.000000 180.000000 100.000000 141.000000 193.000000 140.000000,88.666667 287.666667 136.666667 31.666667 5.000000 354.666667 19.000000 189.666667,0.114702 0.191265 0.133398 0.045673 0.026548 0.327754 0.058448 0.102211,"[[21.0,20.666667,12.333333,0.0,0.0,40.333333,0.333333,26.333333],[4.666667,39.666667,7.333333,0.666667,0.0,39.333333,1.0,28.333333],[11.666667,27.333333,27.333333,0.0,2.666667,36.333333,1.0,10.666667],[5.666667,54.333333,9.333333,28.666667,0.333333,59.666667,0.666667,21.333333],[11.333333,22.0,23.666667,0.0,1.666667,31.333333,0.333333,9.666667],[8.333333,38.666667,18.0,0.0,0.0,47.0,0.333333,28.666667],[18.666667,45.666667,34.333333,2.0,0.333333,55.0,14.0,23.0],[7.333333,39.333333,4.333333,0.333333,0.0,45.666667,1.333333,41.666667]]",/data2/liyapeng_grp/program/MedMNISTMerge/model_hub/small/chaoshengmnist_224/resnet/clients_3/beta_0p01/seed_42/client_0.pt,,2026-07-06T10:29:03,3
OK,,2.24,client_aggregate,small,chaoshengmnist_224,resnet,3,0.01,42,client_best,2,test,0.28751123090745734,0.28104792280781443,0.20041633386266466,0.3408900908092804,2.628530380646602,1113,8,6,0.1734052111410602,7,0.5112309074573226,2.9481865284974096,0.33782569631626236,2.892393464964943,5,0.5107546072570145,0.8038518881371286,0.5478155884995508,0.6486972147349506,0.4084677047223726,0.000000 0.099174 0.700855 0.477778 0.000000 0.000000 0.077720 0.892857,0.000000 0.750000 0.200000 0.905263 0.000000 0.000000 0.652174 0.219684,0.000000 0.175182 0.311195 0.625455 0.000000 0.000000 0.138889 0.352609,121 121 117 180 100 141 193 140,0 16 410 95 0 0 23 569,0.028277 0.069786 0.371578 0.103966 0.022653 0.030068 0.105875 0.267797,"[[0,4,37,0,0,0,1,79],[0,12,22,2,0,0,0,85],[0,0,82,0,0,0,3,32],[0,0,28,86,0,0,2,64],[0,0,71,0,0,0,0,29],[0,0,54,0,0,0,1,86],[0,0,103,6,0,0,15,69],[0,0,13,1,0,0,1,125]]",/data2/liyapeng_grp/program/MedMNISTMerge/model_hub/small/chaoshengmnist_224/resnet/clients_3/beta_0p01/seed_42/client_2.pt,,2026-07-06T10:29:07,3
OK,,3.37,client_aggregate,small,chaoshengmnist_224,swin_tiny,3,0.01,42,client_mean,,test,0.1946690625935909,0.1587173945452325,0.0673330689130049,0.058044680403220736,4.479410012134645,1113,8,6,0.1734052111410602,6,0.9221323749625636,5.317789291882557,0.7487271638215034,1.2656986423425476,2.0,0.09396304671074947,0.49547641795153974,0.5424153938304882,0.7912548667265649,0.5784443966180742,0.333333 0.005510 0.000000 0.307407 0.000000 0.000000 0.623489 0.000000,0.036238 0.083333 0.000000 0.221333 0.000000 0.000000 0.123452 0.000000,0.065370 0.010336 0.000000 0.257364 0.000000 0.000000 0.205594 0.000000,121.000000 121.000000 117.000000 180.000000 100.000000 141.000000 193.000000 140.000000,371.000000 2.666667 0.000000 83.333333 0.000000 0.000000 655.333333 0.666667,0.304257 0.094612 0.047971 0.060140 0.114069 0.107396 0.192431 0.079125,"[[40.333333,0.333333,0.0,4.666667,0.0,0.0,75.666667,0.0],[40.333333,0.666667,0.0,3.333333,0.0,0.0,76.333333,0.333333],[39.0,0.0,0.0,0.333333,0.0,0.0,77.666667,0.0],[60.0,0.333333,0.0,55.333333,0.0,0.0,64.333333,0.0],[33.333333,0.333333,0.0,1.666667,0.0,0.0,64.333333,0.333333],[47.0,0.666667,0.0,4.666667,0.0,0.0,88.666667,0.0],[64.333333,0.0,0.0,8.333333,0.0,0.0,120.333333,0.0],[46.666667,0.333333,0.0,5.0,0.0,0.0,88.0,0.0]]",/data2/liyapeng_grp/program/MedMNISTMerge/model_hub/small/chaoshengmnist_224/swin_tiny/clients_3/beta_0p01/seed_42/client_0.pt,,2026-07-06T10:29:59,3
OK,,3.30,client_aggregate,small,chaoshengmnist_224,swin_tiny,3,0.01,42,client_best,2,test,0.3018867924528302,0.22615218363569753,0.14054056057035294,0.1388689917936694,3.315122510116591,1113,8,6,0.1734052111410602,6,0.766397124887691,4.419689119170985,0.5929919137466307,1.797095927027643,4,0.2818891401322484,0.770995469120765,0.3745507637017071,0.6558849955076371,0.32370005491031517,0.000000 0.016529 0.000000 0.922222 0.000000 0.000000 0.870466 0.000000,0.000000 0.250000 0.000000 0.664000 0.000000 0.000000 0.196952 0.000000,0.000000 0.031008 0.000000 0.772093 0.000000 0.000000 0.321224 0.000000,121 121 117 180 100 141 193 140,0 8 0 250 0 0 853 2,0.000517 0.214008 0.140478 0.177376 0.000534 0.000496 0.232959 0.233633,"[[0,1,0,14,0,0,106,0],[0,2,0,10,0,0,108,1],[0,0,0,1,0,0,116,0],[0,1,0,166,0,0,13,0],[0,1,0,5,0,0,93,1],[0,2,0,14,0,0,125,0],[0,0,0,25,0,0,168,0],[0,1,0,15,0,0,124,0]]",/data2/liyapeng_grp/program/MedMNISTMerge/model_hub/small/chaoshengmnist_224/swin_tiny/clients_3/beta_0p01/seed_42/client_2.pt,,2026-07-06T10:30:06,3
OK,,2.21,client_aggregate,small,chaoshengmnist_224,vit_t,3,0.01,42,client_mean,,test,0.15932914046121593,0.16002871286962195,0.07083768065598792,0.0706998891508,8.088700117697863,1113,8,6,0.1734052111410602,5,0.8179095537586103,4.7167530224525045,0.6445043426175501,1.6565992329377157,3.3333333333333335,0.18196860649865007,0.2609908424278897,0.8948225516621743,0.7906558849955075,0.7476724110998694,0.333333 0.011019 0.202279 0.224074 0.000000 0.333333 0.000000 0.176190,0.036567 0.116667 0.055296 0.267108 0.000000 0.042342 0.000000 0.047619,0.065904 0.020127 0.086850 0.243706 0.000000 0.075140 0.000000 0.074975,121.000000 121.000000 117.000000 180.000000 100.000000 141.000000 193.000000 140.000000,367.666667 7.333333 142.666667 50.333333 0.666667 370.000000 1.666667 172.666667,0.327813 0.010956 0.128389 0.044325 0.020457 0.294820 0.021118 0.152122,"[[40.333333,1.333333,20.333333,0.333333,0.333333,40.0,0.0,18.333333],[40.0,1.333333,18.666667,1.333333,0.333333,39.666667,0.333333,19.333333],[39.0,0.0,23.666667,0.333333,0.0,39.0,0.333333,14.666667],[59.333333,0.666667,4.666667,40.333333,0.0,60.0,0.0,15.0],[33.0,0.333333,15.666667,0.0,0.0,33.333333,0.0,17.666667],[46.333333,1.0,20.0,1.333333,0.0,47.0,0.666667,24.666667],[64.0,1.0,22.666667,2.666667,0.0,64.333333,0.0,38.333333],[45.666667,1.666667,17.0,4.0,0.0,46.666667,0.333333,24.666667]]",/data2/liyapeng_grp/program/MedMNISTMerge/model_hub/small/chaoshengmnist_224/vit_t/clients_3/beta_0p01/seed_42/client_0.pt,,2026-07-06T10:31:25,3
OK,,2.26,client_aggregate,small,chaoshengmnist_224,vit_t,3,0.01,42,client_best,2,test,0.2416891284815813,0.2290530807576262,0.157713134700244,0.17000868707946135,6.490988636273901,1113,8,6,0.1734052111410602,7,0.46540880503144655,2.683937823834197,0.2920035938903863,2.8966150139161777,5,0.5114559834182493,0.5311929740001822,0.8125561545372866,0.6190476190476191,0.6105866338957966,0.000000 0.024793 0.606838 0.672222 0.000000 0.000000 0.000000 0.528571,0.000000 0.250000 0.165888 0.801325 0.000000 0.000000 0.000000 0.142857,0.000000 0.045113 0.260550 0.731118 0.000000 0.000000 0.000000 0.224924,121 121 117 180 100 141 193 140,0 12 428 151 0 0 4 518,0.000028 0.016298 0.385146 0.132947 0.000020 0.000006 0.009206 0.456348,"[[0,4,61,1,0,0,0,55],[0,3,56,4,0,0,0,58],[0,0,71,1,0,0,1,44],[0,0,14,121,0,0,0,45],[0,0,47,0,0,0,0,53],[0,1,60,4,0,0,2,74],[0,2,68,8,0,0,0,115],[0,2,51,12,0,0,1,74]]",/data2/liyapeng_grp/program/MedMNISTMerge/model_hub/small/chaoshengmnist_224/vit_t/clients_3/beta_0p01/seed_42/client_2.pt,,2026-07-06T10:31:30,3
