status,error,seconds,source,task_type,dataset,model,num_clients,beta,seed,method,client_id,split,accuracy,balanced_accuracy,macro_f1,mean_precision,loss,num_samples,num_classes,true_majority_class,true_majority_ratio,pred_majority_class,collapse_ratio,collapse_over_true_majority,collapse_excess,effective_predicted_classes,pred_nonzero_classes,pred_entropy_norm,prob_entropy_norm,mean_max_probability,pred_true_tv,prob_true_tv,per_class_recall,per_class_precision,per_class_f1,true_counts,predicted_class_counts,prob_mean,confusion_matrix_json,checkpoint_path,merged_dir,updated_at
OK,,18.04,client,small,dermamnist_224,convnext,3,0.01,42,client_0,0,test,0.14064837905236907,0.08156817683569569,0.06092882204801514,0.09824848257084103,2.0010479173160847,2005,7,5,0.6688279301745635,3,0.4139650872817955,0.6189410887397465,-0.25486284289276806,4.193388810361183,7,0.7366779977114895,0.9752500644161901,0.27925498753117206,0.5790523690773067,0.5122004280252839,0.000000 0.029126 0.150000 0.173913 0.004484 0.178971 0.034483,0.000000 0.042254 0.067762 0.004819 0.034483 0.529801 0.008621,0.000000 0.034483 0.093352 0.009379 0.007937 0.267559 0.013793,66 103 220 23 223 1341 29,19 71 487 830 29 453 116,0.090595 0.113181 0.169658 0.214325 0.088926 0.178923 0.144391,"[[0,12,7,27,0,18,2],[1,3,38,29,2,26,4],[1,15,33,84,7,72,8],[0,2,14,4,0,3,0],[5,12,47,54,1,90,14],[11,27,336,621,19,240,87],[1,0,12,11,0,4,1]]",/data2/liyapeng_grp/program/MedMNISTMerge/model_hub/small/dermamnist_224/convnext/clients_3/beta_0p01/seed_42/client_0.pt,,2026-07-06T10:07:38
OK,,15.42,client,small,dermamnist_224,convnext,3,0.01,42,client_1,1,test,0.6688279301745635,0.14285714285714285,0.1145077277773034,0.0955468471677948,2.7054650361401182,2005,7,5,0.6688279301745635,5,1.0,1.4951528709917972,0.33117206982543645,1.0,1,-0.0,0.21094160008558682,0.8945137157107232,0.33117206982543645,0.2831358475193699,0.000000 0.000000 0.000000 0.000000 0.000000 1.000000 0.000000,0.000000 0.000000 0.000000 0.000000 0.000000 0.668828 0.000000,0.000000 0.000000 0.000000 0.000000 0.000000 0.801554 0.000000,66 103 220 23 223 1341 29,0 0 0 0 0 2005 0,0.065867 0.000202 0.000206 0.000147 0.000099 0.894684 0.038794,"[[0,0,0,0,0,66,0],[0,0,0,0,0,103,0],[0,0,0,0,0,220,0],[0,0,0,0,0,23,0],[0,0,0,0,0,223,0],[0,0,0,0,0,1341,0],[0,0,0,0,0,29,0]]",/data2/liyapeng_grp/program/MedMNISTMerge/model_hub/small/dermamnist_224/convnext/clients_3/beta_0p01/seed_42/client_1.pt,,2026-07-06T10:07:56
OK,,15.35,client,small,dermamnist_224,convnext,3,0.01,42,client_2,2,test,0.10972568578553615,0.14285714285714285,0.028250401284109144,0.015675097969362308,8.174538750779302,2005,7,5,0.6688279301745635,2,1.0,1.4951528709917972,0.33117206982543645,1.0,1,-0.0,0.29375424946220496,0.8261845386533666,0.8902743142144638,0.7674337351792536,0.000000 0.000000 1.000000 0.000000 0.000000 0.000000 0.000000,0.000000 0.000000 0.109726 0.000000 0.000000 0.000000 0.000000,0.000000 0.000000 0.197753 0.000000 0.000000 0.000000 0.000000,66 103 220 23 223 1341 29,0 0 2005 0 0 0 0,0.000033 0.000022 0.826384 0.055402 0.118067 0.000036 0.000057,"[[0,0,66,0,0,0,0],[0,0,103,0,0,0,0],[0,0,220,0,0,0,0],[0,0,23,0,0,0,0],[0,0,223,0,0,0,0],[0,0,1341,0,0,0,0],[0,0,29,0,0,0,0]]",/data2/liyapeng_grp/program/MedMNISTMerge/model_hub/small/dermamnist_224/convnext/clients_3/beta_0p01/seed_42/client_2.pt,,2026-07-06T10:08:11
OK,,16.21,merge,small,dermamnist_224,convnext,3,0.01,42,avg,,test,0.10972568578553615,0.14285714285714285,0.028250401284109144,0.015675097969362308,2.837693851309227,2005,7,5,0.6688279301745635,2,1.0,1.4951528709917972,0.33117206982543645,1.0,1,-0.0,0.6512113111865405,0.5268703241895262,0.8902743142144638,0.6932915340726737,0.000000 0.000000 1.000000 0.000000 0.000000 0.000000 0.000000,0.000000 0.000000 0.109726 0.000000 0.000000 0.000000 0.000000,0.000000 0.000000 0.197753 0.000000 0.000000 0.000000 0.000000,66 103 220 23 223 1341 29,0 0 2005 0 0 0 0,0.012889 0.005866 0.526914 0.124786 0.259555 0.041071 0.028919,"[[0,0,66,0,0,0,0],[0,0,103,0,0,0,0],[0,0,220,0,0,0,0],[0,0,23,0,0,0,0],[0,0,223,0,0,0,0],[0,0,1341,0,0,0,0],[0,0,29,0,0,0,0]]",outputs/prediction_diagnostics_4models_c3_b001_by_dataset/dermamnist_224/merged/small/dermamnist_224/convnext/clients_3/beta_0p01/seed_42/avg/merged.pt,outputs/prediction_diagnostics_4models_c3_b001_by_dataset/dermamnist_224/merged/small/dermamnist_224/convnext/clients_3/beta_0p01/seed_42/avg,2026-07-06T10:08:27
OK,,17.98,merge,small,dermamnist_224,convnext,3,0.01,42,ties,,test,0.10972568578553615,0.14285714285714285,0.028250401284109144,0.015675097969362308,4.8159520632013715,2005,7,5,0.6688279301745635,2,1.0,1.4951528709917972,0.33117206982543645,1.0,1,-0.0,0.5580698194072693,0.4601932668329177,0.8902743142144638,0.7579916357976343,0.000000 0.000000 1.000000 0.000000 0.000000 0.000000 0.000000,0.000000 0.000000 0.109726 0.000000 0.000000 0.000000 0.000000,0.000000 0.000000 0.197753 0.000000 0.000000 0.000000 0.000000,66 103 220 23 223 1341 29,0 0 2005 0 0 0 0,0.002083 0.001609 0.460228 0.357200 0.172982 0.002915 0.002983,"[[0,0,66,0,0,0,0],[0,0,103,0,0,0,0],[0,0,220,0,0,0,0],[0,0,23,0,0,0,0],[0,0,223,0,0,0,0],[0,0,1341,0,0,0,0],[0,0,29,0,0,0,0]]",outputs/prediction_diagnostics_4models_c3_b001_by_dataset/dermamnist_224/merged/small/dermamnist_224/convnext/clients_3/beta_0p01/seed_42/ties/merged.pt,outputs/prediction_diagnostics_4models_c3_b001_by_dataset/dermamnist_224/merged/small/dermamnist_224/convnext/clients_3/beta_0p01/seed_42/ties,2026-07-06T10:08:43
OK,,17.82,merge,small,dermamnist_224,convnext,3,0.01,42,dare_linear,,test,0.10972568578553615,0.14285714285714285,0.028250401284109144,0.015675097969362308,2.9590557298160847,2005,7,5,0.6688279301745635,2,1.0,1.4951528709917972,0.33117206982543645,1.0,1,-0.0,0.625948788634561,0.565928927680798,0.8902743142144638,0.699881738603183,0.000000 0.000000 1.000000 0.000000 0.000000 0.000000 0.000000,0.000000 0.000000 0.109726 0.000000 0.000000 0.000000 0.000000,0.000000 0.000000 0.197753 0.000000 0.000000 0.000000 0.000000,66 103 220 23 223 1341 29,0 0 2005 0 0 0 0,0.013952 0.004695 0.565895 0.099485 0.245017 0.034588 0.036367,"[[0,0,66,0,0,0,0],[0,0,103,0,0,0,0],[0,0,220,0,0,0,0],[0,0,23,0,0,0,0],[0,0,223,0,0,0,0],[0,0,1341,0,0,0,0],[0,0,29,0,0,0,0]]",outputs/prediction_diagnostics_4models_c3_b001_by_dataset/dermamnist_224/merged/small/dermamnist_224/convnext/clients_3/beta_0p01/seed_42/dare_linear/merged.pt,outputs/prediction_diagnostics_4models_c3_b001_by_dataset/dermamnist_224/merged/small/dermamnist_224/convnext/clients_3/beta_0p01/seed_42/dare_linear,2026-07-06T10:09:01
OK,,18.52,merge,small,dermamnist_224,convnext,3,0.01,42,dare_ties,,test,0.10972568578553615,0.14285714285714285,0.028250401284109144,0.015675097969362308,5.914335255610973,2005,7,5,0.6688279301745635,2,1.0,1.4951528709917972,0.33117206982543645,1.0,1,-0.0,0.46754687392448596,0.5942331670822942,0.8902743142144638,0.7804571756724359,0.000000 0.000000 1.000000 0.000000 0.000000 0.000000 0.000000,0.000000 0.000000 0.109726 0.000000 0.000000 0.000000 0.000000,0.000000 0.000000 0.197753 0.000000 0.000000 0.000000 0.000000,66 103 220 23 223 1341 29,0 0 2005 0 0 0 0,0.000419 0.000107 0.594146 0.307508 0.096788 0.000845 0.000187,"[[0,0,66,0,0,0,0],[0,0,103,0,0,0,0],[0,0,220,0,0,0,0],[0,0,23,0,0,0,0],[0,0,223,0,0,0,0],[0,0,1341,0,0,0,0],[0,0,29,0,0,0,0]]",outputs/prediction_diagnostics_4models_c3_b001_by_dataset/dermamnist_224/merged/small/dermamnist_224/convnext/clients_3/beta_0p01/seed_42/dare_ties/merged.pt,outputs/prediction_diagnostics_4models_c3_b001_by_dataset/dermamnist_224/merged/small/dermamnist_224/convnext/clients_3/beta_0p01/seed_42/dare_ties,2026-07-06T10:09:19
OK,,64.50,merge,small,dermamnist_224,convnext,3,0.01,42,regmean,,test,0.10972568578553615,0.14285714285714285,0.028250401284109144,0.015675097969362308,8.007320687538964,2005,7,5,0.6688279301745635,2,1.0,1.4951528709917972,0.33117206982543645,1.0,1,-0.0,0.2879272162439526,0.8354738154613466,0.8902743142144638,0.7825605787913784,0.000000 0.000000 1.000000 0.000000 0.000000 0.000000 0.000000,0.000000 0.000000 0.109726 0.000000 0.000000 0.000000 0.000000,0.000000 0.000000 0.197753 0.000000 0.000000 0.000000 0.000000,66 103 220 23 223 1341 29,0 0 2005 0 0 0 0,0.000033 0.000022 0.835460 0.068298 0.096069 0.000047 0.000072,"[[0,0,66,0,0,0,0],[0,0,103,0,0,0,0],[0,0,220,0,0,0,0],[0,0,23,0,0,0,0],[0,0,223,0,0,0,0],[0,0,1341,0,0,0,0],[0,0,29,0,0,0,0]]",outputs/prediction_diagnostics_4models_c3_b001_by_dataset/dermamnist_224/merged/small/dermamnist_224/convnext/clients_3/beta_0p01/seed_42/regmean/merged.pt,outputs/prediction_diagnostics_4models_c3_b001_by_dataset/dermamnist_224/merged/small/dermamnist_224/convnext/clients_3/beta_0p01/seed_42/regmean,2026-07-06T10:09:37
FAIL,"CUDA out of memory. Tried to allocate 1.15 GiB. GPU 0 has a total capacity of 10.75 GiB of which 1.06 GiB is free. Including non-PyTorch memory, this process has 9.68 GiB memory in use. Of the allocated memory 9.47 GiB is allocated by PyTorch, and 29.22 MiB is reserved by PyTorch but unallocated. If reserved but unallocated memory is large try setting PYTORCH_CUDA_ALLOC_CONF=expandable_segments:True to avoid fragmentation.  See documentation for Memory Management  (https://pytorch.org/docs/stable/notes/cuda.html#environment-variables)",13.96,merge,small,dermamnist_224,convnext,3,0.01,42,fisher,,test,,,,,,,,,,,,,,,,,,,,,,,,,,,,,,2026-07-06T10:10:42
OK,,23.40,merge,small,dermamnist_224,convnext,3,0.01,42,breadcrumbs,,test,0.014463840399002495,0.14285714285714285,0.004073605843517348,0.0020662629141432135,2.199609862063591,2005,7,5,0.6688279301745635,6,1.0,1.4951528709917972,0.33117206982543645,1.0,1,-0.0,0.9137301786926986,0.27540523690773067,0.9855361596009975,0.5809067958685528,0.000000 0.000000 0.000000 0.000000 0.000000 0.000000 1.000000,0.000000 0.000000 0.000000 0.000000 0.000000 0.000000 0.014464,0.000000 0.000000 0.000000 0.000000 0.000000 0.000000 0.028515,66 103 220 23 223 1341 29,0 0 0 0 0 0 2005,0.031019 0.098968 0.145793 0.247707 0.086209 0.114834 0.275472,"[[0,0,0,0,0,0,66],[0,0,0,0,0,0,103],[0,0,0,0,0,0,220],[0,0,0,0,0,0,23],[0,0,0,0,0,0,223],[0,0,0,0,0,0,1341],[0,0,0,0,0,0,29]]",outputs/prediction_diagnostics_4models_c3_b001_by_dataset/dermamnist_224/merged/small/dermamnist_224/convnext/clients_3/beta_0p01/seed_42/breadcrumbs/merged.pt,outputs/prediction_diagnostics_4models_c3_b001_by_dataset/dermamnist_224/merged/small/dermamnist_224/convnext/clients_3/beta_0p01/seed_42/breadcrumbs,2026-07-06T10:10:56
OK,,17.20,merge,small,dermamnist_224,convnext,3,0.01,42,model_stock,,test,0.10972568578553615,0.14285714285714285,0.028250401284109144,0.015675097969362308,2.5023415582138404,2005,7,5,0.6688279301745635,2,1.0,1.4951528709917972,0.33117206982543645,1.0,1,-0.0,0.7627598355940761,0.3981920199501247,0.8902743142144638,0.656921137875822,0.000000 0.000000 1.000000 0.000000 0.000000 0.000000 0.000000,0.000000 0.000000 0.109726 0.000000 0.000000 0.000000 0.000000,0.000000 0.000000 0.197753 0.000000 0.000000 0.000000 0.000000,66 103 220 23 223 1341 29,0 0 2005 0 0 0 0,0.021122 0.012701 0.398139 0.135193 0.307295 0.062374 0.063177,"[[0,0,66,0,0,0,0],[0,0,103,0,0,0,0],[0,0,220,0,0,0,0],[0,0,23,0,0,0,0],[0,0,223,0,0,0,0],[0,0,1341,0,0,0,0],[0,0,29,0,0,0,0]]",outputs/prediction_diagnostics_4models_c3_b001_by_dataset/dermamnist_224/merged/small/dermamnist_224/convnext/clients_3/beta_0p01/seed_42/model_stock/merged.pt,outputs/prediction_diagnostics_4models_c3_b001_by_dataset/dermamnist_224/merged/small/dermamnist_224/convnext/clients_3/beta_0p01/seed_42/model_stock,2026-07-06T10:11:19
OK,,16.38,merge,small,dermamnist_224,convnext,3,0.01,42,from,,test,0.10972568578553615,0.14285714285714285,0.028250401284109144,0.015675097969362308,4.826834281483791,2005,7,5,0.6688279301745635,2,1.0,1.4951528709917972,0.33117206982543645,1.0,1,-0.0,0.4412652024034164,0.6938279301745636,0.8902743142144638,0.7613130423525533,0.000000 0.000000 1.000000 0.000000 0.000000 0.000000 0.000000,0.000000 0.000000 0.109726 0.000000 0.000000 0.000000 0.000000,0.000000 0.000000 0.197753 0.000000 0.000000 0.000000 0.000000,66 103 220 23 223 1341 29,0 0 2005 0 0 0 0,0.001066 0.000589 0.693904 0.127707 0.172121 0.003090 0.001522,"[[0,0,66,0,0,0,0],[0,0,103,0,0,0,0],[0,0,220,0,0,0,0],[0,0,23,0,0,0,0],[0,0,223,0,0,0,0],[0,0,1341,0,0,0,0],[0,0,29,0,0,0,0]]",outputs/prediction_diagnostics_4models_c3_b001_by_dataset/dermamnist_224/merged/small/dermamnist_224/convnext/clients_3/beta_0p01/seed_42/from/merged.pt,outputs/prediction_diagnostics_4models_c3_b001_by_dataset/dermamnist_224/merged/small/dermamnist_224/convnext/clients_3/beta_0p01/seed_42/from,2026-07-06T10:11:37
OK,,17.70,merge,small,dermamnist_224,convnext,3,0.01,42,iso_c,,test,0.11122194513715711,0.14285714285714285,0.02859707617337779,0.015888849305308157,2.2216192916147133,2005,7,5,0.6688279301745635,4,1.0,1.4951528709917972,0.33117206982543645,1.0,1,-0.0,0.7454015497822714,0.3621571072319202,0.8887780548628428,0.6199729826104518,0.000000 0.000000 0.000000 0.000000 1.000000 0.000000 0.000000,0.000000 0.000000 0.000000 0.000000 0.111222 0.000000 0.000000,0.000000 0.000000 0.000000 0.000000 0.200180 0.000000 0.000000,66 103 220 23 223 1341 29,0 0 0 0 2005 0 0,0.025211 0.010236 0.333544 0.156651 0.362197 0.098800 0.013361,"[[0,0,0,0,66,0,0],[0,0,0,0,103,0,0],[0,0,0,0,220,0,0],[0,0,0,0,23,0,0],[0,0,0,0,223,0,0],[0,0,0,0,1341,0,0],[0,0,0,0,29,0,0]]",outputs/prediction_diagnostics_4models_c3_b001_by_dataset/dermamnist_224/merged/small/dermamnist_224/convnext/clients_3/beta_0p01/seed_42/iso_c/merged.pt,outputs/prediction_diagnostics_4models_c3_b001_by_dataset/dermamnist_224/merged/small/dermamnist_224/convnext/clients_3/beta_0p01/seed_42/iso_c,2026-07-06T10:11:53
OK,,17.44,merge,small,dermamnist_224,convnext,3,0.01,42,free_merge,,test,0.11122194513715711,0.14285714285714285,0.02859707617337779,0.015888849305308157,2.824801278054863,2005,7,5,0.6688279301745635,4,1.0,1.4951528709917972,0.33117206982543645,1.0,1,-0.0,0.5481437428621805,0.5571384039900249,0.8887780548628428,0.6982155282198347,0.000000 0.000000 0.000000 0.000000 1.000000 0.000000 0.000000,0.000000 0.000000 0.000000 0.000000 0.111222 0.000000 0.000000,0.000000 0.000000 0.000000 0.000000 0.200180 0.000000 0.000000,66 103 220 23 223 1341 29,0 0 0 0 2005 0 0,0.005659 0.001354 0.333694 0.038606 0.557132 0.047889 0.015666,"[[0,0,0,0,66,0,0],[0,0,0,0,103,0,0],[0,0,0,0,220,0,0],[0,0,0,0,23,0,0],[0,0,0,0,223,0,0],[0,0,0,0,1341,0,0],[0,0,0,0,29,0,0]]",outputs/prediction_diagnostics_4models_c3_b001_by_dataset/dermamnist_224/merged/small/dermamnist_224/convnext/clients_3/beta_0p01/seed_42/free_merge/merged.pt,outputs/prediction_diagnostics_4models_c3_b001_by_dataset/dermamnist_224/merged/small/dermamnist_224/convnext/clients_3/beta_0p01/seed_42/free_merge,2026-07-06T10:12:11
OK,,17.22,merge,small,dermamnist_224,convnext,3,0.01,42,robustmerge,,test,0.10972568578553615,0.14285714285714285,0.028250401284109144,0.015675097969362308,2.652752396352868,2005,7,5,0.6688279301745635,2,1.0,1.4951528709917972,0.33117206982543645,1.0,1,-0.0,0.8574210490704524,0.31889027431421446,0.8902743142144638,0.6548619082404289,0.000000 0.000000 1.000000 0.000000 0.000000 0.000000 0.000000,0.000000 0.000000 0.109726 0.000000 0.000000 0.000000 0.000000,0.000000 0.000000 0.197753 0.000000 0.000000 0.000000 0.000000,66 103 220 23 223 1341 29,0 0 2005 0 0 0 0,0.075704 0.016158 0.318955 0.215054 0.228022 0.049179 0.096928,"[[0,0,66,0,0,0,0],[0,0,103,0,0,0,0],[0,0,220,0,0,0,0],[0,0,23,0,0,0,0],[0,0,223,0,0,0,0],[0,0,1341,0,0,0,0],[0,0,29,0,0,0,0]]",outputs/prediction_diagnostics_4models_c3_b001_by_dataset/dermamnist_224/merged/small/dermamnist_224/convnext/clients_3/beta_0p01/seed_42/robustmerge/merged.pt,outputs/prediction_diagnostics_4models_c3_b001_by_dataset/dermamnist_224/merged/small/dermamnist_224/convnext/clients_3/beta_0p01/seed_42/robustmerge,2026-07-06T10:12:28
OK,,16.22,merge,small,dermamnist_224,convnext,3,0.01,42,my_merge,,test,0.4349127182044888,0.44773446032698944,0.2897420378457971,0.30969036851262466,11.250745207294264,2005,7,5,0.6688279301745635,5,0.3286783042394015,0.49142431021625654,-0.34014962593516207,5.810834731230561,7,0.9043193658590127,0.9047536648733502,0.9539900249376558,0.3835411471321696,0.38280869404398704,0.575758 0.252427 0.236364 0.434783 0.484305 0.460850 0.689655,0.183575 0.329114 0.331210 0.037313 0.251748 0.937785 0.097087,0.278388 0.285714 0.275862 0.068729 0.331288 0.618000 0.170213,66 103 220 23 223 1341 29,207 79 157 268 429 659 206,0.102704 0.041342 0.076731 0.133379 0.214206 0.329043 0.102594,"[[38,6,5,9,7,1,0],[21,26,6,16,7,2,25],[50,18,52,21,39,15,25],[7,0,1,10,1,2,2],[27,5,20,23,108,19,21],[64,24,72,183,267,618,113],[0,0,1,6,0,2,20]]",outputs/prediction_diagnostics_4models_c3_b001_by_dataset/dermamnist_224/merged/small/dermamnist_224/convnext/clients_3/beta_0p01/seed_42/my_merge/merged.pt,outputs/prediction_diagnostics_4models_c3_b001_by_dataset/dermamnist_224/merged/small/dermamnist_224/convnext/clients_3/beta_0p01/seed_42/my_merge,2026-07-06T10:12:45
OK,,14.25,client,small,dermamnist_224,resnet,3,0.01,42,client_0,0,test,0.05187032418952618,0.20695893384791653,0.030332020874228476,0.016835986221125303,5.782220230673317,2005,7,5,0.6688279301745635,3,0.5740648379052369,0.8583146905294556,-0.09476309226932667,1.978097454838804,2,0.3505483034253114,0.5014263335894357,0.7873441396508728,0.93715710723192,0.874876754520397,0.000000 0.883495 0.000000 0.565217 0.000000 0.000000 0.000000,0.000000 0.106557 0.000000 0.011295 0.000000 0.000000 0.000000,0.000000 0.190178 0.000000 0.022147 0.000000 0.000000 0.000000,66 103 220 23 223 1341 29,0 854 0 1151 0 0 0,0.014000 0.410121 0.011015 0.527599 0.013677 0.012380 0.011208,"[[0,51,0,15,0,0,0],[0,91,0,12,0,0,0],[0,130,0,90,0,0,0],[0,10,0,13,0,0,0],[0,95,0,128,0,0,0],[0,458,0,883,0,0,0],[0,19,0,10,0,0,0]]",/data2/liyapeng_grp/program/MedMNISTMerge/model_hub/small/dermamnist_224/resnet/clients_3/beta_0p01/seed_42/client_0.pt,,2026-07-06T10:13:02
OK,,14.33,client,small,dermamnist_224,resnet,3,0.01,42,client_1,1,test,0.6812967581047381,0.3110735082500877,0.25200544996306157,0.26020064365734313,2.7255222539354738,2005,7,5,0.6688279301745635,5,0.8748129675810474,1.307979120059657,0.20598503740648388,1.4999997427164629,3,0.20836775880049435,0.26350082946153247,0.9428927680798005,0.2907730673316709,0.2799895432135739,0.757576 0.000000 0.000000 0.000000 0.000000 0.971663 0.448276,0.211864 0.000000 0.000000 0.000000 0.000000 0.742873 0.866667,0.331126 0.000000 0.000000 0.000000 0.000000 0.842003 0.590909,66 103 220 23 223 1341 29,236 0 0 0 0 1754 15,0.124156 0.001044 0.000752 0.001082 0.000923 0.848595 0.023449,"[[50,0,0,0,0,16,0],[27,0,0,0,0,76,0],[69,0,0,0,0,151,0],[5,0,0,0,0,18,0],[47,0,0,0,0,175,1],[37,0,0,0,0,1303,1],[1,0,0,0,0,15,13]]",/data2/liyapeng_grp/program/MedMNISTMerge/model_hub/small/dermamnist_224/resnet/clients_3/beta_0p01/seed_42/client_1.pt,,2026-07-06T10:13:16
OK,,14.60,client,small,dermamnist_224,resnet,3,0.01,42,client_2,2,test,0.10972568578553615,0.14285714285714285,0.028263103802672145,0.01568291987453664,10.604654014378116,2005,7,5,0.6688279301745635,2,0.9995012468827931,1.4944071588366892,0.3306733167082295,1.0043000667097226,2,0.0022050595929808013,0.022883422903207863,0.9936408977556109,0.8897755610972569,0.8835383236404899,0.000000 0.000000 1.000000 0.000000 0.000000 0.000000 0.000000,0.000000 0.000000 0.109780 0.000000 0.000000 0.000000 0.000000,0.000000 0.000000 0.197842 0.000000 0.000000 0.000000 0.000000,66 103 220 23 223 1341 29,0 0 2004 1 0 0 0,0.000066 0.000071 0.993264 0.005556 0.000909 0.000055 0.000078,"[[0,0,66,0,0,0,0],[0,0,102,1,0,0,0],[0,0,220,0,0,0,0],[0,0,23,0,0,0,0],[0,0,223,0,0,0,0],[0,0,1341,0,0,0,0],[0,0,29,0,0,0,0]]",/data2/liyapeng_grp/program/MedMNISTMerge/model_hub/small/dermamnist_224/resnet/clients_3/beta_0p01/seed_42/client_2.pt,,2026-07-06T10:13:30
OK,,14.39,merge,small,dermamnist_224,resnet,3,0.01,42,avg,,test,0.5461346633416458,0.21691387593050854,0.14864873612276988,0.1352901549543935,1.449836590165212,2005,7,5,0.6688279301745635,5,0.7037406483790524,1.052199850857569,0.034912718204488824,2.247006927735855,3,0.41605162329617185,0.9112948935603645,0.3041770573566085,0.20997506234413968,0.3816579465049061,0.000000 0.000000 0.277273 0.478261 0.000000 0.762864 0.000000,0.000000 0.000000 0.178363 0.043651 0.000000 0.725018 0.000000,0.000000 0.000000 0.217082 0.080000 0.000000 0.743459 0.000000,66 103 220 23 223 1341 29,0 0 342 252 0 1411 0,0.045331 0.139385 0.229002 0.134020 0.102799 0.295593 0.053870,"[[0,0,37,17,0,12,0],[0,0,34,19,0,50,0],[0,0,61,48,0,111,0],[0,0,5,11,0,7,0],[0,0,32,4,0,187,0],[0,0,168,150,0,1023,0],[0,0,5,3,0,21,0]]",outputs/prediction_diagnostics_4models_c3_b001_by_dataset/dermamnist_224/merged/small/dermamnist_224/resnet/clients_3/beta_0p01/seed_42/avg/merged.pt,outputs/prediction_diagnostics_4models_c3_b001_by_dataset/dermamnist_224/merged/small/dermamnist_224/resnet/clients_3/beta_0p01/seed_42/avg,2026-07-06T10:13:45
OK,,15.43,merge,small,dermamnist_224,resnet,3,0.01,42,ties,,test,0.571072319201995,0.17379553127065278,0.15640095833881376,0.4099534162943847,1.2157362635890743,2005,7,5,0.6688279301745635,5,0.7446384039900249,1.1133482475764356,0.07581047381546135,1.8199569844526062,5,0.3077289391722182,0.6571439607862282,0.5873129675810473,0.21596009975062347,0.14234721301862258,0.030303 0.000000 0.359091 0.000000 0.000000 0.792692 0.034483,1.000000 0.000000 0.157685 0.000000 0.000000 0.711989 1.000000,0.058824 0.000000 0.219140 0.000000 0.000000 0.750176 0.066667,66 103 220 23 223 1341 29,2 0 501 0 8 1493 1,0.031559 0.016455 0.210518 0.024450 0.127309 0.562756 0.026953,"[[2,0,47,0,3,14,0],[0,0,59,0,4,40,0],[0,0,79,0,0,141,0],[0,0,11,0,0,12,0],[0,0,15,0,0,208,0],[0,0,277,0,1,1063,0],[0,0,13,0,0,15,1]]",outputs/prediction_diagnostics_4models_c3_b001_by_dataset/dermamnist_224/merged/small/dermamnist_224/resnet/clients_3/beta_0p01/seed_42/ties/merged.pt,outputs/prediction_diagnostics_4models_c3_b001_by_dataset/dermamnist_224/merged/small/dermamnist_224/resnet/clients_3/beta_0p01/seed_42/ties,2026-07-06T10:13:59
OK,,15.05,merge,small,dermamnist_224,resnet,3,0.01,42,dare_linear,,test,0.5665835411471322,0.18234049612806544,0.1331672728301685,0.12383811853750323,1.4118548842736909,2005,7,5,0.6688279301745635,5,0.7970074812967581,1.1916480238627891,0.1281795511221946,1.8979362224331793,3,0.32928914905076034,0.8884039814549121,0.3238778054862843,0.23940149625935167,0.3704264529635451,0.000000 0.000000 0.104545 0.347826 0.000000 0.824012 0.000000,0.000000 0.000000 0.142857 0.032520 0.000000 0.691489 0.000000,0.000000 0.000000 0.120735 0.059480 0.000000 0.751956 0.000000,66 103 220 23 223 1341 29,0 0 161 246 0 1598 0,0.039209 0.138052 0.230708 0.143075 0.092645 0.316979 0.039333,"[[0,0,20,15,0,31,0],[0,0,21,15,0,67,0],[0,0,23,44,0,153,0],[0,0,6,8,0,9,0],[0,0,11,5,0,207,0],[0,0,78,158,0,1105,0],[0,0,2,1,0,26,0]]",outputs/prediction_diagnostics_4models_c3_b001_by_dataset/dermamnist_224/merged/small/dermamnist_224/resnet/clients_3/beta_0p01/seed_42/dare_linear/merged.pt,outputs/prediction_diagnostics_4models_c3_b001_by_dataset/dermamnist_224/merged/small/dermamnist_224/resnet/clients_3/beta_0p01/seed_42/dare_linear,2026-07-06T10:14:15
OK,,15.44,merge,small,dermamnist_224,resnet,3,0.01,42,dare_ties,,test,0.65785536159601,0.1421244657904603,0.11737020722113635,0.1226759082433894,2.0468722602673006,2005,7,5,0.6688279301745635,5,0.9790523690773068,1.463832960477256,0.3102244389027432,1.1214979649506556,3,0.05892628724612067,0.17553585018620674,0.9267456359102244,0.3102244389027432,0.251021560102992,0.000000 0.000000 0.004545 0.000000 0.008969 0.981357 0.000000,0.000000 0.000000 0.034483 0.000000 0.153846 0.670402 0.000000,0.000000 0.000000 0.008032 0.000000 0.016949 0.796610 0.000000,66 103 220 23 223 1341 29,0 0 29 0 13 1963 0,0.000042 0.001159 0.029654 0.000146 0.048654 0.919849 0.000496,"[[0,0,3,0,2,61,0],[0,0,2,0,2,99,0],[0,0,1,0,2,217,0],[0,0,1,0,0,22,0],[0,0,2,0,2,219,0],[0,0,20,0,5,1316,0],[0,0,0,0,0,29,0]]",outputs/prediction_diagnostics_4models_c3_b001_by_dataset/dermamnist_224/merged/small/dermamnist_224/resnet/clients_3/beta_0p01/seed_42/dare_ties/merged.pt,outputs/prediction_diagnostics_4models_c3_b001_by_dataset/dermamnist_224/merged/small/dermamnist_224/resnet/clients_3/beta_0p01/seed_42/dare_ties,2026-07-06T10:14:30
OK,,55.00,merge,small,dermamnist_224,resnet,3,0.01,42,regmean,,test,0.4773067331670823,0.18454777884308088,0.14832553379478744,0.19264383284112016,1.446080294868298,2005,7,5,0.6688279301745635,5,0.5536159600997507,0.8277404921700225,-0.11521197007481287,2.348263016736663,6,0.4387026366332112,0.8512109497574195,0.4515586034912718,0.3172069825436408,0.3447077275627056,0.060606 0.000000 0.622727 0.000000 0.000000 0.608501 0.000000,0.444444 0.000000 0.168927 0.000000 0.000000 0.735135 0.000000,0.106667 0.000000 0.265761 0.000000 0.000000 0.665851 0.000000,66 103 220 23 223 1341 29,9 6 811 68 0 1110 1,0.049363 0.089294 0.239024 0.129591 0.051978 0.383364 0.057385,"[[4,0,44,4,0,14,0],[2,0,60,2,0,39,0],[1,0,137,11,0,71,0],[0,0,18,0,0,5,0],[2,4,60,7,0,150,0],[0,2,480,42,0,816,1],[0,0,12,2,0,15,0]]",outputs/prediction_diagnostics_4models_c3_b001_by_dataset/dermamnist_224/merged/small/dermamnist_224/resnet/clients_3/beta_0p01/seed_42/regmean/merged.pt,outputs/prediction_diagnostics_4models_c3_b001_by_dataset/dermamnist_224/merged/small/dermamnist_224/resnet/clients_3/beta_0p01/seed_42/regmean,2026-07-06T10:14:45
OK,,58.87,merge,small,dermamnist_224,resnet,3,0.01,42,fisher,,test,0.6668329177057356,0.17425127109352548,0.17075211279108674,0.33434755273628103,1.2115358880630456,2005,7,5,0.6688279301745635,5,0.9491271820448878,1.4190902311707683,0.28029925187032423,1.2392825855805691,4,0.11024797433478477,0.43469740215025654,0.7538653366583541,0.2802992518703242,0.12225040305889867,0.000000 0.000000 0.140909 0.000000 0.004484 0.970917 0.103448,0.000000 0.000000 0.322917 0.000000 0.333333 0.684183 1.000000,0.000000 0.000000 0.196203 0.000000 0.008850 0.802713 0.187500,66 103 220 23 223 1341 29,0 0 96 0 3 1903 3,0.000571 0.054722 0.147233 0.012457 0.032716 0.749236 0.003066,"[[0,0,10,0,0,56,0],[0,0,9,0,2,92,0],[0,0,31,0,0,189,0],[0,0,2,0,0,21,0],[0,0,1,0,1,221,0],[0,0,39,0,0,1302,0],[0,0,4,0,0,22,3]]",outputs/prediction_diagnostics_4models_c3_b001_by_dataset/dermamnist_224/merged/small/dermamnist_224/resnet/clients_3/beta_0p01/seed_42/fisher/merged.pt,outputs/prediction_diagnostics_4models_c3_b001_by_dataset/dermamnist_224/merged/small/dermamnist_224/resnet/clients_3/beta_0p01/seed_42/fisher,2026-07-06T10:15:40
OK,,17.85,merge,small,dermamnist_224,resnet,3,0.01,42,breadcrumbs,,test,0.011471321695760598,0.14285714285714285,0.0034586466165413532,0.0017505137377273766,1.9795662211658354,2005,7,5,0.6688279301745635,3,0.9361596009975063,1.399701715137957,0.26733167082294274,1.2858117789628685,4,0.12918903455556602,0.998005983059394,0.16767456359102245,0.9526184538653367,0.5300276173100087,0.000000 0.000000 0.000000 1.000000 0.000000 0.000000 0.000000,0.000000 0.000000 0.000000 0.012254 0.000000 0.000000 0.000000,0.000000 0.000000 0.000000 0.024211 0.000000 0.000000 0.000000,66 103 220 23 223 1341 29,122 0 0 1877 0 2 4,0.155030 0.127675 0.134217 0.167439 0.135272 0.138800 0.141568,"[[0,0,0,66,0,0,0],[2,0,0,101,0,0,0],[3,0,0,217,0,0,0],[0,0,0,23,0,0,0],[4,0,0,217,0,2,0],[109,0,0,1228,0,0,4],[4,0,0,25,0,0,0]]",outputs/prediction_diagnostics_4models_c3_b001_by_dataset/dermamnist_224/merged/small/dermamnist_224/resnet/clients_3/beta_0p01/seed_42/breadcrumbs/merged.pt,outputs/prediction_diagnostics_4models_c3_b001_by_dataset/dermamnist_224/merged/small/dermamnist_224/resnet/clients_3/beta_0p01/seed_42/breadcrumbs,2026-07-06T10:16:39
OK,,14.49,merge,small,dermamnist_224,resnet,3,0.01,42,model_stock,,test,0.5311720698254364,0.20464396350010589,0.13301301766278698,0.2693094774064705,1.6375555252493765,2005,7,5,0.6688279301745635,5,0.7276807980049875,1.0879940343027592,0.05885286783042398,2.0841257820301955,4,0.3773809795312636,0.9724324436553549,0.22492206982543642,0.25785536159600997,0.4498363045538927,0.015152 0.000000 0.081818 0.565217 0.000000 0.770321 0.000000,1.000000 0.000000 0.146341 0.030806 0.000000 0.708019 0.000000,0.029851 0.000000 0.104956 0.058427 0.000000 0.737857 0.000000,66 103 220 23 223 1341 29,1 0 123 422 0 1459 0,0.087254 0.144131 0.183613 0.158899 0.127255 0.218992 0.079856,"[[1,0,19,29,0,17,0],[0,0,18,27,0,58,0],[0,0,18,74,0,128,0],[0,0,0,13,0,10,0],[0,0,8,21,0,194,0],[0,0,56,252,0,1033,0],[0,0,4,6,0,19,0]]",outputs/prediction_diagnostics_4models_c3_b001_by_dataset/dermamnist_224/merged/small/dermamnist_224/resnet/clients_3/beta_0p01/seed_42/model_stock/merged.pt,outputs/prediction_diagnostics_4models_c3_b001_by_dataset/dermamnist_224/merged/small/dermamnist_224/resnet/clients_3/beta_0p01/seed_42/model_stock,2026-07-06T10:16:57
OK,,14.34,merge,small,dermamnist_224,resnet,3,0.01,42,from,,test,0.6703241895261846,0.14935064935064934,0.12612917185048952,0.1388829215896885,1.1521549824170043,2005,7,5,0.6688279301745635,5,0.9950124688279302,1.487695749440716,0.3261845386533666,1.0319116459470872,2,0.016143113810852244,0.7343944242796044,0.5760286783042394,0.3261845386533666,0.15445012119293233,0.045455 0.000000 0.000000 0.000000 0.000000 1.000000 0.000000,0.300000 0.000000 0.000000 0.000000 0.000000 0.672180 0.000000,0.078947 0.000000 0.000000 0.000000 0.000000 0.803957 0.000000,66 103 220 23 223 1341 29,10 0 0 0 0 1995 0,0.052159 0.081801 0.099885 0.078215 0.059686 0.575754 0.052499,"[[3,0,0,0,0,63,0],[3,0,0,0,0,100,0],[1,0,0,0,0,219,0],[0,0,0,0,0,23,0],[3,0,0,0,0,220,0],[0,0,0,0,0,1341,0],[0,0,0,0,0,29,0]]",outputs/prediction_diagnostics_4models_c3_b001_by_dataset/dermamnist_224/merged/small/dermamnist_224/resnet/clients_3/beta_0p01/seed_42/from/merged.pt,outputs/prediction_diagnostics_4models_c3_b001_by_dataset/dermamnist_224/merged/small/dermamnist_224/resnet/clients_3/beta_0p01/seed_42/from,2026-07-06T10:17:12
OK,,14.68,merge,small,dermamnist_224,resnet,3,0.01,42,iso_c,,test,0.2254364089775561,0.20518830500231763,0.09167830790975483,0.20558096428821562,1.7479470269638404,2005,7,5,0.6688279301745635,2,0.39850374064837907,0.5958240119313946,-0.2703241895261845,2.9447928797974647,5,0.5550299872345387,0.9657028821509901,0.2501870324189526,0.6673316708229426,0.49989932867662834,0.000000 0.009709 0.486364 0.695652 0.000000 0.244594 0.000000,0.000000 0.500000 0.133917 0.020460 0.000000 0.784689 0.000000,0.000000 0.019048 0.210010 0.039752 0.000000 0.372939 0.000000,66 103 220 23 223 1341 29,4 2 799 782 0 418 0,0.080789 0.139870 0.215055 0.191731 0.091600 0.188551 0.092404,"[[0,0,34,32,0,0,0],[3,1,49,44,0,6,0],[1,0,107,99,0,13,0],[0,0,4,16,0,3,0],[0,0,124,31,0,68,0],[0,1,465,547,0,328,0],[0,0,16,13,0,0,0]]",outputs/prediction_diagnostics_4models_c3_b001_by_dataset/dermamnist_224/merged/small/dermamnist_224/resnet/clients_3/beta_0p01/seed_42/iso_c/merged.pt,outputs/prediction_diagnostics_4models_c3_b001_by_dataset/dermamnist_224/merged/small/dermamnist_224/resnet/clients_3/beta_0p01/seed_42/iso_c,2026-07-06T10:17:26
OK,,14.34,merge,small,dermamnist_224,resnet,3,0.01,42,free_merge,,test,0.5461346633416458,0.21691387593050854,0.14864873612276988,0.1352901549543935,1.449829527743142,2005,7,5,0.6688279301745635,5,0.7037406483790524,1.052199850857569,0.034912718204488824,2.247006927735855,3,0.41605162329617185,0.9112927834890883,0.3041770573566085,0.20997506234413968,0.3816553646990572,0.000000 0.000000 0.277273 0.478261 0.000000 0.762864 0.000000,0.000000 0.000000 0.178363 0.043651 0.000000 0.725018 0.000000,0.000000 0.000000 0.217082 0.080000 0.000000 0.743459 0.000000,66 103 220 23 223 1341 29,0 0 342 252 0 1411 0,0.045330 0.139383 0.229002 0.134021 0.102799 0.295596 0.053870,"[[0,0,37,17,0,12,0],[0,0,34,19,0,50,0],[0,0,61,48,0,111,0],[0,0,5,11,0,7,0],[0,0,32,4,0,187,0],[0,0,168,150,0,1023,0],[0,0,5,3,0,21,0]]",outputs/prediction_diagnostics_4models_c3_b001_by_dataset/dermamnist_224/merged/small/dermamnist_224/resnet/clients_3/beta_0p01/seed_42/free_merge/merged.pt,outputs/prediction_diagnostics_4models_c3_b001_by_dataset/dermamnist_224/merged/small/dermamnist_224/resnet/clients_3/beta_0p01/seed_42/free_merge,2026-07-06T10:17:41
OK,,15.21,merge,small,dermamnist_224,resnet,3,0.01,42,robustmerge,,test,0.04987531172069826,0.18482494487591078,0.03346682775657277,0.12855262976133555,1.8596611498597257,2005,7,5,0.6688279301745635,1,0.5037406483790524,0.7531692766592096,-0.16508728179551113,2.5275538261875075,4,0.4765132492641061,0.9815011460100738,0.2308135910224439,0.8643391521197008,0.5097223369223463,0.000000 0.572816 0.059091 0.652174 0.000000 0.009694 0.000000,0.000000 0.058416 0.101562 0.017668 0.000000 0.722222 0.000000,0.000000 0.106020 0.074713 0.034404 0.000000 0.019132 0.000000,66 103 220 23 223 1341 29,0 1010 128 849 0 18 0,0.085819 0.199039 0.169417 0.165339 0.113560 0.159106 0.107721,"[[0,26,2,38,0,0,0],[0,59,0,44,0,0,0],[0,101,13,105,0,1,0],[0,7,0,15,0,1,0],[0,153,12,55,0,3,0],[0,652,98,578,0,13,0],[0,12,3,14,0,0,0]]",outputs/prediction_diagnostics_4models_c3_b001_by_dataset/dermamnist_224/merged/small/dermamnist_224/resnet/clients_3/beta_0p01/seed_42/robustmerge/merged.pt,outputs/prediction_diagnostics_4models_c3_b001_by_dataset/dermamnist_224/merged/small/dermamnist_224/resnet/clients_3/beta_0p01/seed_42/robustmerge,2026-07-06T10:17:55
OK,,14.77,merge,small,dermamnist_224,resnet,3,0.01,42,my_merge,,test,0.43241895261845387,0.4386718211251803,0.28253607155193455,0.2947352713867491,2.0230493559801666,2005,7,5,0.6688279301745635,5,0.3396508728179551,0.5078299776286354,-0.32917705735660846,5.84106775897676,7,0.9069861814667123,0.9323501024770066,0.6952618453865337,0.3541147132169576,0.35984211044232767,0.500000 0.291262 0.200000 0.521739 0.430493 0.472036 0.655172,0.144737 0.337079 0.239130 0.042705 0.251969 0.929515 0.118012,0.224490 0.312500 0.217822 0.078947 0.317881 0.626113 0.200000,66 103 220 23 223 1341 29,228 89 184 281 381 681 161,0.098821 0.072401 0.105149 0.140655 0.187183 0.313563 0.082229,"[[33,10,5,10,5,1,2],[25,30,14,12,8,5,9],[69,9,44,29,45,8,16],[5,1,1,12,2,2,0],[32,8,21,12,96,27,27],[64,31,99,201,225,633,88],[0,0,0,5,0,5,19]]",outputs/prediction_diagnostics_4models_c3_b001_by_dataset/dermamnist_224/merged/small/dermamnist_224/resnet/clients_3/beta_0p01/seed_42/my_merge/merged.pt,outputs/prediction_diagnostics_4models_c3_b001_by_dataset/dermamnist_224/merged/small/dermamnist_224/resnet/clients_3/beta_0p01/seed_42/my_merge,2026-07-06T10:18:10
OK,,15.94,client,small,dermamnist_224,swin_tiny,3,0.01,42,client_0,0,test,0.051371571072319204,0.14285714285714285,0.01396042287882895,0.007338795867474172,5.151735224925966,2005,7,5,0.6688279301745635,1,1.0,1.4951528709917972,0.33117206982543645,1.0,1,-0.0,0.24089241026292937,0.875997506234414,0.9486284289276807,0.9149945268903005,0.000000 1.000000 0.000000 0.000000 0.000000 0.000000 0.000000,0.000000 0.051372 0.000000 0.000000 0.000000 0.000000 0.000000,0.000000 0.097723 0.000000 0.000000 0.000000 0.000000 0.000000,66 103 220 23 223 1341 29,0 2005 0 0 0 0 0,0.004774 0.875920 0.004992 0.101917 0.004575 0.004068 0.003753,"[[0,66,0,0,0,0,0],[0,103,0,0,0,0,0],[0,220,0,0,0,0,0],[0,23,0,0,0,0,0],[0,223,0,0,0,0,0],[0,1341,0,0,0,0,0],[0,29,0,0,0,0,0]]",/data2/liyapeng_grp/program/MedMNISTMerge/model_hub/small/dermamnist_224/swin_tiny/clients_3/beta_0p01/seed_42/client_0.pt,,2026-07-06T10:18:25
OK,,16.46,client,small,dermamnist_224,swin_tiny,3,0.01,42,client_1,1,test,0.6688279301745635,0.14285714285714285,0.1145077277773034,0.0955468471677948,2.2987352176200124,2005,7,5,0.6688279301745635,5,1.0,1.4951528709917972,0.33117206982543645,1.0,1,-0.0,0.44062409872704666,0.6743142144638404,0.33117206982543645,0.27965770235450904,0.000000 0.000000 0.000000 0.000000 0.000000 1.000000 0.000000,0.000000 0.000000 0.000000 0.000000 0.000000 0.668828 0.000000,0.000000 0.000000 0.000000 0.000000 0.000000 0.801554 0.000000,66 103 220 23 223 1341 29,0 0 0 0 0 2005 0,0.222738 0.001094 0.000922 0.000999 0.001117 0.674269 0.098860,"[[0,0,0,0,0,66,0],[0,0,0,0,0,103,0],[0,0,0,0,0,220,0],[0,0,0,0,0,23,0],[0,0,0,0,0,223,0],[0,0,0,0,0,1341,0],[0,0,0,0,0,29,0]]",/data2/liyapeng_grp/program/MedMNISTMerge/model_hub/small/dermamnist_224/swin_tiny/clients_3/beta_0p01/seed_42/client_1.pt,,2026-07-06T10:18:41
OK,,15.84,client,small,dermamnist_224,swin_tiny,3,0.01,42,client_2,2,test,0.10972568578553615,0.14285714285714285,0.028250401284109144,0.015675097969362308,6.368784885929707,2005,7,5,0.6688279301745635,2,1.0,1.4951528709917972,0.33117206982543645,1.0,1,-0.0,0.300861846223547,0.7856608478802992,0.8902743142144638,0.7663326074986316,0.000000 0.000000 1.000000 0.000000 0.000000 0.000000 0.000000,0.000000 0.000000 0.109726 0.000000 0.000000 0.000000 0.000000,0.000000 0.000000 0.197753 0.000000 0.000000 0.000000 0.000000,66 103 220 23 223 1341 29,0 0 2005 0 0 0 0,0.000275 0.000301 0.785515 0.015760 0.197477 0.000356 0.000317,"[[0,0,66,0,0,0,0],[0,0,103,0,0,0,0],[0,0,220,0,0,0,0],[0,0,23,0,0,0,0],[0,0,223,0,0,0,0],[0,0,1341,0,0,0,0],[0,0,29,0,0,0,0]]",/data2/liyapeng_grp/program/MedMNISTMerge/model_hub/small/dermamnist_224/swin_tiny/clients_3/beta_0p01/seed_42/client_2.pt,,2026-07-06T10:18:57
OK,,16.21,merge,small,dermamnist_224,swin_tiny,3,0.01,42,avg,,test,0.6688279301745635,0.14285714285714285,0.1145077277773034,0.0955468471677948,1.739774586970075,2005,7,5,0.6688279301745635,5,1.0,1.4951528709917972,0.33117206982543645,1.0,1,-0.0,0.9897120021037242,0.1986128428927681,0.33117206982543645,0.4702399935934902,0.000000 0.000000 0.000000 0.000000 0.000000 1.000000 0.000000,0.000000 0.000000 0.000000 0.000000 0.000000 0.668828 0.000000,0.000000 0.000000 0.000000 0.000000 0.000000 0.801554 0.000000,66 103 220 23 223 1341 29,0 0 0 0 0 2005 0,0.152265 0.110362 0.134891 0.105229 0.151988 0.198588 0.146678,"[[0,0,0,0,0,66,0],[0,0,0,0,0,103,0],[0,0,0,0,0,220,0],[0,0,0,0,0,23,0],[0,0,0,0,0,223,0],[0,0,0,0,0,1341,0],[0,0,0,0,0,29,0]]",outputs/prediction_diagnostics_4models_c3_b001_by_dataset/dermamnist_224/merged/small/dermamnist_224/swin_tiny/clients_3/beta_0p01/seed_42/avg/merged.pt,outputs/prediction_diagnostics_4models_c3_b001_by_dataset/dermamnist_224/merged/small/dermamnist_224/swin_tiny/clients_3/beta_0p01/seed_42/avg,2026-07-06T10:19:13
OK,,18.19,merge,small,dermamnist_224,swin_tiny,3,0.01,42,ties,,test,0.10972568578553615,0.14285714285714285,0.028250401284109144,0.015675097969362308,1.6346993843516209,2005,7,5,0.6688279301745635,2,1.0,1.4951528709917972,0.33117206982543645,1.0,1,-0.0,0.8724133434476049,0.30224438902743145,0.8902743142144638,0.4658874679558634,0.000000 0.000000 1.000000 0.000000 0.000000 0.000000 0.000000,0.000000 0.000000 0.109726 0.000000 0.000000 0.000000 0.000000,0.000000 0.000000 0.197753 0.000000 0.000000 0.000000 0.000000,66 103 220 23 223 1341 29,0 0 2005 0 0 0 0,0.106702 0.012164 0.302225 0.059417 0.184589 0.242148 0.092755,"[[0,0,66,0,0,0,0],[0,0,103,0,0,0,0],[0,0,220,0,0,0,0],[0,0,23,0,0,0,0],[0,0,223,0,0,0,0],[0,0,1341,0,0,0,0],[0,0,29,0,0,0,0]]",outputs/prediction_diagnostics_4models_c3_b001_by_dataset/dermamnist_224/merged/small/dermamnist_224/swin_tiny/clients_3/beta_0p01/seed_42/ties/merged.pt,outputs/prediction_diagnostics_4models_c3_b001_by_dataset/dermamnist_224/merged/small/dermamnist_224/swin_tiny/clients_3/beta_0p01/seed_42/ties,2026-07-06T10:19:29
OK,,17.57,merge,small,dermamnist_224,swin_tiny,3,0.01,42,dare_linear,,test,0.6688279301745635,0.14285714285714285,0.1145077277773034,0.0955468471677948,1.7709447085411472,2005,7,5,0.6688279301745635,5,1.0,1.4951528709917972,0.33117206982543645,1.0,1,-0.0,0.9909948022856472,0.18335411471321697,0.33117206982543645,0.485439325695721,0.000000 0.000000 0.000000 0.000000 0.000000 1.000000 0.000000,0.000000 0.000000 0.000000 0.000000 0.000000 0.668828 0.000000,0.000000 0.000000 0.000000 0.000000 0.000000 0.801554 0.000000,66 103 220 23 223 1341 29,0 0 0 0 0 2005 0,0.152254 0.124173 0.152844 0.094983 0.159107 0.183389 0.133250,"[[0,0,0,0,0,66,0],[0,0,0,0,0,103,0],[0,0,0,0,0,220,0],[0,0,0,0,0,23,0],[0,0,0,0,0,223,0],[0,0,0,0,0,1341,0],[0,0,0,0,0,29,0]]",outputs/prediction_diagnostics_4models_c3_b001_by_dataset/dermamnist_224/merged/small/dermamnist_224/swin_tiny/clients_3/beta_0p01/seed_42/dare_linear/merged.pt,outputs/prediction_diagnostics_4models_c3_b001_by_dataset/dermamnist_224/merged/small/dermamnist_224/swin_tiny/clients_3/beta_0p01/seed_42/dare_linear,2026-07-06T10:19:48
OK,,19.55,merge,small,dermamnist_224,swin_tiny,3,0.01,42,dare_ties,,test,0.10972568578553615,0.14285714285714285,0.028250401284109144,0.015675097969362308,1.5132710216645886,2005,7,5,0.6688279301745635,2,1.0,1.4951528709917972,0.33117206982543645,1.0,1,-0.0,0.7078004132934504,0.3913653366583541,0.8902743142144638,0.34773233324220204,0.000000 0.000000 1.000000 0.000000 0.000000 0.000000 0.000000,0.000000 0.000000 0.109726 0.000000 0.000000 0.000000 0.000000,0.000000 0.000000 0.197753 0.000000 0.000000 0.000000 0.000000,66 103 220 23 223 1341 29,0 0 2005 0 0 0 0,0.039038 0.001971 0.391431 0.033184 0.121183 0.370496 0.042696,"[[0,0,66,0,0,0,0],[0,0,103,0,0,0,0],[0,0,220,0,0,0,0],[0,0,23,0,0,0,0],[0,0,223,0,0,0,0],[0,0,1341,0,0,0,0],[0,0,29,0,0,0,0]]",outputs/prediction_diagnostics_4models_c3_b001_by_dataset/dermamnist_224/merged/small/dermamnist_224/swin_tiny/clients_3/beta_0p01/seed_42/dare_ties/merged.pt,outputs/prediction_diagnostics_4models_c3_b001_by_dataset/dermamnist_224/merged/small/dermamnist_224/swin_tiny/clients_3/beta_0p01/seed_42/dare_ties,2026-07-06T10:20:05
OK,,64.86,merge,small,dermamnist_224,swin_tiny,3,0.01,42,regmean,,test,0.10972568578553615,0.14285714285714285,0.028250401284109144,0.015675097969362308,3.4407621084008726,2005,7,5,0.6688279301745635,2,1.0,1.4951528709917972,0.33117206982543645,1.0,1,-0.0,0.5456266369258289,0.609351620947631,0.8902743142144638,0.7202728394324207,0.000000 0.000000 1.000000 0.000000 0.000000 0.000000 0.000000,0.000000 0.000000 0.109726 0.000000 0.000000 0.000000 0.000000,0.000000 0.000000 0.197753 0.000000 0.000000 0.000000 0.000000,66 103 220 23 223 1341 29,0 0 2005 0 0 0 0,0.011595 0.008766 0.609399 0.078194 0.265099 0.016289 0.010658,"[[0,0,66,0,0,0,0],[0,0,103,0,0,0,0],[0,0,220,0,0,0,0],[0,0,23,0,0,0,0],[0,0,223,0,0,0,0],[0,0,1341,0,0,0,0],[0,0,29,0,0,0,0]]",outputs/prediction_diagnostics_4models_c3_b001_by_dataset/dermamnist_224/merged/small/dermamnist_224/swin_tiny/clients_3/beta_0p01/seed_42/regmean/merged.pt,outputs/prediction_diagnostics_4models_c3_b001_by_dataset/dermamnist_224/merged/small/dermamnist_224/swin_tiny/clients_3/beta_0p01/seed_42/regmean,2026-07-06T10:20:25
FAIL,"CUDA out of memory. Tried to allocate 1.15 GiB. GPU 0 has a total capacity of 10.75 GiB of which 650.75 MiB is free. Including non-PyTorch memory, this process has 10.11 GiB memory in use. Of the allocated memory 9.50 GiB is allocated by PyTorch, and 385.74 MiB is reserved by PyTorch but unallocated. If reserved but unallocated memory is large try setting PYTORCH_CUDA_ALLOC_CONF=expandable_segments:True to avoid fragmentation.  See documentation for Memory Management  (https://pytorch.org/docs/stable/notes/cuda.html#environment-variables)",13.89,merge,small,dermamnist_224,swin_tiny,3,0.01,42,fisher,,test,,,,,,,,,,,,,,,,,,,,,,,,,,,,,,2026-07-06T10:21:30
OK,,25.39,merge,small,dermamnist_224,swin_tiny,3,0.01,42,breadcrumbs,,test,0.051371571072319204,0.14285714285714285,0.01396042287882895,0.007338795867474172,2.133701878117207,2005,7,5,0.6688279301745635,1,1.0,1.4951528709917972,0.33117206982543645,1.0,1,-0.0,0.9694474818961792,0.24962593516209478,0.9486284289276807,0.56683723986388,0.000000 1.000000 0.000000 0.000000 0.000000 0.000000 0.000000,0.000000 0.051372 0.000000 0.000000 0.000000 0.000000 0.000000,0.000000 0.097723 0.000000 0.000000 0.000000 0.000000 0.000000,66 103 220 23 223 1341 29,0 2005 0 0 0 0 0,0.093324 0.249613 0.150825 0.122373 0.176012 0.101991 0.105862,"[[0,66,0,0,0,0,0],[0,103,0,0,0,0,0],[0,220,0,0,0,0,0],[0,23,0,0,0,0,0],[0,223,0,0,0,0,0],[0,1341,0,0,0,0,0],[0,29,0,0,0,0,0]]",outputs/prediction_diagnostics_4models_c3_b001_by_dataset/dermamnist_224/merged/small/dermamnist_224/swin_tiny/clients_3/beta_0p01/seed_42/breadcrumbs/merged.pt,outputs/prediction_diagnostics_4models_c3_b001_by_dataset/dermamnist_224/merged/small/dermamnist_224/swin_tiny/clients_3/beta_0p01/seed_42/breadcrumbs,2026-07-06T10:21:44
OK,,17.65,merge,small,dermamnist_224,swin_tiny,3,0.01,42,model_stock,,test,0.6688279301745635,0.14285714285714285,0.1145077277773034,0.0955468471677948,1.8524893820137156,2005,7,5,0.6688279301745635,5,1.0,1.4951528709917972,0.33117206982543645,1.0,1,-0.0,0.9969693559515972,0.16444825436408977,0.33117206982543645,0.5043935497837766,0.000000 0.000000 0.000000 0.000000 0.000000 1.000000 0.000000,0.000000 0.000000 0.000000 0.000000 0.000000 0.668828 0.000000,0.000000 0.000000 0.000000 0.000000 0.000000 0.801554 0.000000,66 103 220 23 223 1341 29,0 0 0 0 0 2005 0,0.137782 0.154166 0.132654 0.114366 0.153568 0.164434 0.143029,"[[0,0,0,0,0,66,0],[0,0,0,0,0,103,0],[0,0,0,0,0,220,0],[0,0,0,0,0,23,0],[0,0,0,0,0,223,0],[0,0,0,0,0,1341,0],[0,0,0,0,0,29,0]]",outputs/prediction_diagnostics_4models_c3_b001_by_dataset/dermamnist_224/merged/small/dermamnist_224/swin_tiny/clients_3/beta_0p01/seed_42/model_stock/merged.pt,outputs/prediction_diagnostics_4models_c3_b001_by_dataset/dermamnist_224/merged/small/dermamnist_224/swin_tiny/clients_3/beta_0p01/seed_42/model_stock,2026-07-06T10:22:09
OK,,16.83,merge,small,dermamnist_224,swin_tiny,3,0.01,42,from,,test,0.6688279301745635,0.14285714285714285,0.1145077277773034,0.0955468471677948,1.663239362531172,2005,7,5,0.6688279301745635,5,1.0,1.4951528709917972,0.33117206982543645,1.0,1,-0.0,0.9604589137580537,0.21633416458852867,0.33117206982543645,0.4524926744014221,0.000000 0.000000 0.000000 0.000000 0.000000 1.000000 0.000000,0.000000 0.000000 0.000000 0.000000 0.000000 0.668828 0.000000,0.000000 0.000000 0.000000 0.000000 0.000000 0.801554 0.000000,66 103 220 23 223 1341 29,0 0 0 0 0 2005 0,0.132867 0.055950 0.192204 0.094454 0.188965 0.216335 0.119225,"[[0,0,0,0,0,66,0],[0,0,0,0,0,103,0],[0,0,0,0,0,220,0],[0,0,0,0,0,23,0],[0,0,0,0,0,223,0],[0,0,0,0,0,1341,0],[0,0,0,0,0,29,0]]",outputs/prediction_diagnostics_4models_c3_b001_by_dataset/dermamnist_224/merged/small/dermamnist_224/swin_tiny/clients_3/beta_0p01/seed_42/from/merged.pt,outputs/prediction_diagnostics_4models_c3_b001_by_dataset/dermamnist_224/merged/small/dermamnist_224/swin_tiny/clients_3/beta_0p01/seed_42/from,2026-07-06T10:22:27
OK,,17.91,merge,small,dermamnist_224,swin_tiny,3,0.01,42,iso_c,,test,0.16359102244389026,0.14784857200964582,0.051596517169178305,0.1017591800263806,1.869682726776808,2005,7,5,0.6688279301745635,2,0.8997506234413966,1.3452647278150636,0.230922693266833,1.3849036417251541,2,0.1673410072995756,0.9969630216131143,0.17085411471321696,0.7900249376558603,0.5111249830468614,0.000000 0.000000 0.945455 0.000000 0.000000 0.089485 0.000000,0.000000 0.000000 0.115299 0.000000 0.000000 0.597015 0.000000,0.000000 0.000000 0.205534 0.000000 0.000000 0.155642 0.000000,66 103 220 23 223 1341 29,0 0 1804 0 0 201 0,0.123148 0.127951 0.169998 0.134408 0.149321 0.157703 0.137470,"[[0,0,62,0,0,4,0],[0,0,96,0,0,7,0],[0,0,208,0,0,12,0],[0,0,22,0,0,1,0],[0,0,167,0,0,56,0],[0,0,1221,0,0,120,0],[0,0,28,0,0,1,0]]",outputs/prediction_diagnostics_4models_c3_b001_by_dataset/dermamnist_224/merged/small/dermamnist_224/swin_tiny/clients_3/beta_0p01/seed_42/iso_c/merged.pt,outputs/prediction_diagnostics_4models_c3_b001_by_dataset/dermamnist_224/merged/small/dermamnist_224/swin_tiny/clients_3/beta_0p01/seed_42/iso_c,2026-07-06T10:22:43
OK,,17.21,merge,small,dermamnist_224,swin_tiny,3,0.01,42,free_merge,,test,0.6688279301745635,0.14285714285714285,0.1145077277773034,0.0955468471677948,1.736915036627182,2005,7,5,0.6688279301745635,5,1.0,1.4951528709917972,0.33117206982543645,1.0,1,-0.0,0.9896560216014696,0.20082605985037408,0.33117206982543645,0.4679719403707515,0.000000 0.000000 0.000000 0.000000 0.000000 1.000000 0.000000,0.000000 0.000000 0.000000 0.000000 0.000000 0.668828 0.000000,0.000000 0.000000 0.000000 0.000000 0.000000 0.801554 0.000000,66 103 220 23 223 1341 29,0 0 0 0 0 2005 0,0.154201 0.115945 0.129673 0.104266 0.147581 0.200856 0.147478,"[[0,0,0,0,0,66,0],[0,0,0,0,0,103,0],[0,0,0,0,0,220,0],[0,0,0,0,0,23,0],[0,0,0,0,0,223,0],[0,0,0,0,0,1341,0],[0,0,0,0,0,29,0]]",outputs/prediction_diagnostics_4models_c3_b001_by_dataset/dermamnist_224/merged/small/dermamnist_224/swin_tiny/clients_3/beta_0p01/seed_42/free_merge/merged.pt,outputs/prediction_diagnostics_4models_c3_b001_by_dataset/dermamnist_224/merged/small/dermamnist_224/swin_tiny/clients_3/beta_0p01/seed_42/free_merge,2026-07-06T10:23:01
OK,,17.61,merge,small,dermamnist_224,swin_tiny,3,0.01,42,robustmerge,,test,0.011471321695760598,0.14285714285714285,0.0032403493941955477,0.001638760242251514,2.0786403132793017,2005,7,5,0.6688279301745635,3,1.0,1.4951528709917972,0.33117206982543645,1.0,1,-0.0,0.9930953721970385,0.17440773067331672,0.9885286783042393,0.5545513605033168,0.000000 0.000000 0.000000 1.000000 0.000000 0.000000 0.000000,0.000000 0.000000 0.000000 0.011471 0.000000 0.000000 0.000000,0.000000 0.000000 0.000000 0.022682 0.000000 0.000000 0.000000,66 103 220 23 223 1341 29,0 0 0 2005 0 0 0,0.117418 0.161622 0.141588 0.174388 0.167774 0.114277 0.122934,"[[0,0,0,66,0,0,0],[0,0,0,103,0,0,0],[0,0,0,220,0,0,0],[0,0,0,23,0,0,0],[0,0,0,223,0,0,0],[0,0,0,1341,0,0,0],[0,0,0,29,0,0,0]]",outputs/prediction_diagnostics_4models_c3_b001_by_dataset/dermamnist_224/merged/small/dermamnist_224/swin_tiny/clients_3/beta_0p01/seed_42/robustmerge/merged.pt,outputs/prediction_diagnostics_4models_c3_b001_by_dataset/dermamnist_224/merged/small/dermamnist_224/swin_tiny/clients_3/beta_0p01/seed_42/robustmerge,2026-07-06T10:23:19
OK,,16.51,merge,small,dermamnist_224,swin_tiny,3,0.01,42,my_merge,,test,0.47082294264339153,0.4243001624075569,0.28575073344353663,0.2897795638249373,4.498504532126715,2005,7,5,0.6688279301745635,5,0.38453865336658355,0.5749440715883669,-0.28428927680798,5.608361180204201,7,0.8860936117498324,0.8901945409960027,0.8840399002493765,0.29875311720698255,0.29909729252296724,0.560606 0.223301 0.250000 0.304348 0.331839 0.541387 0.758621,0.180488 0.267442 0.264423 0.032258 0.212034 0.941634 0.130178,0.273063 0.243386 0.257009 0.058333 0.258741 0.687500 0.222222,66 103 220 23 223 1341 29,205 86 208 217 349 771 169,0.098202 0.047197 0.102637 0.109744 0.174879 0.380993 0.086347,"[[37,8,5,7,5,2,2],[28,23,10,17,8,6,11],[50,12,55,31,37,13,22],[5,3,2,7,2,2,2],[29,4,42,34,74,20,20],[56,34,93,119,223,726,90],[0,2,1,2,0,2,22]]",outputs/prediction_diagnostics_4models_c3_b001_by_dataset/dermamnist_224/merged/small/dermamnist_224/swin_tiny/clients_3/beta_0p01/seed_42/my_merge/merged.pt,outputs/prediction_diagnostics_4models_c3_b001_by_dataset/dermamnist_224/merged/small/dermamnist_224/swin_tiny/clients_3/beta_0p01/seed_42/my_merge,2026-07-06T10:23:36
OK,,14.30,client,small,dermamnist_224,vit_t,3,0.01,42,client_0,0,test,0.051371571072319204,0.14285714285714285,0.01396042287882895,0.007338795867474172,10.746712077228803,2005,7,5,0.6688279301745635,1,1.0,1.4951528709917972,0.33117206982543645,1.0,1,-0.0,0.04864728417601262,0.9809226932668329,0.9486284289276807,0.9371173616938935,0.000000 1.000000 0.000000 0.000000 0.000000 0.000000 0.000000,0.000000 0.051372 0.000000 0.000000 0.000000 0.000000 0.000000,0.000000 0.097723 0.000000 0.000000 0.000000 0.000000 0.000000,66 103 220 23 223 1341 29,0 2005 0 0 0 0 0,0.000006 0.980950 0.000003 0.019011 0.000006 0.000017 0.000008,"[[0,66,0,0,0,0,0],[0,103,0,0,0,0,0],[0,220,0,0,0,0,0],[0,23,0,0,0,0,0],[0,223,0,0,0,0,0],[0,1341,0,0,0,0,0],[0,29,0,0,0,0,0]]",/data2/liyapeng_grp/program/MedMNISTMerge/model_hub/small/dermamnist_224/vit_t/clients_3/beta_0p01/seed_42/client_0.pt,,2026-07-06T10:23:53
OK,,14.29,client,small,dermamnist_224,vit_t,3,0.01,42,client_1,1,test,0.6713216957605985,0.1592028660994178,0.1439777209585133,0.23041783262777735,2.9517333984375,2005,7,5,0.6688279301745635,5,0.9930174563591022,1.4847129008202835,0.32418952618453867,1.046289224185535,3,0.023253813852473507,0.17494396942916993,0.9064214463840399,0.32418952618453867,0.2919381018700523,0.045455 0.000000 0.000000 0.000000 0.000000 1.000000 0.068966,0.272727 0.000000 0.000000 0.000000 0.000000 0.673531 0.666667,0.077922 0.000000 0.000000 0.000000 0.000000 0.804922 0.125000,66 103 220 23 223 1341 29,11 0 0 0 0 1991 3,0.089343 0.000095 0.000043 0.000104 0.000083 0.904341 0.005991,"[[3,0,0,0,0,63,0],[2,0,0,0,0,101,0],[1,0,0,0,0,219,0],[0,0,0,0,0,23,0],[4,0,0,0,0,218,1],[0,0,0,0,0,1341,0],[1,0,0,0,0,26,2]]",/data2/liyapeng_grp/program/MedMNISTMerge/model_hub/small/dermamnist_224/vit_t/clients_3/beta_0p01/seed_42/client_1.pt,,2026-07-06T10:24:07
OK,,14.14,client,small,dermamnist_224,vit_t,3,0.01,42,client_2,2,test,0.10922693266832918,0.1422077922077922,0.02814729130518604,0.01561942800085586,8.254945034873753,2005,7,5,0.6688279301745635,2,0.999002493765586,1.493661446681581,0.3301745635910225,1.007921236466097,2,0.004054672397669753,0.1030424967148296,0.9591022443890275,0.8892768079800499,0.8609281572273415,0.000000 0.000000 0.995455 0.000000 0.000000 0.000000 0.000000,0.000000 0.000000 0.109336 0.000000 0.000000 0.000000 0.000000,0.000000 0.000000 0.197031 0.000000 0.000000 0.000000 0.000000,66 103 220 23 223 1341 29,0 0 2003 0 2 0 0,0.000053 0.000017 0.958923 0.023202 0.017729 0.000044 0.000033,"[[0,0,66,0,0,0,0],[0,0,103,0,0,0,0],[0,0,219,0,1,0,0],[0,0,23,0,0,0,0],[0,0,223,0,0,0,0],[0,0,1340,0,1,0,0],[0,0,29,0,0,0,0]]",/data2/liyapeng_grp/program/MedMNISTMerge/model_hub/small/dermamnist_224/vit_t/clients_3/beta_0p01/seed_42/client_2.pt,,2026-07-06T10:24:21
OK,,14.37,merge,small,dermamnist_224,vit_t,3,0.01,42,avg,,test,0.6688279301745635,0.14285714285714285,0.1145077277773034,0.0955468471677948,1.4087174641521196,2005,7,5,0.6688279301745635,5,1.0,1.4951528709917972,0.33117206982543645,1.0,1,-0.0,0.8040950228952674,0.44956359102244386,0.33117206982543645,0.3271182098992373,0.000000 0.000000 0.000000 0.000000 0.000000 1.000000 0.000000,0.000000 0.000000 0.000000 0.000000 0.000000 0.668828 0.000000,0.000000 0.000000 0.000000 0.000000 0.000000 0.801554 0.000000,66 103 220 23 223 1341 29,0 0 0 0 0 2005 0,0.234044 0.039687 0.065549 0.071939 0.059196 0.449597 0.079988,"[[0,0,0,0,0,66,0],[0,0,0,0,0,103,0],[0,0,0,0,0,220,0],[0,0,0,0,0,23,0],[0,0,0,0,0,223,0],[0,0,0,0,0,1341,0],[0,0,0,0,0,29,0]]",outputs/prediction_diagnostics_4models_c3_b001_by_dataset/dermamnist_224/merged/small/dermamnist_224/vit_t/clients_3/beta_0p01/seed_42/avg/merged.pt,outputs/prediction_diagnostics_4models_c3_b001_by_dataset/dermamnist_224/merged/small/dermamnist_224/vit_t/clients_3/beta_0p01/seed_42/avg,2026-07-06T10:24:36
OK,,15.56,merge,small,dermamnist_224,vit_t,3,0.01,42,ties,,test,0.6688279301745635,0.14285714285714285,0.1145419602818706,0.0955945252352438,1.3250681889027431,2005,7,5,0.6688279301745635,5,0.9995012468827931,1.4944071588366892,0.3306733167082295,1.0043000667097226,2,0.0022050595929808013,0.5348119370903439,0.7085411471321695,0.33067331670822947,0.17224591724807217,0.000000 0.000000 0.000000 0.000000 0.000000 1.000000 0.000000,0.000000 0.000000 0.000000 0.000000 0.000000 0.669162 0.000000,0.000000 0.000000 0.000000 0.000000 0.000000 0.801794 0.000000,66 103 220 23 223 1341 29,0 0 0 0 0 2004 1,0.115414 0.003508 0.034306 0.019306 0.062259 0.708498 0.056709,"[[0,0,0,0,0,66,0],[0,0,0,0,0,103,0],[0,0,0,0,0,220,0],[0,0,0,0,0,23,0],[0,0,0,0,0,222,1],[0,0,0,0,0,1341,0],[0,0,0,0,0,29,0]]",outputs/prediction_diagnostics_4models_c3_b001_by_dataset/dermamnist_224/merged/small/dermamnist_224/vit_t/clients_3/beta_0p01/seed_42/ties/merged.pt,outputs/prediction_diagnostics_4models_c3_b001_by_dataset/dermamnist_224/merged/small/dermamnist_224/vit_t/clients_3/beta_0p01/seed_42/ties,2026-07-06T10:24:50
OK,,14.69,merge,small,dermamnist_224,vit_t,3,0.01,42,dare_linear,,test,0.14164588528678304,0.08993579127807316,0.044128115291458415,0.07016544231704379,1.6958787114245637,2005,7,5,0.6688279301745635,0,0.7301745635910224,1.0917225950782998,0.06134663341645885,1.791557114225635,2,0.29964648584146647,0.7999459304561803,0.39336034912718204,0.6972568578553615,0.47326683712560924,0.439394 0.000000 0.000000 0.000000 0.000000 0.190157 0.000000,0.019809 0.000000 0.000000 0.000000 0.000000 0.471349 0.000000,0.037908 0.000000 0.000000 0.000000 0.000000 0.270988 0.000000,66 103 220 23 223 1341 29,1464 0 0 0 0 541 0,0.378031 0.037976 0.069890 0.097189 0.037947 0.322067 0.056899,"[[29,0,0,0,0,37,0],[22,0,0,0,0,81,0],[112,0,0,0,0,108,0],[8,0,0,0,0,15,0],[195,0,0,0,0,28,0],[1086,0,0,0,0,255,0],[12,0,0,0,0,17,0]]",outputs/prediction_diagnostics_4models_c3_b001_by_dataset/dermamnist_224/merged/small/dermamnist_224/vit_t/clients_3/beta_0p01/seed_42/dare_linear/merged.pt,outputs/prediction_diagnostics_4models_c3_b001_by_dataset/dermamnist_224/merged/small/dermamnist_224/vit_t/clients_3/beta_0p01/seed_42/dare_linear,2026-07-06T10:25:05
OK,,14.78,merge,small,dermamnist_224,vit_t,3,0.01,42,dare_ties,,test,0.07231920199501247,0.15268030588558243,0.04339365206297742,0.24816954416254342,2.4492130878857545,2005,7,5,0.6688279301745635,0,0.9416458852867831,1.4079045488441462,0.2728179551122195,1.255410233236117,3,0.11689254940853908,0.44272722996613645,0.6786783042394015,0.9087281795511221,0.6569026137095636,0.939394 0.000000 0.000000 0.000000 0.000000 0.060403 0.068966,0.032839 0.000000 0.000000 0.000000 0.000000 0.704348 1.000000,0.063460 0.000000 0.000000 0.000000 0.000000 0.111264 0.129032,66 103 220 23 223 1341 29,1888 0 0 0 0 115 2,0.672264 0.001400 0.008133 0.004965 0.013086 0.268132 0.032020,"[[62,0,0,0,0,4,0],[98,0,0,0,0,5,0],[207,0,0,0,0,13,0],[23,0,0,0,0,0,0],[218,0,0,0,0,5,0],[1260,0,0,0,0,81,0],[20,0,0,0,0,7,2]]",outputs/prediction_diagnostics_4models_c3_b001_by_dataset/dermamnist_224/merged/small/dermamnist_224/vit_t/clients_3/beta_0p01/seed_42/dare_ties/merged.pt,outputs/prediction_diagnostics_4models_c3_b001_by_dataset/dermamnist_224/merged/small/dermamnist_224/vit_t/clients_3/beta_0p01/seed_42/dare_ties,2026-07-06T10:25:20
OK,,57.42,merge,small,dermamnist_224,vit_t,3,0.01,42,regmean,,test,0.6688279301745635,0.14285714285714285,0.1145077277773034,0.0955468471677948,3.601378268196696,2005,7,5,0.6688279301745635,5,1.0,1.4951528709917972,0.33117206982543645,1.0,1,-0.0,0.10467456008547572,0.9489401496259352,0.33117206982543645,0.29791468140601923,0.000000 0.000000 0.000000 0.000000 0.000000 1.000000 0.000000,0.000000 0.000000 0.000000 0.000000 0.000000 0.668828 0.000000,0.000000 0.000000 0.000000 0.000000 0.000000 0.801554 0.000000,66 103 220 23 223 1341 29,0 0 0 0 0 2005 0,0.050638 0.000019 0.000011 0.000026 0.000013 0.949023 0.000271,"[[0,0,0,0,0,66,0],[0,0,0,0,0,103,0],[0,0,0,0,0,220,0],[0,0,0,0,0,23,0],[0,0,0,0,0,223,0],[0,0,0,0,0,1341,0],[0,0,0,0,0,29,0]]",outputs/prediction_diagnostics_4models_c3_b001_by_dataset/dermamnist_224/merged/small/dermamnist_224/vit_t/clients_3/beta_0p01/seed_42/regmean/merged.pt,outputs/prediction_diagnostics_4models_c3_b001_by_dataset/dermamnist_224/merged/small/dermamnist_224/vit_t/clients_3/beta_0p01/seed_42/regmean,2026-07-06T10:25:35
OK,,58.61,merge,small,dermamnist_224,vit_t,3,0.01,42,fisher,,test,0.6688279301745635,0.14285714285714285,0.1145077277773034,0.0955468471677948,1.3383419198585567,2005,7,5,0.6688279301745635,5,1.0,1.4951528709917972,0.33117206982543645,1.0,1,-0.0,0.3757389653794569,0.8273067331670823,0.33117206982543645,0.16562751715566557,0.000000 0.000000 0.000000 0.000000 0.000000 1.000000 0.000000,0.000000 0.000000 0.000000 0.000000 0.000000 0.668828 0.000000,0.000000 0.000000 0.000000 0.000000 0.000000 0.801554 0.000000,66 103 220 23 223 1341 29,0 0 0 0 0 2005 0,0.021679 0.055190 0.056069 0.014759 0.017103 0.827350 0.007851,"[[0,0,0,0,0,66,0],[0,0,0,0,0,103,0],[0,0,0,0,0,220,0],[0,0,0,0,0,23,0],[0,0,0,0,0,223,0],[0,0,0,0,0,1341,0],[0,0,0,0,0,29,0]]",outputs/prediction_diagnostics_4models_c3_b001_by_dataset/dermamnist_224/merged/small/dermamnist_224/vit_t/clients_3/beta_0p01/seed_42/fisher/merged.pt,outputs/prediction_diagnostics_4models_c3_b001_by_dataset/dermamnist_224/merged/small/dermamnist_224/vit_t/clients_3/beta_0p01/seed_42/fisher,2026-07-06T10:26:32
OK,,15.93,merge,small,dermamnist_224,vit_t,3,0.01,42,breadcrumbs,,test,0.051371571072319204,0.14285714285714285,0.01396042287882895,0.007338795867474172,4.931082937188279,2005,7,5,0.6688279301745635,1,1.0,1.4951528709917972,0.33117206982543645,1.0,1,-0.0,0.44115152854763134,0.7151496259351621,0.9486284289276807,0.8707515920464713,0.000000 1.000000 0.000000 0.000000 0.000000 0.000000 0.000000,0.000000 0.051372 0.000000 0.000000 0.000000 0.000000 0.000000,0.000000 0.097723 0.000000 0.000000 0.000000 0.000000 0.000000,66 103 220 23 223 1341 29,0 2005 0 0 0 0 0,0.023393 0.715133 0.017453 0.214799 0.007258 0.003838 0.018126,"[[0,66,0,0,0,0,0],[0,103,0,0,0,0,0],[0,220,0,0,0,0,0],[0,23,0,0,0,0,0],[0,223,0,0,0,0,0],[0,1341,0,0,0,0,0],[0,29,0,0,0,0,0]]",outputs/prediction_diagnostics_4models_c3_b001_by_dataset/dermamnist_224/merged/small/dermamnist_224/vit_t/clients_3/beta_0p01/seed_42/breadcrumbs/merged.pt,outputs/prediction_diagnostics_4models_c3_b001_by_dataset/dermamnist_224/merged/small/dermamnist_224/vit_t/clients_3/beta_0p01/seed_42/breadcrumbs,2026-07-06T10:27:31
OK,,14.54,merge,small,dermamnist_224,vit_t,3,0.01,42,model_stock,,test,0.4344139650872818,0.11748356043658058,0.09497901645609626,0.09124853628952019,1.59944986167394,2005,7,5,0.6688279301745635,5,0.6917705735660847,1.0343027591349738,0.02294264339152119,1.854614130653251,2,0.31742301097541553,0.8972077118904858,0.31315461346633416,0.29825436408977557,0.4584255612460401,0.181818 0.000000 0.000000 0.000000 0.000000 0.640567 0.000000,0.019417 0.000000 0.000000 0.000000 0.000000 0.619322 0.000000,0.035088 0.000000 0.000000 0.000000 0.000000 0.629765 0.000000,66 103 220 23 223 1341 29,618 0 0 0 0 1387 0,0.276801 0.107087 0.064977 0.108961 0.063230 0.303143 0.075801,"[[12,0,0,0,0,54,0],[6,0,0,0,0,97,0],[38,0,0,0,0,182,0],[5,0,0,0,0,18,0],[71,0,0,0,0,152,0],[482,0,0,0,0,859,0],[4,0,0,0,0,25,0]]",outputs/prediction_diagnostics_4models_c3_b001_by_dataset/dermamnist_224/merged/small/dermamnist_224/vit_t/clients_3/beta_0p01/seed_42/model_stock/merged.pt,outputs/prediction_diagnostics_4models_c3_b001_by_dataset/dermamnist_224/merged/small/dermamnist_224/vit_t/clients_3/beta_0p01/seed_42/model_stock,2026-07-06T10:27:47
OK,,14.77,merge,small,dermamnist_224,vit_t,3,0.01,42,from,,test,0.6708229426433915,0.1563347295816632,0.13889345973470762,0.2829601337888631,1.6379674897229581,2005,7,5,0.6688279301745635,5,0.9930174563591022,1.4847129008202835,0.32418952618453867,1.044374960050364,3,0.022312737377110706,0.49499163552476866,0.644139650872818,0.3241895261845386,0.26509190182174874,0.060606 0.000000 0.000000 0.000000 0.000000 0.999254 0.034483,0.307692 0.000000 0.000000 0.000000 0.000000 0.673029 1.000000,0.101266 0.000000 0.000000 0.000000 0.000000 0.804322 0.066667,66 103 220 23 223 1341 29,13 0 0 0 0 1991 1,0.272691 0.006123 0.012511 0.011161 0.014289 0.643442 0.039782,"[[4,0,0,0,0,62,0],[1,0,0,0,0,102,0],[1,0,0,0,0,219,0],[0,0,0,0,0,23,0],[6,0,0,0,0,217,0],[1,0,0,0,0,1340,0],[0,0,0,0,0,28,1]]",outputs/prediction_diagnostics_4models_c3_b001_by_dataset/dermamnist_224/merged/small/dermamnist_224/vit_t/clients_3/beta_0p01/seed_42/from/merged.pt,outputs/prediction_diagnostics_4models_c3_b001_by_dataset/dermamnist_224/merged/small/dermamnist_224/vit_t/clients_3/beta_0p01/seed_42/from,2026-07-06T10:28:02
OK,,14.83,merge,small,dermamnist_224,vit_t,3,0.01,42,iso_c,,test,0.6538653366583541,0.14576588343731617,0.11740611410807557,0.09856700810058062,1.45905219860505,2005,7,5,0.6688279301745635,5,0.9730673316708229,1.4548844146159583,0.3042394014962594,1.1319168598546059,2,0.06367844465263875,0.744468211169652,0.47297381546134665,0.31970074812967586,0.3433488915901034,0.000000 0.000000 0.000000 0.043478 0.000000 0.976883 0.000000,0.000000 0.000000 0.000000 0.018519 0.000000 0.671451 0.000000,0.000000 0.000000 0.000000 0.025974 0.000000 0.795869 0.000000,66 103 220 23 223 1341 29,0 0 0 54 0 1951 0,0.083750 0.064758 0.033650 0.273283 0.041033 0.471743 0.031783,"[[0,0,0,3,0,63,0],[0,0,0,2,0,101,0],[0,0,0,0,0,220,0],[0,0,0,1,0,22,0],[0,0,0,4,0,219,0],[0,0,0,31,0,1310,0],[0,0,0,13,0,16,0]]",outputs/prediction_diagnostics_4models_c3_b001_by_dataset/dermamnist_224/merged/small/dermamnist_224/vit_t/clients_3/beta_0p01/seed_42/iso_c/merged.pt,outputs/prediction_diagnostics_4models_c3_b001_by_dataset/dermamnist_224/merged/small/dermamnist_224/vit_t/clients_3/beta_0p01/seed_42/iso_c,2026-07-06T10:28:16
OK,,14.87,merge,small,dermamnist_224,vit_t,3,0.01,42,free_merge,,test,0.6688279301745635,0.14285714285714285,0.1145077277773034,0.0955468471677948,1.3693750243531795,2005,7,5,0.6688279301745635,5,1.0,1.4951528709917972,0.33117206982543645,1.0,1,-0.0,0.758781995933419,0.4989713216957606,0.33117206982543645,0.30135746649469286,0.000000 0.000000 0.000000 0.000000 0.000000 1.000000 0.000000,0.000000 0.000000 0.000000 0.000000 0.000000 0.668828 0.000000,0.000000 0.000000 0.000000 0.000000 0.000000 0.801554 0.000000,66 103 220 23 223 1341 29,0 0 0 0 0 2005 0,0.224149 0.035894 0.050377 0.067060 0.054599 0.498920 0.069001,"[[0,0,0,0,0,66,0],[0,0,0,0,0,103,0],[0,0,0,0,0,220,0],[0,0,0,0,0,23,0],[0,0,0,0,0,223,0],[0,0,0,0,0,1341,0],[0,0,0,0,0,29,0]]",outputs/prediction_diagnostics_4models_c3_b001_by_dataset/dermamnist_224/merged/small/dermamnist_224/vit_t/clients_3/beta_0p01/seed_42/free_merge/merged.pt,outputs/prediction_diagnostics_4models_c3_b001_by_dataset/dermamnist_224/merged/small/dermamnist_224/vit_t/clients_3/beta_0p01/seed_42/free_merge,2026-07-06T10:28:31
OK,,14.55,merge,small,dermamnist_224,vit_t,3,0.01,42,robustmerge,,test,0.013466334164588529,0.15151515151515152,0.006339671680754581,0.003295777377207367,2.2032448176433914,2005,7,5,0.6688279301745635,3,0.6872817955112219,1.0275913497390008,0.01845386533665838,1.861268619441725,2,0.31926361502212863,0.9398693606415129,0.2696072319201995,0.9556109725685784,0.6246267794463671,0.060606 0.000000 0.000000 1.000000 0.000000 0.000000 0.000000,0.006380 0.000000 0.000000 0.016691 0.000000 0.000000 0.000000,0.011544 0.000000 0.000000 0.032834 0.000000 0.000000 0.000000,66 103 220 23 223 1341 29,627 0 0 1378 0 0 0,0.211908 0.190135 0.067575 0.253599 0.079642 0.117932 0.079209,"[[4,0,0,62,0,0,0],[5,0,0,98,0,0,0],[31,0,0,189,0,0,0],[0,0,0,23,0,0,0],[107,0,0,116,0,0,0],[478,0,0,863,0,0,0],[2,0,0,27,0,0,0]]",outputs/prediction_diagnostics_4models_c3_b001_by_dataset/dermamnist_224/merged/small/dermamnist_224/vit_t/clients_3/beta_0p01/seed_42/robustmerge/merged.pt,outputs/prediction_diagnostics_4models_c3_b001_by_dataset/dermamnist_224/merged/small/dermamnist_224/vit_t/clients_3/beta_0p01/seed_42/robustmerge,2026-07-06T10:28:46
OK,,14.38,merge,small,dermamnist_224,vit_t,3,0.01,42,my_merge,,test,0.512718204488778,0.4859123977372358,0.31568085037614807,0.30376151071389806,12.848253389962593,2005,7,5,0.6688279301745635,5,0.42593516209476306,0.6368381804623415,-0.24289276807980048,5.340050235476729,7,0.8609005205783944,0.8611136156656337,0.9717581047381546,0.2872817955112219,0.2881503195172437,0.575758 0.368932 0.150000 0.521739 0.439462 0.586875 0.758621,0.157025 0.255034 0.251908 0.068182 0.303406 0.921546 0.169231,0.246753 0.301587 0.188034 0.120603 0.358974 0.717084 0.276730,66 103 220 23 223 1341 29,242 149 131 176 323 854 130,0.118774 0.074836 0.064437 0.087712 0.161794 0.425966 0.066481,"[[38,13,2,5,6,1,1],[26,38,2,12,8,6,11],[66,26,33,18,36,28,13],[6,2,1,12,1,1,0],[31,17,15,9,98,27,26],[75,53,77,118,174,787,57],[0,0,1,2,0,4,22]]",outputs/prediction_diagnostics_4models_c3_b001_by_dataset/dermamnist_224/merged/small/dermamnist_224/vit_t/clients_3/beta_0p01/seed_42/my_merge/merged.pt,outputs/prediction_diagnostics_4models_c3_b001_by_dataset/dermamnist_224/merged/small/dermamnist_224/vit_t/clients_3/beta_0p01/seed_42/my_merge,2026-07-06T10:29:01
OK,,110.24,merge,small,dermamnist_224,convnext,3,0.01,42,fisher,,test,0.6688279301745635,0.14285714285714285,0.1145077277773034,0.0955468471677948,1.8350108919595542,2005,7,5,0.6688279301745635,5,1.0,1.4951528709917972,0.33117206982543645,1.0,1,-0.0,0.23552617050051042,0.8910614089775561,0.33117206982543645,0.270367754699496,0.000000 0.000000 0.000000 0.000000 0.000000 1.000000 0.000000,0.000000 0.000000 0.000000 0.000000 0.000000 0.668828 0.000000,0.000000 0.000000 0.000000 0.000000 0.000000 0.801554 0.000000,66 103 220 23 223 1341 29,0 0 0 0 0 2005 0,0.065715 0.000352 0.006193 0.001102 0.005775 0.890951 0.029911,"[[0,0,0,0,0,66,0],[0,0,0,0,0,103,0],[0,0,0,0,0,220,0],[0,0,0,0,0,23,0],[0,0,0,0,0,223,0],[0,0,0,0,0,1341,0],[0,0,0,0,0,29,0]]",outputs/prediction_diagnostics_4models_c3_b001_by_dataset/dermamnist_224/merged/small/dermamnist_224/convnext/clients_3/beta_0p01/seed_42/fisher/merged.pt,outputs/prediction_diagnostics_4models_c3_b001_by_dataset/dermamnist_224/merged/small/dermamnist_224/convnext/clients_3/beta_0p01/seed_42/fisher,2026-07-06T10:37:48
OK,,80.29,merge,small,dermamnist_224,swin_tiny,3,0.01,42,fisher,,test,0.6688279301745635,0.14285714285714285,0.1145077277773034,0.0955468471677948,1.3235047147755612,2005,7,5,0.6688279301745635,5,1.0,1.4951528709917972,0.33117206982543645,1.0,1,-0.0,0.7317804909910083,0.5564876870324189,0.33117206982543645,0.2354576982854315,0.000000 0.000000 0.000000 0.000000 0.000000 1.000000 0.000000,0.000000 0.000000 0.000000 0.000000 0.000000 0.668828 0.000000,0.000000 0.000000 0.000000 0.000000 0.000000 0.801554 0.000000,66 103 220 23 223 1341 29,0 0 0 0 0 2005 0,0.127802 0.117553 0.061298 0.029232 0.036517 0.556503 0.071095,"[[0,0,0,0,0,66,0],[0,0,0,0,0,103,0],[0,0,0,0,0,220,0],[0,0,0,0,0,23,0],[0,0,0,0,0,223,0],[0,0,0,0,0,1341,0],[0,0,0,0,0,29,0]]",outputs/prediction_diagnostics_4models_c3_b001_by_dataset/dermamnist_224/merged/small/dermamnist_224/swin_tiny/clients_3/beta_0p01/seed_42/fisher/merged.pt,outputs/prediction_diagnostics_4models_c3_b001_by_dataset/dermamnist_224/merged/small/dermamnist_224/swin_tiny/clients_3/beta_0p01/seed_42/fisher,2026-07-06T10:39:38
