module,x_symbol,x_value,curve_symbol,curve_value,root,raw_cells,raw_mean_acc,client_average_cells,client_average_mean_acc
diagnostic prototype reconstruction,s,13.75,gamma,0.35,outputs/lamp_merge_hparam_interaction_full_20260715_hparam_interaction_dense_additional5x5/m1_gamma_0p35_s_13p75,180,0.6183778135098537,60,0.6183778135098537
diagnostic prototype reconstruction,s,15.0,gamma,0.35,/data2/liyapeng_grp/program/MedMNISTMerge/outputs/lamp_merge_hparam_interaction_full_20260714_hparam_interaction_local5x5_rerun/m1_gamma_0p35_s_15,180,0.6180533570640454,60,0.6180533570640454
diagnostic prototype reconstruction,s,16.25,gamma,0.35,outputs/lamp_merge_hparam_interaction_full_20260715_hparam_interaction_dense_additional5x5/m1_gamma_0p35_s_16p25,180,0.6181368327732426,60,0.6181368327732426
diagnostic prototype reconstruction,s,17.5,gamma,0.35,/data2/liyapeng_grp/program/MedMNISTMerge/outputs/lamp_merge_hparam_interaction_full_20260714_hparam_interaction_local5x5_rerun/m1_gamma_0p35_s_17p5,180,0.6185877176896257,60,0.6185877176896257
diagnostic prototype reconstruction,s,18.75,gamma,0.35,outputs/lamp_merge_hparam_interaction_full_20260715_hparam_interaction_dense_additional5x5/m1_gamma_0p35_s_18p75,180,0.6187110773489226,60,0.6187110773489226
diagnostic prototype reconstruction,s,20.0,gamma,0.35,/data2/liyapeng_grp/program/MedMNISTMerge/outputs/lamp_merge_hparam_interaction_full_20260714_hparam_interaction_local5x5_rerun/m1_gamma_0p35_s_20,180,0.61838604274567,60,0.61838604274567
diagnostic prototype reconstruction,s,21.25,gamma,0.35,outputs/lamp_merge_hparam_interaction_full_20260715_hparam_interaction_dense_additional5x5/m1_gamma_0p35_s_21p25,180,0.6179390146092206,60,0.6179390146092206
diagnostic prototype reconstruction,s,22.5,gamma,0.35,/data2/liyapeng_grp/program/MedMNISTMerge/outputs/lamp_merge_hparam_interaction_full_20260714_hparam_interaction_local5x5_rerun/m1_gamma_0p35_s_22p5,180,0.6179829901679624,60,0.6179829901679624
diagnostic prototype reconstruction,s,23.75,gamma,0.35,outputs/lamp_merge_hparam_interaction_full_20260715_hparam_interaction_dense_additional5x5/m1_gamma_0p35_s_23p75,180,0.6177811673003936,60,0.6177811673003936
diagnostic prototype reconstruction,s,25.0,gamma,0.35,/data2/liyapeng_grp/program/MedMNISTMerge/outputs/lamp_merge_hparam_interaction_full_20260714_hparam_interaction_local5x5_rerun/m1_gamma_0p35_s_25,180,0.617220548583621,60,0.617220548583621
diagnostic prototype reconstruction,s,13.75,gamma,0.4,outputs/lamp_merge_hparam_interaction_full_20260715_hparam_interaction_dense_additional5x5/m1_gamma_0p40_s_13p75,180,0.6198514055068819,60,0.6198514055068819
diagnostic prototype reconstruction,s,15.0,gamma,0.4,/data2/liyapeng_grp/program/MedMNISTMerge/outputs/lamp_merge_hparam_interaction_full_20260714_hparam_interaction_local5x5_rerun/m1_gamma_0p40_s_15,180,0.6195879889309189,60,0.6195879889309189
diagnostic prototype reconstruction,s,16.25,gamma,0.4,outputs/lamp_merge_hparam_interaction_full_20260715_hparam_interaction_dense_additional5x5/m1_gamma_0p40_s_16p25,180,0.6197493581752692,60,0.6197493581752692
diagnostic prototype reconstruction,s,17.5,gamma,0.4,/data2/liyapeng_grp/program/MedMNISTMerge/outputs/lamp_merge_hparam_interaction_full_20260714_hparam_interaction_local5x5_rerun/m1_gamma_0p40_s_17p5,180,0.6200645411088305,60,0.6200645411088304
diagnostic prototype reconstruction,s,18.75,gamma,0.4,outputs/lamp_merge_hparam_interaction_full_20260715_hparam_interaction_dense_additional5x5/m1_gamma_0p40_s_18p75,180,0.6203258890508572,60,0.6203258890508572
diagnostic prototype reconstruction,s,20.0,gamma,0.4,/data2/liyapeng_grp/program/MedMNISTMerge/outputs/lamp_merge_hparam_interaction_full_20260714_hparam_interaction_local5x5_rerun/m1_gamma_0p40_s_20,180,0.6199497489481862,60,0.6199497489481862
diagnostic prototype reconstruction,s,21.25,gamma,0.4,outputs/lamp_merge_hparam_interaction_full_20260715_hparam_interaction_dense_additional5x5/m1_gamma_0p40_s_21p25,180,0.6195457029197521,60,0.6195457029197521
diagnostic prototype reconstruction,s,22.5,gamma,0.4,/data2/liyapeng_grp/program/MedMNISTMerge/outputs/lamp_merge_hparam_interaction_full_20260714_hparam_interaction_local5x5_rerun/m1_gamma_0p40_s_22p5,180,0.6194881941868716,60,0.6194881941868716
diagnostic prototype reconstruction,s,23.75,gamma,0.4,outputs/lamp_merge_hparam_interaction_full_20260715_hparam_interaction_dense_additional5x5/m1_gamma_0p40_s_23p75,180,0.6192230669272217,60,0.6192230669272217
diagnostic prototype reconstruction,s,25.0,gamma,0.4,/data2/liyapeng_grp/program/MedMNISTMerge/outputs/lamp_merge_hparam_interaction_full_20260714_hparam_interaction_local5x5_rerun/m1_gamma_0p40_s_25,180,0.6187008801033418,60,0.6187008801033418
diagnostic prototype reconstruction,s,13.75,gamma,0.45,outputs/lamp_merge_hparam_interaction_full_20260715_hparam_interaction_dense_additional5x5/m1_gamma_0p45_s_13p75,180,0.6208770470492994,60,0.6208770470492994
diagnostic prototype reconstruction,s,15.0,gamma,0.45,/data2/liyapeng_grp/program/MedMNISTMerge/outputs/lamp_merge_hparam_interaction_full_20260714_hparam_interaction_local5x5_rerun/m1_gamma_0p45_s_15,180,0.6205557342379685,60,0.6205557342379685
diagnostic prototype reconstruction,s,16.25,gamma,0.45,outputs/lamp_merge_hparam_interaction_full_20260715_hparam_interaction_dense_additional5x5/m1_gamma_0p45_s_16p25,180,0.6207603257070892,60,0.6207603257070892
diagnostic prototype reconstruction,s,17.5,gamma,0.45,/data2/liyapeng_grp/program/MedMNISTMerge/outputs/lamp_merge_hparam_interaction_full_20260714_hparam_interaction_local5x5_rerun/m1_gamma_0p45_s_17p5,180,0.6210909424028669,60,0.6210909424028669
diagnostic prototype reconstruction,s,18.75,gamma,0.45,outputs/lamp_merge_hparam_interaction_full_20260715_hparam_interaction_dense_additional5x5/m1_gamma_0p45_s_18p75,180,0.6213337502471826,60,0.6213337502471826
diagnostic prototype reconstruction,s,20.0,gamma,0.45,/data2/liyapeng_grp/program/MedMNISTMerge/outputs/lamp_merge_hparam_interaction_full_20260714_hparam_interaction_local5x5_rerun/m1_gamma_0p45_s_20,180,0.6209296643068226,60,0.6209296643068226
diagnostic prototype reconstruction,s,21.25,gamma,0.45,outputs/lamp_merge_hparam_interaction_full_20260715_hparam_interaction_dense_additional5x5/m1_gamma_0p45_s_21p25,180,0.6205709665722933,60,0.6205709665722933
diagnostic prototype reconstruction,s,22.5,gamma,0.45,/data2/liyapeng_grp/program/MedMNISTMerge/outputs/lamp_merge_hparam_interaction_full_20260714_hparam_interaction_local5x5_rerun/m1_gamma_0p45_s_22p5,180,0.6205063663012611,60,0.6205063663012611
diagnostic prototype reconstruction,s,23.75,gamma,0.45,outputs/lamp_merge_hparam_interaction_full_20260715_hparam_interaction_dense_additional5x5/m1_gamma_0p45_s_23p75,180,0.6201683336977563,60,0.6201683336977563
diagnostic prototype reconstruction,s,25.0,gamma,0.45,/data2/liyapeng_grp/program/MedMNISTMerge/outputs/lamp_merge_hparam_interaction_full_20260714_hparam_interaction_local5x5_rerun/m1_gamma_0p45_s_25,180,0.6196761033347736,60,0.6196761033347736
diagnostic prototype reconstruction,s,13.75,gamma,0.5,outputs/lamp_merge_hparam_interaction_full_20260715_hparam_interaction_dense_additional5x5/m1_gamma_0p50_s_13p75,180,0.6215538349016985,60,0.6215538349016985
diagnostic prototype reconstruction,s,15.0,gamma,0.5,/data2/liyapeng_grp/program/MedMNISTMerge/outputs/lamp_merge_hparam_interaction_full_20260714_hparam_interaction_local5x5_rerun/m1_gamma_0p50_s_15,180,0.6214096080281553,60,0.6214096080281553
diagnostic prototype reconstruction,s,16.25,gamma,0.5,outputs/lamp_merge_hparam_interaction_full_20260715_hparam_interaction_dense_additional5x5/m1_gamma_0p50_s_16p25,180,0.621559929927947,60,0.621559929927947
diagnostic prototype reconstruction,s,17.5,gamma,0.5,/data2/liyapeng_grp/program/MedMNISTMerge/outputs/lamp_merge_hparam_interaction_full_20260714_hparam_interaction_local5x5_rerun/m1_gamma_0p50_s_17p5,180,0.6218861126813671,60,0.6218861126813671
diagnostic prototype reconstruction,s,18.75,gamma,0.5,outputs/lamp_merge_hparam_interaction_full_20260715_hparam_interaction_dense_additional5x5/m1_gamma_0p50_s_18p75,180,0.6222135652633913,60,0.6222135652633913
diagnostic prototype reconstruction,s,20.0,gamma,0.5,/data2/liyapeng_grp/program/MedMNISTMerge/outputs/lamp_merge_hparam_interaction_full_20260714_hparam_interaction_local5x5_rerun/m1_gamma_0p50_s_20,180,0.621889735265022,60,0.621889735265022
diagnostic prototype reconstruction,s,21.25,gamma,0.5,outputs/lamp_merge_hparam_interaction_full_20260715_hparam_interaction_dense_additional5x5/m1_gamma_0p50_s_21p25,180,0.6214547874219183,60,0.6214547874219183
diagnostic prototype reconstruction,s,22.5,gamma,0.5,/data2/liyapeng_grp/program/MedMNISTMerge/outputs/lamp_merge_hparam_interaction_full_20260714_hparam_interaction_local5x5_rerun/m1_gamma_0p50_s_22p5,180,0.6212738131937309,60,0.6212738131937309
diagnostic prototype reconstruction,s,23.75,gamma,0.5,outputs/lamp_merge_hparam_interaction_full_20260715_hparam_interaction_dense_additional5x5/m1_gamma_0p50_s_23p75,180,0.6209516782285835,60,0.6209516782285835
diagnostic prototype reconstruction,s,25.0,gamma,0.5,/data2/liyapeng_grp/program/MedMNISTMerge/outputs/lamp_merge_hparam_interaction_full_20260714_hparam_interaction_local5x5_rerun/m1_gamma_0p50_s_25,180,0.6204863510199816,60,0.6204863510199816
diagnostic prototype reconstruction,s,13.75,gamma,0.55,outputs/lamp_merge_hparam_interaction_full_20260715_hparam_interaction_dense_additional5x5/m1_gamma_0p55_s_13p75,180,0.6220658903532112,60,0.6220658903532112
diagnostic prototype reconstruction,s,15.0,gamma,0.55,/data2/liyapeng_grp/program/MedMNISTMerge/outputs/lamp_merge_hparam_interaction_full_20260714_hparam_interaction_local5x5_rerun/m1_gamma_0p55_s_15,180,0.6218658846483586,60,0.6218658846483586
diagnostic prototype reconstruction,s,16.25,gamma,0.55,outputs/lamp_merge_hparam_interaction_full_20260715_hparam_interaction_dense_additional5x5/m1_gamma_0p55_s_16p25,180,0.6219299059029681,60,0.6219299059029681
diagnostic prototype reconstruction,s,17.5,gamma,0.55,/data2/liyapeng_grp/program/MedMNISTMerge/outputs/lamp_merge_hparam_interaction_full_20260714_hparam_interaction_local5x5_rerun/m1_gamma_0p55_s_17p5,180,0.6223136087905845,60,0.6223136087905845
diagnostic prototype reconstruction,s,18.75,gamma,0.55,outputs/lamp_merge_hparam_interaction_full_20260715_hparam_interaction_dense_additional5x5/m1_gamma_0p55_s_18p75,180,0.6226981412692826,60,0.6226981412692826
diagnostic prototype reconstruction,s,20.0,gamma,0.55,/data2/liyapeng_grp/program/MedMNISTMerge/outputs/lamp_merge_hparam_interaction_full_20260714_hparam_interaction_local5x5_rerun/m1_gamma_0p55_s_20,180,0.6223743222828075,60,0.6223743222828075
diagnostic prototype reconstruction,s,21.25,gamma,0.55,outputs/lamp_merge_hparam_interaction_full_20260715_hparam_interaction_dense_additional5x5/m1_gamma_0p55_s_21p25,180,0.6218349638041366,60,0.6218349638041366
diagnostic prototype reconstruction,s,22.5,gamma,0.55,/data2/liyapeng_grp/program/MedMNISTMerge/outputs/lamp_merge_hparam_interaction_full_20260714_hparam_interaction_local5x5_rerun/m1_gamma_0p55_s_22p5,180,0.6217714093966507,60,0.6217714093966507
diagnostic prototype reconstruction,s,23.75,gamma,0.55,outputs/lamp_merge_hparam_interaction_full_20260715_hparam_interaction_dense_additional5x5/m1_gamma_0p55_s_23p75,180,0.6214297390162937,60,0.6214297390162937
diagnostic prototype reconstruction,s,25.0,gamma,0.55,/data2/liyapeng_grp/program/MedMNISTMerge/outputs/lamp_merge_hparam_interaction_full_20260714_hparam_interaction_local5x5_rerun/m1_gamma_0p55_s_25,180,0.6208554983694247,60,0.6208554983694247
long-tail prevalence calibration,lambda,3.75,tau,1.5,outputs/lamp_merge_hparam_interaction_full_20260715_hparam_interaction_dense_additional5x5/m2_tau_1p5_lambda_3p75,180,0.6181069553848394,60,0.6181069553848394
long-tail prevalence calibration,lambda,4.0,tau,1.5,/data2/liyapeng_grp/program/MedMNISTMerge/outputs/lamp_merge_hparam_interaction_full_20260714_hparam_interaction_local5x5_rerun/m2_tau_1p5_lambda_4p0,180,0.6182053811745135,60,0.6182053811745134
long-tail prevalence calibration,lambda,4.25,tau,1.5,outputs/lamp_merge_hparam_interaction_full_20260715_hparam_interaction_dense_additional5x5/m2_tau_1p5_lambda_4p25,180,0.618169953060598,60,0.618169953060598
long-tail prevalence calibration,lambda,4.5,tau,1.5,/data2/liyapeng_grp/program/MedMNISTMerge/outputs/lamp_merge_hparam_interaction_full_20260714_hparam_interaction_local5x5_rerun/m2_tau_1p5_lambda_4p5,180,0.6180810099783328,60,0.6180810099783328
long-tail prevalence calibration,lambda,4.75,tau,1.5,outputs/lamp_merge_hparam_interaction_full_20260715_hparam_interaction_dense_additional5x5/m2_tau_1p5_lambda_4p75,180,0.6181307310903876,60,0.6181307310903876
long-tail prevalence calibration,lambda,5.0,tau,1.5,/data2/liyapeng_grp/program/MedMNISTMerge/outputs/lamp_merge_hparam_interaction_full_20260714_hparam_interaction_local5x5_rerun/m2_tau_1p5_lambda_5p0,180,0.6177954280536153,60,0.6177954280536153
long-tail prevalence calibration,lambda,5.25,tau,1.5,outputs/lamp_merge_hparam_interaction_full_20260715_hparam_interaction_dense_additional5x5/m2_tau_1p5_lambda_5p25,180,0.6176870330406609,60,0.6176870330406609
long-tail prevalence calibration,lambda,5.5,tau,1.5,/data2/liyapeng_grp/program/MedMNISTMerge/outputs/lamp_merge_hparam_interaction_full_20260714_hparam_interaction_local5x5_rerun/m2_tau_1p5_lambda_5p5,180,0.6169648375042182,60,0.6169648375042182
long-tail prevalence calibration,lambda,5.75,tau,1.5,outputs/lamp_merge_hparam_interaction_full_20260715_hparam_interaction_dense_additional5x5/m2_tau_1p5_lambda_5p75,180,0.6163077015185001,60,0.6163077015185001
long-tail prevalence calibration,lambda,6.0,tau,1.5,/data2/liyapeng_grp/program/MedMNISTMerge/outputs/lamp_merge_hparam_interaction_full_20260714_hparam_interaction_local5x5_rerun/m2_tau_1p5_lambda_6p0,180,0.615420957966792,60,0.615420957966792
long-tail prevalence calibration,lambda,3.75,tau,2.0,outputs/lamp_merge_hparam_interaction_full_20260715_hparam_interaction_dense_additional5x5/m2_tau_2p0_lambda_3p75,180,0.6193070593180623,60,0.6193070593180623
long-tail prevalence calibration,lambda,4.0,tau,2.0,/data2/liyapeng_grp/program/MedMNISTMerge/outputs/lamp_merge_hparam_interaction_full_20260714_hparam_interaction_local5x5_rerun/m2_tau_2p0_lambda_4p0,180,0.6198049784332748,60,0.6198049784332748
long-tail prevalence calibration,lambda,4.25,tau,2.0,outputs/lamp_merge_hparam_interaction_full_20260715_hparam_interaction_dense_additional5x5/m2_tau_2p0_lambda_4p25,180,0.6202128904733103,60,0.6202128904733103
long-tail prevalence calibration,lambda,4.5,tau,2.0,/data2/liyapeng_grp/program/MedMNISTMerge/outputs/lamp_merge_hparam_interaction_full_20260714_hparam_interaction_local5x5_rerun/m2_tau_2p0_lambda_4p5,180,0.6205088251071126,60,0.6205088251071126
long-tail prevalence calibration,lambda,4.75,tau,2.0,outputs/lamp_merge_hparam_interaction_full_20260715_hparam_interaction_dense_additional5x5/m2_tau_2p0_lambda_4p75,180,0.6208654740180566,60,0.6208654740180566
long-tail prevalence calibration,lambda,5.0,tau,2.0,/data2/liyapeng_grp/program/MedMNISTMerge/outputs/lamp_merge_hparam_interaction_full_20260714_hparam_interaction_local5x5_rerun/m2_tau_2p0_lambda_5p0,180,0.6209296643068226,60,0.6209296643068226
long-tail prevalence calibration,lambda,5.25,tau,2.0,outputs/lamp_merge_hparam_interaction_full_20260715_hparam_interaction_dense_additional5x5/m2_tau_2p0_lambda_5p25,180,0.621321447929095,60,0.621321447929095
long-tail prevalence calibration,lambda,5.5,tau,2.0,/data2/liyapeng_grp/program/MedMNISTMerge/outputs/lamp_merge_hparam_interaction_full_20260714_hparam_interaction_local5x5_rerun/m2_tau_2p0_lambda_5p5,180,0.6211189185071737,60,0.6211189185071737
long-tail prevalence calibration,lambda,5.75,tau,2.0,outputs/lamp_merge_hparam_interaction_full_20260715_hparam_interaction_dense_additional5x5/m2_tau_2p0_lambda_5p75,180,0.6210837579022735,60,0.6210837579022735
long-tail prevalence calibration,lambda,6.0,tau,2.0,/data2/liyapeng_grp/program/MedMNISTMerge/outputs/lamp_merge_hparam_interaction_full_20260714_hparam_interaction_local5x5_rerun/m2_tau_2p0_lambda_6p0,180,0.6207329200311656,60,0.6207329200311656
long-tail prevalence calibration,lambda,3.75,tau,2.5,outputs/lamp_merge_hparam_interaction_full_20260715_hparam_interaction_dense_additional5x5/m2_tau_2p5_lambda_3p75,180,0.6193070593180623,60,0.6193070593180623
long-tail prevalence calibration,lambda,4.0,tau,2.5,/data2/liyapeng_grp/program/MedMNISTMerge/outputs/lamp_merge_hparam_interaction_full_20260714_hparam_interaction_local5x5_rerun/m2_tau_2p5_lambda_4p0,180,0.6198049784332748,60,0.6198049784332748
long-tail prevalence calibration,lambda,4.25,tau,2.5,outputs/lamp_merge_hparam_interaction_full_20260715_hparam_interaction_dense_additional5x5/m2_tau_2p5_lambda_4p25,180,0.6202128904733103,60,0.6202128904733103
long-tail prevalence calibration,lambda,4.5,tau,2.5,/data2/liyapeng_grp/program/MedMNISTMerge/outputs/lamp_merge_hparam_interaction_full_20260714_hparam_interaction_local5x5_rerun/m2_tau_2p5_lambda_4p5,180,0.6205088251071126,60,0.6205088251071126
long-tail prevalence calibration,lambda,4.75,tau,2.5,outputs/lamp_merge_hparam_interaction_full_20260715_hparam_interaction_dense_additional5x5/m2_tau_2p5_lambda_4p75,180,0.6208654740180566,60,0.6208654740180566
long-tail prevalence calibration,lambda,5.0,tau,2.5,/data2/liyapeng_grp/program/MedMNISTMerge/outputs/lamp_merge_hparam_interaction_full_20260714_hparam_interaction_local5x5_rerun/m2_tau_2p5_lambda_5p0,180,0.6209296643068226,60,0.6209296643068226
long-tail prevalence calibration,lambda,5.25,tau,2.5,outputs/lamp_merge_hparam_interaction_full_20260715_hparam_interaction_dense_additional5x5/m2_tau_2p5_lambda_5p25,180,0.621321447929095,60,0.621321447929095
long-tail prevalence calibration,lambda,5.5,tau,2.5,/data2/liyapeng_grp/program/MedMNISTMerge/outputs/lamp_merge_hparam_interaction_full_20260714_hparam_interaction_local5x5_rerun/m2_tau_2p5_lambda_5p5,180,0.6211189185071737,60,0.6211189185071737
long-tail prevalence calibration,lambda,5.75,tau,2.5,outputs/lamp_merge_hparam_interaction_full_20260715_hparam_interaction_dense_additional5x5/m2_tau_2p5_lambda_5p75,180,0.6210837579022735,60,0.6210837579022735
long-tail prevalence calibration,lambda,6.0,tau,2.5,/data2/liyapeng_grp/program/MedMNISTMerge/outputs/lamp_merge_hparam_interaction_full_20260714_hparam_interaction_local5x5_rerun/m2_tau_2p5_lambda_6p0,180,0.6207329200311656,60,0.6207329200311656
long-tail prevalence calibration,lambda,3.75,tau,3.0,outputs/lamp_merge_hparam_interaction_full_20260715_hparam_interaction_dense_additional5x5/m2_tau_3p0_lambda_3p75,180,0.6172295975617867,60,0.6172295975617867
long-tail prevalence calibration,lambda,4.0,tau,3.0,/data2/liyapeng_grp/program/MedMNISTMerge/outputs/lamp_merge_hparam_interaction_full_20260714_hparam_interaction_local5x5_rerun/m2_tau_3p0_lambda_4p0,180,0.6180468354641178,60,0.6180468354641178
long-tail prevalence calibration,lambda,4.25,tau,3.0,outputs/lamp_merge_hparam_interaction_full_20260715_hparam_interaction_dense_additional5x5/m2_tau_3p0_lambda_4p25,180,0.618806211582291,60,0.618806211582291
long-tail prevalence calibration,lambda,4.5,tau,3.0,/data2/liyapeng_grp/program/MedMNISTMerge/outputs/lamp_merge_hparam_interaction_full_20260714_hparam_interaction_local5x5_rerun/m2_tau_3p0_lambda_4p5,180,0.6192576971986703,60,0.6192576971986703
long-tail prevalence calibration,lambda,4.75,tau,3.0,outputs/lamp_merge_hparam_interaction_full_20260715_hparam_interaction_dense_additional5x5/m2_tau_3p0_lambda_4p75,180,0.6200586360766108,60,0.6200586360766108
long-tail prevalence calibration,lambda,5.0,tau,3.0,/data2/liyapeng_grp/program/MedMNISTMerge/outputs/lamp_merge_hparam_interaction_full_20260714_hparam_interaction_local5x5_rerun/m2_tau_3p0_lambda_5p0,180,0.6204048293682464,60,0.6204048293682464
long-tail prevalence calibration,lambda,5.25,tau,3.0,outputs/lamp_merge_hparam_interaction_full_20260715_hparam_interaction_dense_additional5x5/m2_tau_3p0_lambda_5p25,180,0.621153122083815,60,0.621153122083815
long-tail prevalence calibration,lambda,5.5,tau,3.0,/data2/liyapeng_grp/program/MedMNISTMerge/outputs/lamp_merge_hparam_interaction_full_20260714_hparam_interaction_local5x5_rerun/m2_tau_3p0_lambda_5p5,180,0.621468836018288,60,0.621468836018288
long-tail prevalence calibration,lambda,5.75,tau,3.0,outputs/lamp_merge_hparam_interaction_full_20260715_hparam_interaction_dense_additional5x5/m2_tau_3p0_lambda_5p75,180,0.621928960266137,60,0.621928960266137
long-tail prevalence calibration,lambda,6.0,tau,3.0,/data2/liyapeng_grp/program/MedMNISTMerge/outputs/lamp_merge_hparam_interaction_full_20260714_hparam_interaction_local5x5_rerun/m2_tau_3p0_lambda_6p0,180,0.622006381044611,60,0.622006381044611
long-tail prevalence calibration,lambda,3.75,tau,3.5,outputs/lamp_merge_hparam_interaction_full_20260715_hparam_interaction_dense_additional5x5/m2_tau_3p5_lambda_3p75,180,0.6172295975617867,60,0.6172295975617867
long-tail prevalence calibration,lambda,4.0,tau,3.5,/data2/liyapeng_grp/program/MedMNISTMerge/outputs/lamp_merge_hparam_interaction_full_20260714_hparam_interaction_local5x5_rerun/m2_tau_3p5_lambda_4p0,180,0.6180559744503219,60,0.6180559744503219
long-tail prevalence calibration,lambda,4.25,tau,3.5,outputs/lamp_merge_hparam_interaction_full_20260715_hparam_interaction_dense_additional5x5/m2_tau_3p5_lambda_4p25,180,0.618806211582291,60,0.618806211582291
long-tail prevalence calibration,lambda,4.5,tau,3.5,/data2/liyapeng_grp/program/MedMNISTMerge/outputs/lamp_merge_hparam_interaction_full_20260714_hparam_interaction_local5x5_rerun/m2_tau_3p5_lambda_4p5,180,0.619270940114497,60,0.619270940114497
long-tail prevalence calibration,lambda,4.75,tau,3.5,outputs/lamp_merge_hparam_interaction_full_20260715_hparam_interaction_dense_additional5x5/m2_tau_3p5_lambda_4p75,180,0.6200586360766108,60,0.6200586360766108
long-tail prevalence calibration,lambda,5.0,tau,3.5,/data2/liyapeng_grp/program/MedMNISTMerge/outputs/lamp_merge_hparam_interaction_full_20260714_hparam_interaction_local5x5_rerun/m2_tau_3p5_lambda_5p0,180,0.6204122674294819,60,0.6204122674294819
long-tail prevalence calibration,lambda,5.25,tau,3.5,outputs/lamp_merge_hparam_interaction_full_20260715_hparam_interaction_dense_additional5x5/m2_tau_3p5_lambda_5p25,180,0.621153122083815,60,0.621153122083815
long-tail prevalence calibration,lambda,5.5,tau,3.5,/data2/liyapeng_grp/program/MedMNISTMerge/outputs/lamp_merge_hparam_interaction_full_20260714_hparam_interaction_local5x5_rerun/m2_tau_3p5_lambda_5p5,180,0.621468836018288,60,0.621468836018288
long-tail prevalence calibration,lambda,5.75,tau,3.5,outputs/lamp_merge_hparam_interaction_full_20260715_hparam_interaction_dense_additional5x5/m2_tau_3p5_lambda_5p75,180,0.621928960266137,60,0.621928960266137
long-tail prevalence calibration,lambda,6.0,tau,3.5,/data2/liyapeng_grp/program/MedMNISTMerge/outputs/lamp_merge_hparam_interaction_full_20260714_hparam_interaction_local5x5_rerun/m2_tau_3p5_lambda_6p0,180,0.622006381044611,60,0.622006381044611
