status,error,seconds,task_type,dataset,model,clip_model,num_clients,beta,seed,split,method,calibration_source,accuracy,balanced_accuracy,macro_f1,mean_precision,loss,num_samples,majority_prediction_ratio,effective_predicted_classes,prediction_entropy,per_class_recall,per_class_precision,per_class_f1,class_support,predicted_class_counts,confusion_matrix_json,updated_at
OK,,20.47,small,bloodmnist_224,resnet,,3,0,42,test,avg,no_image_stats,0.3016661794796843,0.26915681305516104,0.17747897700281773,0.23342227968299806,1.8713609416106403,3421,0.6764104063139433,2.2070125238632974,0.7916398018680582,0.000000 0.004808 0.000000 0.789292 0.000000 0.359155 0.000000 1.000000,0.000000 0.500000 0.000000 0.488770 0.000000 0.675497 0.000000 0.203111,0.000000 0.009524 0.000000 0.603699 0.000000 0.468966 0.000000 0.337644,244 624 311 579 243 284 666 470,0 6 0 935 0 151 15 2314,"[[0,0,0,208,0,26,0,10],[0,3,0,151,0,3,2,465],[0,0,0,18,0,1,0,292],[0,3,0,457,0,18,2,99],[0,0,0,0,0,1,0,242],[0,0,0,83,0,102,11,88],[0,0,0,18,0,0,0,648],[0,0,0,0,0,0,0,470]]",2026-07-03T15:21:36
OK,,20.47,small,bloodmnist_224,resnet,,3,0,42,test,bn_recalibration,no_recalibration,0.3016661794796843,0.26915681305516104,0.17747897700281773,0.23342227968299806,1.8713609416106403,3421,0.6764104063139433,2.2070125238632974,0.7916398018680582,0.000000 0.004808 0.000000 0.789292 0.000000 0.359155 0.000000 1.000000,0.000000 0.500000 0.000000 0.488770 0.000000 0.675497 0.000000 0.203111,0.000000 0.009524 0.000000 0.603699 0.000000 0.468966 0.000000 0.337644,244 624 311 579 243 284 666 470,0 6 0 935 0 151 15 2314,"[[0,0,0,208,0,26,0,10],[0,3,0,151,0,3,2,465],[0,0,0,18,0,1,0,292],[0,3,0,457,0,18,2,99],[0,0,0,0,0,1,0,242],[0,0,0,83,0,102,11,88],[0,0,0,18,0,0,0,648],[0,0,0,0,0,0,0,470]]",2026-07-03T15:21:36
OK,,24.90,small,bloodmnist_224,resnet,,3,0,42,test,fisher,source_val_512,0.42268342589886,0.38212437922348147,0.33388029415960824,0.4001593771503311,1.9638658627819785,3421,0.4712072493422976,4.284452796606837,1.4549928418197215,0.000000 0.027244 0.038585 0.982729 0.588477 0.190141 0.372372 0.857447,0.000000 0.086294 0.113208 0.352978 0.794444 0.729730 0.666667 0.457955,0.000000 0.041413 0.057554 0.519398 0.676123 0.301676 0.477842 0.597037,244 624 311 579 243 284 666 470,0 197 106 1612 180 74 372 880,"[[0,1,0,243,0,0,0,0],[0,17,20,439,0,0,114,34],[0,6,12,51,5,1,5,231],[0,5,0,569,1,0,2,2],[0,2,55,33,143,2,0,8],[0,59,7,158,3,54,3,0],[0,94,5,117,0,0,248,202],[0,13,7,2,28,17,0,403]]",2026-07-03T15:22:01
OK,,24.95,small,bloodmnist_224,resnet,,3,0,42,test,fisher,public_labeled_val_512,0.3767904121601871,0.3575392581335623,0.21952364559805293,0.2455697555196376,2.2133790579012214,3421,0.5016077170418006,2.717568243974515,0.9997374524760172,0.000000 0.000000 0.000000 0.977547 0.000000 0.876761 0.006006 1.000000,0.000000 0.000000 0.000000 0.329837 0.000000 0.598558 0.666667 0.369497,0.000000 0.000000 0.000000 0.493246 0.000000 0.711429 0.011905 0.539610,244 624 311 579 243 284 666 470,0 11 0 1716 0 416 6 1272,"[[0,0,0,243,0,1,0,0],[0,0,0,491,0,12,2,119],[0,0,0,56,0,7,0,248],[0,0,0,566,0,9,0,4],[0,0,0,54,0,84,0,105],[0,0,0,34,0,249,0,1],[0,11,0,272,0,54,4,325],[0,0,0,0,0,0,0,470]]",2026-07-03T15:22:26
OK,,25.07,small,bloodmnist_224,resnet,,3,0,42,test,fisher,public_labeled_reweighted_512,0.40456007015492546,0.36315825152996856,0.2725000604072275,0.405952276021771,1.8137650120436049,3421,0.5211926337328266,3.0260392746329674,1.10725459434108,0.000000 0.000000 0.000000 0.982729 0.004115 0.700704 0.217718 1.000000,0.000000 0.000000 0.000000 0.319125 1.000000 0.904545 0.617021 0.406926,0.000000 0.000000 0.000000 0.481795 0.008197 0.789683 0.321865 0.578462,244 624 311 579 243 284 666 470,0 27 0 1783 1 220 235 1155,"[[0,1,0,243,0,0,0,0],[0,0,0,507,0,1,61,55],[0,0,0,59,0,1,5,246],[0,2,0,569,0,3,2,3],[0,17,0,86,1,15,5,119],[0,1,0,66,0,199,17,1],[0,6,0,253,0,1,145,261],[0,0,0,0,0,0,0,470]]",2026-07-03T15:22:51
OK,,23.20,small,bloodmnist_224,resnet,,3,0,42,test,regmean,source_val_512,0.3048816135632856,0.2949792230107179,0.23399938854142346,0.3120218965082985,1.8476936454070447,3421,0.6544869921075709,2.9487517572392825,1.0813819476664146,0.053279 0.000000 0.000000 0.597582 0.111111 0.552817 0.045045 1.000000,0.433333 0.000000 0.000000 0.630237 0.529412 0.588015 0.105263 0.209915,0.094891 0.000000 0.000000 0.613475 0.183673 0.569873 0.063091 0.346992,244 624 311 579 243 284 666 470,30 0 0 549 51 267 285 2239,"[[13,0,0,150,1,63,2,15],[1,0,0,19,0,4,204,396],[1,0,0,10,0,1,4,295],[15,0,0,346,3,40,19,156],[0,0,0,0,27,1,3,212],[0,0,0,18,20,157,23,66],[0,0,0,6,0,1,30,629],[0,0,0,0,0,0,0,470]]",2026-07-03T15:23:14
OK,,23.41,small,bloodmnist_224,resnet,,3,0,42,test,regmean,public_labeled_val_512,0.3306050862320959,0.3028911321037503,0.2331235515172504,0.3220760536818722,1.92565686031588,3421,0.5276235019000293,3.3544276079818967,1.2102811472191228,0.032787 0.000000 0.000000 0.753022 0.469136 0.056338 0.175676 0.936170,0.421053 0.000000 0.000000 0.503464 0.556098 0.615385 0.236842 0.243767,0.060837 0.000000 0.000000 0.603460 0.508929 0.103226 0.201724 0.386813,244 624 311 579 243 284 666 470,19 0 6 866 205 26 494 1805,"[[8,0,0,208,14,8,3,3],[0,0,0,121,1,0,169,333],[1,0,0,18,0,0,0,292],[10,0,0,436,6,2,57,68],[0,0,3,0,114,0,1,125],[0,0,3,62,40,16,147,16],[0,0,0,21,0,0,117,528],[0,0,0,0,30,0,0,440]]",2026-07-03T15:23:38
OK,,23.33,small,bloodmnist_224,resnet,,3,0,42,test,regmean,public_labeled_reweighted_512,0.31803566208710904,0.29145777713166504,0.2223793587596225,0.29467103254077537,1.9416476073790558,3421,0.5521777258111663,3.2904544402260703,1.191025682966813,0.036885 0.000000 0.000000 0.692573 0.452675 0.028169 0.168168 0.953191,0.391304 0.000000 0.000000 0.519430 0.544554 0.444444 0.220472 0.237163,0.067416 0.000000 0.000000 0.593634 0.494382 0.052980 0.190801 0.379822,244 624 311 579 243 284 666 470,23 0 9 772 202 18 508 1889,"[[9,0,0,204,17,7,3,4],[0,0,0,87,1,0,179,357],[0,0,0,16,1,1,0,293],[13,0,0,401,9,2,56,98],[0,0,3,0,110,0,1,129],[1,0,1,47,47,8,157,23],[0,0,0,17,0,0,112,537],[0,0,5,0,17,0,0,448]]",2026-07-03T15:24:01
OK,,58.91,small,bloodmnist_224,resnet,,3,0,42,test,adamerging,source_val_512,0.33177433498976905,0.32216257388892944,0.21039474303093736,0.17095432202118838,2.2513827023120068,3421,0.6454253142356037,2.381169973260504,0.8675919522984357,0.000000 0.000000 0.000000 0.735751 0.000000 0.841549 0.000000 1.000000,0.000000 0.000000 0.000000 0.503546 0.000000 0.651226 0.000000 0.212862,0.000000 0.000000 0.000000 0.597895 0.000000 0.734255 0.000000 0.351008,244 624 311 579 243 284 666 470,0 0 0 846 0 367 0 2208,"[[0,0,0,190,0,37,0,17],[0,0,0,171,0,12,0,441],[0,0,0,23,0,3,0,285],[0,0,0,426,0,59,0,94],[0,0,0,1,0,12,0,230],[0,0,0,17,0,239,0,28],[0,0,0,18,0,5,0,643],[0,0,0,0,0,0,0,470]]",2026-07-03T15:25:00
OK,,60.25,small,bloodmnist_224,resnet,,3,0,42,test,adamerging,public_labeled_val_512,0.3519438760596317,0.3392013247862584,0.21699335134794956,0.17086966171075774,2.400293532535717,3421,0.5840397544577609,2.504123772976924,0.9179388821188303,0.000000 0.000000 0.000000 0.841105 0.000000 0.876761 0.000000 0.995745,0.000000 0.000000 0.000000 0.463368 0.000000 0.669355 0.000000 0.234234,0.000000 0.000000 0.000000 0.597546 0.000000 0.759146 0.000000 0.379254,244 624 311 579 243 284 666 470,0 0 0 1051 0 372 0 1998,"[[0,0,0,216,0,25,0,3],[0,0,0,262,0,9,0,353],[0,0,0,27,0,3,0,281],[0,0,0,487,0,39,0,53],[0,0,0,3,0,36,0,204],[0,0,0,28,0,249,0,7],[0,0,0,28,0,9,0,629],[0,0,0,0,0,2,0,468]]",2026-07-03T15:26:00
OK,,60.93,small,bloodmnist_224,resnet,,3,0,42,test,adamerging,public_labeled_reweighted_512,0.3531131248173049,0.3393420605209917,0.2158647812380052,0.16903715609898218,2.4331960134497863,3421,0.5738088278281205,2.5215577932743196,0.9248768824680211,0.000000 0.000000 0.000000 0.854922 0.000000 0.866197 0.000000 0.993617,0.000000 0.000000 0.000000 0.456642 0.000000 0.657754 0.000000 0.237901,0.000000 0.000000 0.000000 0.595310 0.000000 0.747720 0.000000 0.383888,244 624 311 579 243 284 666 470,0 0 0 1084 0 374 0 1963,"[[0,0,0,219,0,22,0,3],[0,0,0,277,0,9,0,338],[0,0,0,28,0,2,0,281],[0,0,0,495,0,36,0,48],[0,0,0,4,0,43,0,196],[0,0,0,31,0,246,0,7],[0,0,0,30,0,13,0,623],[0,0,0,0,0,3,0,467]]",2026-07-03T15:27:01
OK,,20.23,small,bloodmnist_224,resnet,,3,0,42,test,bn_recalibration,source_val_512,0.45980707395498394,0.4067066882081792,0.32746387209734384,0.580796754911217,1.371661282394128,3421,0.57731657410114,2.978065366355039,1.0912738837707703,0.000000 0.003205 0.000000 0.998273 0.016461 0.795775 0.439940 1.000000,0.000000 1.000000 0.000000 0.292658 1.000000 0.852830 0.960656 0.540230,0.000000 0.006390 0.000000 0.452623 0.032389 0.823315 0.603502 0.701493,244 624 311 579 243 284 666 470,0 2 0 1975 4 265 305 870,"[[0,0,0,244,0,0,0,0],[0,2,0,603,0,8,11,0],[0,0,0,46,0,3,1,261],[0,0,0,578,0,1,0,0],[0,0,0,103,4,27,0,109],[0,0,0,57,0,226,0,1],[0,0,0,344,0,0,293,29],[0,0,0,0,0,0,0,470]]",2026-07-03T15:27:22
OK,,20.19,small,bloodmnist_224,resnet,,3,0,42,test,bn_recalibration,public_labeled_val_512,0.32066647179187374,0.27451050757746726,0.1959393005009499,0.2278614414604147,1.7989299810967645,3421,0.8006430868167203,1.849417506117083,0.6148707279525921,0.000000 0.000000 0.000000 1.000000 0.004115 0.232394 0.000000 0.959574,0.000000 0.000000 0.000000 0.211391 0.333333 0.402439 0.000000 0.875728,0.000000 0.000000 0.000000 0.349005 0.008130 0.294643 0.000000 0.915736,244 624 311 579 243 284 666 470,0 0 0 2739 3 164 0 515,"[[0,0,0,244,0,0,0,0],[0,0,0,624,0,0,0,0],[0,0,0,229,2,16,0,64],[0,0,0,579,0,0,0,0],[0,0,0,161,1,81,0,0],[0,0,0,218,0,66,0,0],[0,0,0,666,0,0,0,0],[0,0,0,18,0,1,0,451]]",2026-07-03T15:27:42
OK,,20.16,small,bloodmnist_224,resnet,,3,0,42,test,bn_recalibration,public_labeled_reweighted_512,0.3332358959368606,0.29239146352592393,0.20943604676878597,0.25203418464391647,1.7493760890341823,3421,0.77491961414791,1.9684181053507281,0.6772302279712092,0.000000 0.000000 0.000000 1.000000 0.004115 0.362676 0.000000 0.972340,0.000000 0.000000 0.000000 0.218408 0.500000 0.442060 0.000000 0.855805,0.000000 0.000000 0.000000 0.358514 0.008163 0.398453 0.000000 0.910359,244 624 311 579 243 284 666 470,0 1 0 2651 2 233 0 534,"[[0,0,0,244,0,0,0,0],[0,0,0,624,0,0,0,0],[0,0,0,210,1,23,0,77],[0,0,0,579,0,0,0,0],[0,0,0,137,1,105,0,0],[0,0,0,181,0,103,0,0],[0,0,0,666,0,0,0,0],[0,1,0,10,0,2,0,457]]",2026-07-03T15:28:02
OK,,18.88,small,bloodmnist_224,resnet,,3,0.01,42,test,avg,no_image_stats,0.3069277988892137,0.32303198093601115,0.23857489631337303,0.34142645458844983,1.9025481401636948,3421,0.6293481438175972,3.232288040662517,1.17319025817988,0.000000 0.000000 0.665595 0.944732 0.304527 0.542254 0.042042 0.085106,0.000000 0.000000 0.448052 0.254064 0.342593 0.339956 0.394366 0.952381,0.000000 0.000000 0.535576 0.400439 0.322440 0.417910 0.075984 0.156250,244 624 311 579 243 284 666 470,0 24 462 2153 216 453 71 42,"[[0,0,0,195,0,42,7,0],[0,0,0,576,0,41,7,0],[0,9,207,88,2,0,3,2],[0,0,0,547,0,31,1,0],[0,0,9,122,74,21,17,0],[0,0,0,130,0,154,0,0],[0,7,0,472,0,159,28,0],[0,8,246,23,140,5,8,40]]",2026-07-03T15:28:21
OK,,18.88,small,bloodmnist_224,resnet,,3,0.01,42,test,bn_recalibration,no_recalibration,0.3069277988892137,0.32303198093601115,0.23857489631337303,0.34142645458844983,1.9025481401636948,3421,0.6293481438175972,3.232288040662517,1.17319025817988,0.000000 0.000000 0.665595 0.944732 0.304527 0.542254 0.042042 0.085106,0.000000 0.000000 0.448052 0.254064 0.342593 0.339956 0.394366 0.952381,0.000000 0.000000 0.535576 0.400439 0.322440 0.417910 0.075984 0.156250,244 624 311 579 243 284 666 470,0 24 462 2153 216 453 71 42,"[[0,0,0,195,0,42,7,0],[0,0,0,576,0,41,7,0],[0,9,207,88,2,0,3,2],[0,0,0,547,0,31,1,0],[0,0,9,122,74,21,17,0],[0,0,0,130,0,154,0,0],[0,7,0,472,0,159,28,0],[0,8,246,23,140,5,8,40]]",2026-07-03T15:28:21
OK,,25.09,small,bloodmnist_224,resnet,,3,0.01,42,test,fisher,source_val_512,0.3051739257527039,0.34474901731234187,0.26222039556320936,0.42299907015204374,1.903442030446427,3421,0.6331482022800351,3.042865468894871,1.112799659912853,0.877049 0.121795 0.987138 0.756477 0.000000 0.003521 0.012012 0.000000,0.899160 0.598425 0.141736 0.715686 0.000000 1.000000 0.028986 0.000000,0.887967 0.202397 0.247881 0.735516 0.000000 0.007018 0.016985 0.000000,244 624 311 579 243 284 666 470,238 127 2166 612 1 1 276 0,"[[214,0,21,1,0,0,8,0],[15,76,381,37,0,0,115,0],[0,0,307,4,0,0,0,0],[8,7,76,438,0,0,50,0],[0,0,239,2,0,0,2,0],[0,0,85,105,1,1,92,0],[1,44,589,24,0,0,8,0],[0,0,468,1,0,0,1,0]]",2026-07-03T15:28:46
OK,,25.08,small,bloodmnist_224,resnet,,3,0.01,42,test,fisher,public_labeled_val_512,0.32885121309558607,0.3606300181169478,0.2848817308688875,0.3413688462762819,1.736262138877407,3421,0.5057000876936568,3.7778431733709996,1.3291532577283212,0.536885 0.078526 0.974277 0.882556 0.000000 0.376761 0.036036 0.000000,0.992424 0.457944 0.175145 0.558470 0.000000 0.469298 0.077670 0.000000,0.696809 0.134063 0.296913 0.684070 0.000000 0.417969 0.049231 0.000000,244 624 311 579 243 284 666 470,132 107 1730 915 0 228 309 0,"[[131,9,12,26,0,4,62,0],[1,49,186,160,0,59,169,0],[0,0,303,8,0,0,0,0],[0,0,37,511,0,3,28,0],[0,0,213,15,0,4,11,0],[0,0,2,163,0,107,12,0],[0,48,512,31,0,51,24,0],[0,1,465,1,0,0,3,0]]",2026-07-03T15:29:11
OK,,25.29,small,bloodmnist_224,resnet,,3,0.01,42,test,fisher,public_labeled_reweighted_512,0.3285589009061678,0.35221092307214374,0.28663610324774436,0.37512007059640307,1.646182178719216,3421,0.47149956153171585,3.963848247392583,1.377215333038821,0.500000 0.068910 0.954984 0.898100 0.032922 0.281690 0.081081 0.000000,0.991870 0.300699 0.184129 0.516385 0.228571 0.634921 0.144385 0.000000,0.664850 0.112125 0.308732 0.655738 0.057554 0.390244 0.103846 0.000000,244 624 311 579 243 284 666 470,123 143 1613 1007 35 126 374 0,"[[122,11,7,39,0,1,64,0],[1,43,150,208,2,20,200,0],[0,0,297,12,1,0,1,0],[0,0,29,520,6,2,22,0],[0,0,198,21,8,1,15,0],[0,0,5,168,14,80,17,0],[0,82,472,32,4,22,54,0],[0,7,455,7,0,0,1,0]]",2026-07-03T15:29:36
OK,,23.11,small,bloodmnist_224,resnet,,3,0.01,42,test,regmean,source_val_512,0.3218357205495469,0.3494569738708214,0.24820781087867155,0.3890504944364546,1.8557094650915302,3421,0.5472084185910553,3.3748434127868685,1.2163489270368575,0.000000 0.000000 0.794212 0.873921 0.255144 0.693662 0.025526 0.153191,0.000000 0.000000 0.428076 0.270299 0.400000 0.275140 0.850000 0.888889,0.000000 0.000000 0.556306 0.412893 0.311558 0.394000 0.049563 0.261343,244 624 311 579 243 284 666 470,0 0 577 1872 155 716 20 81,"[[0,0,0,153,0,88,3,0],[0,0,1,542,0,81,0,0],[0,0,247,61,0,0,0,3],[0,0,0,506,1,72,0,0],[0,0,32,118,62,31,0,0],[0,0,0,87,0,197,0,0],[0,0,3,396,0,244,17,6],[0,0,294,9,92,3,0,72]]",2026-07-03T15:29:59
OK,,23.21,small,bloodmnist_224,resnet,,3,0.01,42,test,regmean,public_labeled_val_512,0.3633440514469453,0.42287805882172114,0.31972249729648217,0.30674559064624096,1.8798887358182914,3421,0.4361297866121017,4.907800677669573,1.5908259143022208,0.000000 0.004808 0.781350 0.799655 0.794239 0.704225 0.003003 0.295745,0.000000 0.019231 0.519231 0.310322 0.501299 0.311042 0.020619 0.772222,0.000000 0.007692 0.623877 0.447127 0.614650 0.431499 0.005242 0.427692,244 624 311 579 243 284 666 470,0 156 468 1492 385 643 97 180,"[[0,0,0,96,34,28,86,0],[0,3,0,505,1,113,0,2],[0,12,243,40,7,0,0,9],[0,4,0,463,11,97,1,3],[0,0,4,25,193,2,0,19],[0,0,0,50,23,200,8,3],[0,137,4,311,5,202,2,5],[0,0,217,2,111,1,0,139]]",2026-07-03T15:30:23
OK,,23.07,small,bloodmnist_224,resnet,,3,0.01,42,test,regmean,public_labeled_reweighted_512,0.3387898275358082,0.4015935638152005,0.30460293244870074,0.30247837341800227,1.880817340849715,3421,0.3215434083601286,5.662150324580547,1.7338037360689103,0.000000 0.044872 0.684887 0.685665 0.884774 0.665493 0.004505 0.242553,0.000000 0.064665 0.600000 0.360909 0.338583 0.295775 0.029126 0.730769,0.000000 0.052980 0.639640 0.472901 0.489749 0.409534 0.007802 0.364217,244 624 311 579 243 284 666 470,0 433 355 1100 635 639 103 156,"[[0,10,0,61,64,27,82,0],[0,28,0,401,6,186,1,2],[0,45,213,24,20,0,0,9],[0,15,0,397,35,125,3,4],[0,0,1,8,215,1,0,18],[0,0,0,19,55,189,14,7],[0,335,2,189,24,111,3,2],[0,0,139,1,216,0,0,114]]",2026-07-03T15:30:46
OK,,59.30,small,bloodmnist_224,resnet,,3,0.01,42,test,adamerging,source_val_512,0.2543116047939199,0.2484008440236061,0.16141556261211065,0.2022312915525622,2.6811581243377303,3421,0.8035662087109032,1.8773356170152025,0.629853546636751,0.237705 0.000000 0.745981 1.000000 0.000000 0.003521 0.000000 0.000000,0.950820 0.000000 0.445298 0.210622 0.000000 0.011111 0.000000 0.000000,0.380328 0.000000 0.557692 0.347957 0.000000 0.005348 0.000000 0.000000,244 624 311 579 243 284 666 470,61 0 521 2749 0 90 0 0,"[[58,0,0,184,0,2,0,0],[0,0,0,616,0,8,0,0],[0,0,232,79,0,0,0,0],[0,0,0,579,0,0,0,0],[0,0,48,194,0,1,0,0],[0,0,0,283,0,1,0,0],[3,0,129,466,0,68,0,0],[0,0,112,348,0,10,0,0]]",2026-07-03T15:31:45
OK,,60.52,small,bloodmnist_224,resnet,,3,0.01,42,test,adamerging,public_labeled_val_512,0.2519731072785735,0.2471026110329556,0.17424127217852822,0.20449156481167663,3.304317033907643,3421,0.7643963753288512,2.1536434936328184,0.7671610560448087,0.295082 0.000000 0.681672 0.996546 0.000000 0.003521 0.000000 0.000000,0.900000 0.000000 0.512077 0.220650 0.000000 0.003205 0.000000 0.000000,0.444444 0.000000 0.584828 0.361302 0.000000 0.003356 0.000000 0.000000,244 624 311 579 243 284 666 470,80 0 414 2615 0 312 0 0,"[[72,0,0,166,0,6,0,0],[0,0,0,614,0,10,0,0],[0,0,212,88,0,11,0,0],[0,0,0,577,0,2,0,0],[0,0,37,199,0,7,0,0],[0,0,0,283,0,1,0,0],[8,0,73,386,0,199,0,0],[0,0,92,302,0,76,0,0]]",2026-07-03T15:32:46
OK,,60.03,small,bloodmnist_224,resnet,,3,0.01,42,test,adamerging,public_labeled_reweighted_512,0.2516807950891552,0.24670068177250543,0.17424338597409134,0.20573427794413265,3.332741343462826,3421,0.7605963168664134,2.1700288082708137,0.7747404431650826,0.295082 0.000000 0.678457 0.996546 0.000000 0.003521 0.000000 0.000000,0.911392 0.000000 0.509662 0.221752 0.000000 0.003067 0.000000 0.000000,0.445820 0.000000 0.582069 0.362779 0.000000 0.003279 0.000000 0.000000,244 624 311 579 243 284 666 470,79 0 414 2602 0 326 0 0,"[[72,0,0,166,0,6,0,0],[0,0,0,613,0,11,0,0],[0,0,211,90,0,10,0,0],[0,0,0,577,0,2,0,0],[0,0,37,199,0,7,0,0],[0,0,0,283,0,1,0,0],[7,0,71,385,0,203,0,0],[0,0,95,289,0,86,0,0]]",2026-07-03T15:33:46
OK,,20.31,small,bloodmnist_224,resnet,,3,0.01,42,test,bn_recalibration,source_val_512,0.44752996199941536,0.43539300628352146,0.42361845134041576,0.6844737791499635,1.453460345453632,3421,0.5711780181233558,3.9466680189463608,1.3728716834261272,0.196721 0.488782 0.803859 1.000000 0.168724 0.454225 0.024024 0.346809,1.000000 0.770202 0.452080 0.296315 1.000000 0.806250 0.150943 1.000000,0.328767 0.598039 0.578704 0.457165 0.288732 0.581081 0.041451 0.515008,244 624 311 579 243 284 666 470,48 396 553 1954 41 160 106 163,"[[48,15,0,117,0,0,64,0],[0,305,0,318,0,0,1,0],[0,6,250,49,0,0,6,0],[0,0,0,579,0,0,0,0],[0,0,8,149,41,28,17,0],[0,0,0,154,0,129,1,0],[0,70,0,580,0,0,16,0],[0,0,295,8,0,3,1,163]]",2026-07-03T15:34:06
OK,,20.21,small,bloodmnist_224,resnet,,3,0.01,42,test,bn_recalibration,public_labeled_val_512,0.2578193510669395,0.21542026238982778,0.15208972858360964,0.27436505542653944,1.811233694460684,3421,0.7795966091786027,1.9889222807788076,0.6875929245879475,0.000000 0.000000 0.022508 1.000000 0.000000 0.179577 0.000000 0.521277,0.000000 0.000000 0.875000 0.217098 0.000000 0.102823 0.000000 1.000000,0.000000 0.000000 0.043887 0.356747 0.000000 0.130769 0.000000 0.685315,244 624 311 579 243 284 666 470,0 2 8 2667 0 496 3 245,"[[0,0,0,244,0,0,0,0],[0,0,0,624,0,0,0,0],[0,1,7,206,0,96,1,0],[0,0,0,579,0,0,0,0],[0,0,0,81,0,160,2,0],[0,0,0,233,0,51,0,0],[0,0,0,666,0,0,0,0],[0,1,1,34,0,189,0,245]]",2026-07-03T15:34:26
OK,,20.32,small,bloodmnist_224,resnet,,3,0.01,42,test,bn_recalibration,public_labeled_reweighted_512,0.26571178018123354,0.22511610419856487,0.1580558918504047,0.2720501742253838,1.8051969053730634,3421,0.7567962584039755,2.0687469615478307,0.7269430914039486,0.000000 0.000000 0.016077 1.000000 0.000000 0.235915 0.000000 0.548936,0.000000 0.000000 0.833333 0.223638 0.000000 0.119430 0.000000 1.000000,0.000000 0.000000 0.031546 0.365530 0.000000 0.158580 0.000000 0.708791,244 624 311 579 243 284 666 470,0 0 6 2589 1 561 6 258,"[[0,0,0,243,0,1,0,0],[0,0,0,623,0,1,0,0],[0,0,5,192,1,108,5,0],[0,0,0,579,0,0,0,0],[0,0,0,55,0,187,1,0],[0,0,0,217,0,67,0,0],[0,0,0,666,0,0,0,0],[0,0,1,14,0,197,0,258]]",2026-07-03T15:34:46
OK,,18.99,small,bloodmnist_224,resnet,,3,0.1,42,test,avg,no_image_stats,0.3949137679041216,0.3845483177687388,0.3022087820860714,0.30496628298772943,1.9049024807713388,3421,0.419760304004677,4.068268124888586,1.40321738675387,0.000000 0.000000 0.000000 0.269430 0.436214 0.996479 0.816817 0.557447,0.000000 0.000000 0.000000 0.398977 0.736111 0.197075 0.742156 0.365411,0.000000 0.000000 0.000000 0.321649 0.547804 0.329070 0.777698 0.441449,244 624 311 579 243 284 666 470,0 0 0 391 144 1436 733 717,"[[0,0,0,44,0,200,0,0],[0,0,0,168,0,244,159,53],[0,0,0,15,2,18,5,271],[0,0,0,156,0,390,21,12],[0,0,0,1,106,110,0,26],[0,0,0,0,1,283,0,0],[0,0,0,7,0,22,544,93],[0,0,0,0,35,169,4,262]]",2026-07-03T15:35:05
OK,,18.99,small,bloodmnist_224,resnet,,3,0.1,42,test,bn_recalibration,no_recalibration,0.3949137679041216,0.3845483177687388,0.3022087820860714,0.30496628298772943,1.9049024807713388,3421,0.419760304004677,4.068268124888586,1.40321738675387,0.000000 0.000000 0.000000 0.269430 0.436214 0.996479 0.816817 0.557447,0.000000 0.000000 0.000000 0.398977 0.736111 0.197075 0.742156 0.365411,0.000000 0.000000 0.000000 0.321649 0.547804 0.329070 0.777698 0.441449,244 624 311 579 243 284 666 470,0 0 0 391 144 1436 733 717,"[[0,0,0,44,0,200,0,0],[0,0,0,168,0,244,159,53],[0,0,0,15,2,18,5,271],[0,0,0,156,0,390,21,12],[0,0,0,1,106,110,0,26],[0,0,0,0,1,283,0,0],[0,0,0,7,0,22,544,93],[0,0,0,0,35,169,4,262]]",2026-07-03T15:35:05
OK,,24.90,small,bloodmnist_224,resnet,,3,0.1,42,test,fisher,source_val_512,0.2844197603040047,0.2611383453668066,0.1316293386088944,0.36256825918450697,3.525573266594426,3421,0.6021631102016954,2.3597126284505423,0.8585398440175396,0.012295 0.000000 0.000000 0.008636 0.074074 0.996479 0.995495 0.002128,1.000000 0.000000 0.000000 0.333333 1.000000 0.238015 0.321845 0.007353,0.024291 0.000000 0.000000 0.016835 0.137931 0.384250 0.486427 0.003300,244 624 311 579 243 284 666 470,3 0 0 15 18 1189 2060 136,"[[3,0,0,1,0,240,0,0],[0,0,0,6,0,48,563,7],[0,0,0,3,0,21,270,17],[0,0,0,5,0,458,105,11],[0,0,0,0,18,105,21,99],[0,0,0,0,0,283,0,1],[0,0,0,0,0,3,663,0],[0,0,0,0,0,31,438,1]]",2026-07-03T15:35:30
OK,,25.10,small,bloodmnist_224,resnet,,3,0.1,42,test,fisher,public_labeled_val_512,0.4182987430575855,0.4263427994292388,0.3392902696550563,0.4617807451857773,2.2331985701109645,3421,0.5530546623794212,3.4886454768462447,1.2495135453611799,0.049180 0.000000 0.000000 0.195164 0.855967 0.982394 0.993994 0.334043,1.000000 0.000000 0.000000 0.576531 0.920354 0.361399 0.349894 0.486068,0.093750 0.000000 0.000000 0.291613 0.886994 0.528409 0.517592 0.395965,244 624 311 579 243 284 666 470,12 0 0 196 226 772 1892 323,"[[12,0,0,62,3,138,2,27],[0,0,0,15,0,27,556,26],[0,0,0,4,11,8,260,28],[0,0,0,113,1,312,98,55],[0,0,0,0,208,6,1,28],[0,0,0,1,1,279,2,1],[0,0,0,1,0,2,662,1],[0,0,0,0,2,0,311,157]]",2026-07-03T15:35:55
OK,,25.07,small,bloodmnist_224,resnet,,3,0.1,42,test,fisher,public_labeled_reweighted_512,0.410990938322128,0.4289571198044956,0.28910347509122,0.28744933674209405,2.6252891185931104,3421,0.4662379421221865,3.4559459751982886,1.2400962186432043,0.000000 0.000000 0.000000 0.008636 0.958848 0.992958 0.992492 0.478723,0.000000 0.000000 0.000000 0.454545 0.681287 0.285425 0.414420 0.463918,0.000000 0.000000 0.000000 0.016949 0.796581 0.443396 0.584697 0.471204,244 624 311 579 243 284 666 470,0 0 0 11 342 988 1595 485,"[[0,0,0,4,11,200,0,29],[0,0,0,1,0,67,455,101],[0,0,0,1,31,10,225,44],[0,0,0,5,5,417,73,79],[0,0,0,0,233,5,1,4],[0,0,0,0,2,282,0,0],[0,0,0,0,0,2,661,3],[0,0,0,0,60,5,180,225]]",2026-07-03T15:36:20
OK,,23.21,small,bloodmnist_224,resnet,,3,0.1,42,test,regmean,source_val_512,0.3244665302543116,0.3317666635781379,0.22874411874067607,0.22934688261955555,1.9378346318008257,3421,0.5434083601286174,3.575348536481551,1.2740626641159767,0.000000 0.000000 0.000000 0.115717 0.592593 0.996479 0.866366 0.082979,0.000000 0.000000 0.000000 0.331683 0.319290 0.152232 0.875569 0.156000,0.000000 0.000000 0.000000 0.171575 0.414986 0.264116 0.870943 0.108333,244 624 311 579 243 284 666 470,0 0 0 202 451 1859 659 250,"[[0,0,0,25,0,219,0,0],[0,0,0,97,0,463,52,12],[0,0,0,9,56,41,15,190],[0,0,0,67,0,495,14,3],[0,0,0,0,144,99,0,0],[0,0,0,0,1,283,0,0],[0,0,0,4,0,79,577,6],[0,0,0,0,250,180,1,39]]",2026-07-03T15:36:44
OK,,23.30,small,bloodmnist_224,resnet,,3,0.1,42,test,regmean,public_labeled_val_512,0.3460976322712657,0.3591820997519494,0.26947278180065254,0.2584303618560398,1.96255206810874,3421,0.4440222157263958,4.266680398699946,1.4508361006975825,0.000000 0.000000 0.000000 0.276339 0.670782 0.996479 0.719219 0.210638,0.000000 0.000000 0.000000 0.283186 0.445355 0.186307 0.937378 0.215217,0.000000 0.000000 0.000000 0.279720 0.535304 0.313921 0.813934 0.212903,244 624 311 579 243 284 666 470,0 0 0 565 366 1519 511 460,"[[0,0,0,49,1,194,0,0],[0,0,0,325,0,256,23,20],[0,0,0,14,23,23,1,250],[0,0,0,160,1,402,6,10],[0,0,0,0,163,80,0,0],[0,0,0,0,1,283,0,0],[0,0,0,17,0,89,479,81],[0,0,0,0,177,192,2,99]]",2026-07-03T15:37:07
OK,,23.34,small,bloodmnist_224,resnet,,3,0.1,42,test,regmean,public_labeled_reweighted_512,0.3478515054077755,0.3559294948154066,0.26849010427205244,0.2592302689359958,1.9610051542860274,3421,0.49400760011692485,3.9718763706519726,1.3792386204850253,0.000000 0.000000 0.000000 0.188256 0.633745 0.996479 0.818318 0.210638,0.000000 0.000000 0.000000 0.257075 0.496774 0.167456 0.899340 0.253197,0.000000 0.000000 0.000000 0.217348 0.556962 0.286727 0.856918 0.229965,244 624 311 579 243 284 666 470,0 0 0 424 310 1690 606 391,"[[0,0,0,39,0,205,0,0],[0,0,0,249,0,316,44,15],[0,0,0,15,19,29,3,245],[0,0,0,109,0,453,13,4],[0,0,0,0,154,89,0,0],[0,0,0,0,1,283,0,0],[0,0,0,12,0,81,545,28],[0,0,0,0,136,234,1,99]]",2026-07-03T15:37:30
OK,,60.15,small,bloodmnist_224,resnet,,3,0.1,42,test,adamerging,source_val_512,0.31715872551885416,0.3384140271603846,0.2270821642361637,0.3691179926438805,2.0886062581927343,3421,0.6676410406313943,2.3642039614587604,0.8604413739349522,0.565574 0.000000 0.000000 0.003454 0.995885 0.151408 0.990991 0.000000,0.958333 0.000000 0.000000 1.000000 0.271300 0.434343 0.288967 0.000000,0.711340 0.000000 0.000000 0.006885 0.426432 0.224543 0.447458 0.000000,244 624 311 579 243 284 666 470,144 0 0 2 892 99 2284 0,"[[138,0,0,0,13,0,93,0],[4,0,0,0,6,3,611,0],[0,0,0,0,175,0,136,0],[1,0,0,2,32,52,492,0],[0,0,0,0,242,0,1,0],[1,0,0,0,51,43,189,0],[0,0,0,0,6,0,660,0],[0,0,0,0,367,1,102,0]]",2026-07-03T15:38:31
OK,,60.83,small,bloodmnist_224,resnet,,3,0.1,42,test,adamerging,public_labeled_val_512,0.16895644548377667,0.2059985025746638,0.10742906326526239,0.27227857499898206,4.345604462499543,3421,0.535223618824905,2.1670585181631035,0.7733707264180885,0.995902 0.001603 0.000000 0.000000 0.234568 0.000000 0.415916 0.000000,0.132714 1.000000 0.000000 0.000000 0.863636 0.000000 0.181878 0.000000,0.234217 0.003200 0.000000 0.000000 0.368932 0.000000 0.253084 0.000000,244 624 311 579 243 284 666 470,1831 1 0 0 66 0 1523 0,"[[243,0,0,0,0,0,1,0],[574,1,0,0,0,0,49,0],[31,0,0,0,9,0,271,0],[213,0,0,0,0,0,366,0],[138,0,0,0,57,0,48,0],[109,0,0,0,0,0,175,0],[389,0,0,0,0,0,277,0],[134,0,0,0,0,0,336,0]]",2026-07-03T15:39:31
OK,,60.94,small,bloodmnist_224,resnet,,3,0.1,42,test,adamerging,public_labeled_reweighted_512,0.31920491084478225,0.34565757193546354,0.2138683542832468,0.2877234118892595,3.000071293915339,3421,0.7451037708272436,2.0955811656355494,0.7398309209354508,0.877049 0.001603 0.000000 0.000000 0.897119 0.000000 0.989489 0.000000,0.635015 1.000000 0.000000 0.000000 0.408240 0.000000 0.258533 0.000000,0.736661 0.003200 0.000000 0.000000 0.561133 0.000000 0.409953 0.000000,244 624 311 579 243 284 666 470,337 1 0 0 534 0 2549 0,"[[214,0,0,0,0,0,30,0],[90,1,0,0,0,0,533,0],[1,0,0,0,104,0,206,0],[7,0,0,0,2,0,570,0],[4,0,0,0,218,0,21,0],[15,0,0,0,4,0,265,0],[6,0,0,0,1,0,659,0],[0,0,0,0,205,0,265,0]]",2026-07-03T15:40:32
OK,,20.30,small,bloodmnist_224,resnet,,3,0.1,42,test,bn_recalibration,source_val_512,0.8529669687225957,0.8200299688753699,0.784405210764796,0.7597683809920768,0.7653270053501123,3421,0.228003507746273,6.386511065024467,1.8541881200638952,0.991803 0.987179 0.000000 0.815199 0.975309 0.816901 0.975976 0.997872,0.834483 0.996764 0.000000 0.832451 0.922179 0.954733 0.833333 0.704204,0.906367 0.991948 0.000000 0.823735 0.948000 0.880455 0.899032 0.825704,244 624 311 579 243 284 666 470,290 618 0 567 257 243 780 666,"[[242,0,0,2,0,0,0,0],[0,616,0,7,0,0,0,1],[4,1,0,23,19,0,75,189],[39,0,0,472,0,11,53,4],[1,0,0,2,237,0,0,3],[1,0,0,48,1,232,2,0],[2,1,0,13,0,0,650,0],[1,0,0,0,0,0,0,469]]",2026-07-03T15:40:53
OK,,20.32,small,bloodmnist_224,resnet,,3,0.1,42,test,bn_recalibration,public_labeled_val_512,0.45308389359836304,0.4954106893494478,0.4193645004345884,0.5984723671116258,1.4964598895722194,3421,0.5992399883075125,3.5408810541465203,1.2643755815309863,0.942623 0.004808 0.000000 0.982729 0.617284 0.440141 0.073574 0.902128,0.699088 1.000000 0.000000 0.277561 0.632911 0.498008 0.816667 0.863544,0.802792 0.009569 0.000000 0.432864 0.625000 0.467290 0.134986 0.882414,244 624 311 579 243 284 666 470,329 3 0 2050 237 251 60 491,"[[230,0,0,14,0,0,0,0],[0,3,0,621,0,0,0,0],[6,0,0,95,86,46,11,67],[5,0,0,569,0,5,0,0],[10,0,0,45,150,38,0,0],[1,0,0,158,0,125,0,0],[77,0,0,540,0,0,49,0],[0,0,0,8,1,37,0,424]]",2026-07-03T15:41:13
OK,,20.38,small,bloodmnist_224,resnet,,3,0.1,42,test,bn_recalibration,public_labeled_reweighted_512,0.4653610055539316,0.5188293289683699,0.4251061406738493,0.589400993931583,1.5043813465144056,3421,0.556854720841859,3.842699367499615,1.3461750799251404,0.975410 0.004808 0.000000 0.967185 0.674897 0.566901 0.072072 0.889362,0.631300 1.000000 0.000000 0.293963 0.579505 0.504702 0.827586 0.878151,0.766506 0.009569 0.000000 0.450886 0.623574 0.533997 0.132597 0.883721,244 624 311 579 243 284 666 470,377 3 0 1905 283 319 58 476,"[[238,0,0,6,0,0,0,0],[1,3,0,620,0,0,0,0],[6,0,0,66,117,54,10,58],[11,0,0,560,0,8,0,0],[9,0,0,24,164,46,0,0],[0,0,0,122,1,161,0,0],[112,0,0,505,0,1,48,0],[0,0,0,2,1,49,0,418]]",2026-07-03T15:41:33
OK,,14.29,small,dermamnist_224,resnet,,3,0,42,test,avg,no_image_stats,0.6688279301745635,0.14285714285714285,0.1145077277773034,0.0955468471677948,1.38328884819202,2005,1.0,1.0,-0.0,0.000000 0.000000 0.000000 0.000000 0.000000 1.000000 0.000000,0.000000 0.000000 0.000000 0.000000 0.000000 0.668828 0.000000,0.000000 0.000000 0.000000 0.000000 0.000000 0.801554 0.000000,66 103 220 23 223 1341 29,0 0 0 0 0 2005 0,"[[0,0,0,0,0,66,0],[0,0,0,0,0,103,0],[0,0,0,0,0,220,0],[0,0,0,0,0,23,0],[0,0,0,0,0,223,0],[0,0,0,0,0,1341,0],[0,0,0,0,0,29,0]]",2026-07-03T15:41:48
OK,,14.30,small,dermamnist_224,resnet,,3,0,42,test,bn_recalibration,no_recalibration,0.6688279301745635,0.14285714285714285,0.1145077277773034,0.0955468471677948,1.38328884819202,2005,1.0,1.0,-0.0,0.000000 0.000000 0.000000 0.000000 0.000000 1.000000 0.000000,0.000000 0.000000 0.000000 0.000000 0.000000 0.668828 0.000000,0.000000 0.000000 0.000000 0.000000 0.000000 0.801554 0.000000,66 103 220 23 223 1341 29,0 0 0 0 0 2005 0,"[[0,0,0,0,0,66,0],[0,0,0,0,0,103,0],[0,0,0,0,0,220,0],[0,0,0,0,0,23,0],[0,0,0,0,0,223,0],[0,0,0,0,0,1341,0],[0,0,0,0,0,29,0]]",2026-07-03T15:41:48
OK,,20.67,small,dermamnist_224,resnet,,3,0,42,test,fisher,source_val_512,0.6688279301745635,0.14285714285714285,0.1145077277773034,0.0955468471677948,1.2586082705833073,2005,1.0,1.0,-0.0,0.000000 0.000000 0.000000 0.000000 0.000000 1.000000 0.000000,0.000000 0.000000 0.000000 0.000000 0.000000 0.668828 0.000000,0.000000 0.000000 0.000000 0.000000 0.000000 0.801554 0.000000,66 103 220 23 223 1341 29,0 0 0 0 0 2005 0,"[[0,0,0,0,0,66,0],[0,0,0,0,0,103,0],[0,0,0,0,0,220,0],[0,0,0,0,0,23,0],[0,0,0,0,0,223,0],[0,0,0,0,0,1341,0],[0,0,0,0,0,29,0]]",2026-07-03T15:42:08
OK,,20.47,small,dermamnist_224,resnet,,3,0,42,test,fisher,public_labeled_val_512,0.6513715710723192,0.16245709093393204,0.15339137786736748,0.1987468671679198,1.2413921251558604,2005,0.9576059850374065,1.2360042177274915,0.2118837714305598,0.136364 0.000000 0.000000 0.000000 0.040359 0.960477 0.000000,0.562500 0.000000 0.000000 0.000000 0.157895 0.670833 0.000000,0.219512 0.000000 0.000000 0.000000 0.064286 0.789942 0.000000,66 103 220 23 223 1341 29,16 0 12 0 57 1920 0,"[[9,0,1,0,0,56,0],[1,0,0,0,0,102,0],[3,0,0,0,3,214,0],[0,0,0,0,0,23,0],[2,0,1,0,9,211,0],[1,0,10,0,42,1288,0],[0,0,0,0,3,26,0]]",2026-07-03T15:42:29
OK,,20.36,small,dermamnist_224,resnet,,3,0,42,test,fisher,public_labeled_reweighted_512,0.485785536159601,0.17041608401797406,0.15927424059168466,0.28859136864512724,1.4027292608322943,2005,0.6438902743142144,2.259882794929529,0.8153129512887336,0.060606 0.000000 0.386364 0.000000 0.103139 0.642804 0.000000,1.000000 0.000000 0.141431 0.000000 0.211009 0.667699 0.000000,0.114286 0.000000 0.207065 0.000000 0.138554 0.655015 0.000000,66 103 220 23 223 1341 29,4 0 601 0 109 1291 0,"[[4,0,22,0,0,40,0],[0,0,32,0,0,71,0],[0,0,85,0,2,133,0],[0,0,11,0,0,12,0],[0,0,45,0,23,155,0],[0,0,398,0,81,862,0],[0,0,8,0,3,18,0]]",2026-07-03T15:42:49
OK,,18.87,small,dermamnist_224,resnet,,3,0,42,test,regmean,source_val_512,0.5840399002493766,0.15680316415593734,0.14851240772773772,0.19028595733995465,1.3524463073273847,2005,0.8413965087281795,1.8279841517073359,0.60321380325003,0.030303 0.029126 0.072727 0.086957 0.026906 0.851603 0.000000,0.153846 0.214286 0.074766 0.050000 0.162162 0.676941 0.000000,0.050633 0.051282 0.073733 0.063492 0.046154 0.754293 0.000000,66 103 220 23 223 1341 29,13 14 214 40 37 1687 0,"[[2,0,1,1,1,61,0],[1,3,3,2,3,91,0],[3,1,16,20,7,173,0],[0,0,0,2,0,21,0],[4,1,25,3,6,184,0],[3,8,162,9,17,1142,0],[0,1,7,3,3,15,0]]",2026-07-03T15:43:08
OK,,18.73,small,dermamnist_224,resnet,,3,0,42,test,regmean,public_labeled_val_512,0.5840399002493766,0.1924026077263152,0.16792945253377325,0.2842906220676196,1.4049901034766599,2005,0.8354114713216958,1.9035385489545973,0.6437145482532142,0.060606 0.009709 0.059091 0.260870 0.000000 0.853095 0.103448,0.075472 0.333333 0.105691 0.042553 0.000000 0.682985 0.750000,0.067227 0.018868 0.075802 0.073171 0.000000 0.758621 0.181818,66 103 220 23 223 1341 29,53 3 123 141 6 1675 4,"[[4,0,4,5,0,53,0],[1,1,2,1,0,98,0],[6,0,13,36,2,163,0],[0,0,0,6,0,17,0],[11,1,21,6,0,183,1],[31,1,80,82,3,1144,0],[0,0,3,5,1,17,3]]",2026-07-03T15:43:27
OK,,18.46,small,dermamnist_224,resnet,,3,0,42,test,regmean,public_labeled_reweighted_512,0.629925187032419,0.1720790091026049,0.15501835630390404,0.264532021799004,1.3608605591733556,2005,0.8972568578553616,1.5547906842111487,0.4413409283463557,0.060606 0.009709 0.040909 0.130435 0.000000 0.928412 0.034483,0.200000 0.333333 0.087379 0.038961 0.000000 0.692051 0.500000,0.093023 0.018868 0.055728 0.060000 0.000000 0.792994 0.064516,66 103 220 23 223 1341 29,20 3 103 77 1 1799 2,"[[4,0,3,5,0,54,0],[2,1,2,2,0,96,0],[3,0,9,31,0,176,1],[0,0,0,3,0,20,0],[7,1,23,5,0,187,0],[4,1,64,26,1,1245,0],[0,0,2,5,0,21,1]]",2026-07-03T15:43:45
OK,,55.11,small,dermamnist_224,resnet,,3,0,42,test,adamerging,source_val_512,0.6688279301745635,0.14285714285714285,0.1145077277773034,0.0955468471677948,1.4731461446481453,2005,1.0,1.0,-0.0,0.000000 0.000000 0.000000 0.000000 0.000000 1.000000 0.000000,0.000000 0.000000 0.000000 0.000000 0.000000 0.668828 0.000000,0.000000 0.000000 0.000000 0.000000 0.000000 0.801554 0.000000,66 103 220 23 223 1341 29,0 0 0 0 0 2005 0,"[[0,0,0,0,0,66,0],[0,0,0,0,0,103,0],[0,0,0,0,0,220,0],[0,0,0,0,0,23,0],[0,0,0,0,0,223,0],[0,0,0,0,0,1341,0],[0,0,0,0,0,29,0]]",2026-07-03T15:44:40
OK,,56.80,small,dermamnist_224,resnet,,3,0,42,test,adamerging,public_labeled_val_512,0.6688279301745635,0.14285714285714285,0.1145077277773034,0.0955468471677948,1.4813480367684304,2005,1.0,1.0,-0.0,0.000000 0.000000 0.000000 0.000000 0.000000 1.000000 0.000000,0.000000 0.000000 0.000000 0.000000 0.000000 0.668828 0.000000,0.000000 0.000000 0.000000 0.000000 0.000000 0.801554 0.000000,66 103 220 23 223 1341 29,0 0 0 0 0 2005 0,"[[0,0,0,0,0,66,0],[0,0,0,0,0,103,0],[0,0,0,0,0,220,0],[0,0,0,0,0,23,0],[0,0,0,0,0,223,0],[0,0,0,0,0,1341,0],[0,0,0,0,0,29,0]]",2026-07-03T15:45:37
OK,,55.58,small,dermamnist_224,resnet,,3,0,42,test,adamerging,public_labeled_reweighted_512,0.6688279301745635,0.14285714285714285,0.1145077277773034,0.0955468471677948,1.47919609849887,2005,1.0,1.0,-0.0,0.000000 0.000000 0.000000 0.000000 0.000000 1.000000 0.000000,0.000000 0.000000 0.000000 0.000000 0.000000 0.668828 0.000000,0.000000 0.000000 0.000000 0.000000 0.000000 0.801554 0.000000,66 103 220 23 223 1341 29,0 0 0 0 0 2005 0,"[[0,0,0,0,0,66,0],[0,0,0,0,0,103,0],[0,0,0,0,0,220,0],[0,0,0,0,0,23,0],[0,0,0,0,0,223,0],[0,0,0,0,0,1341,0],[0,0,0,0,0,29,0]]",2026-07-03T15:46:33
OK,,15.65,small,dermamnist_224,resnet,,3,0,42,test,bn_recalibration,source_val_512,0.6598503740648379,0.1436274920459469,0.11969983069453972,0.2035167725626836,1.2103462048004987,2005,0.9815461346633416,1.1020280915863425,0.0971522018634821,0.000000 0.000000 0.009091 0.000000 0.013453 0.982849 0.000000,0.000000 0.000000 0.666667 0.000000 0.088235 0.669715 0.000000,0.000000 0.000000 0.017937 0.000000 0.023346 0.796615 0.000000,66 103 220 23 223 1341 29,0 0 3 0 34 1968 0,"[[0,0,0,0,0,66,0],[0,0,0,0,0,103,0],[0,0,2,0,1,217,0],[0,0,0,0,0,23,0],[0,0,0,0,3,220,0],[0,0,1,0,22,1318,0],[0,0,0,0,8,21,0]]",2026-07-03T15:46:48
OK,,15.55,small,dermamnist_224,resnet,,3,0,42,test,bn_recalibration,public_labeled_val_512,0.6673316708229426,0.14360572129856147,0.11688377968264853,0.1432388586697204,1.2611371960723192,2005,0.9955112219451372,1.032107654347543,0.03160297784705078,0.000000 0.000000 0.000000 0.000000 0.008969 0.996271 0.000000,0.000000 0.000000 0.000000 0.000000 0.333333 0.669339 0.000000,0.000000 0.000000 0.000000 0.000000 0.017467 0.800719 0.000000,66 103 220 23 223 1341 29,0 0 3 0 6 1996 0,"[[0,0,1,0,0,65,0],[0,0,0,0,0,103,0],[0,0,0,0,0,220,0],[0,0,0,0,0,23,0],[0,0,0,0,2,221,0],[0,0,2,0,3,1336,0],[0,0,0,0,1,28,0]]",2026-07-03T15:47:04
OK,,15.50,small,dermamnist_224,resnet,,3,0,42,test,bn_recalibration,public_labeled_reweighted_512,0.6688279301745635,0.14339122753966102,0.11582912997634721,0.16709502391661313,1.2941985855673317,2005,0.9980049875311721,1.0159042070656734,0.01577906032705843,0.000000 0.000000 0.000000 0.000000 0.004484 0.999254 0.000000,0.000000 0.000000 0.000000 0.000000 0.500000 0.669665 0.000000,0.000000 0.000000 0.000000 0.000000 0.008889 0.801915 0.000000,66 103 220 23 223 1341 29,0 0 2 0 2 2001 0,"[[0,0,1,0,0,65,0],[0,0,0,0,0,103,0],[0,0,0,0,0,220,0],[0,0,0,0,0,23,0],[0,0,0,0,1,222,0],[0,0,1,0,0,1340,0],[0,0,0,0,1,28,0]]",2026-07-03T15:47:19
OK,,14.19,small,dermamnist_224,resnet,,3,0.01,42,test,avg,no_image_stats,0.5461346633416458,0.21691387593050854,0.14864873612276988,0.1352901549543935,1.449836590165212,2005,0.7037406483790524,2.247006927735855,0.8095990763029588,0.000000 0.000000 0.277273 0.478261 0.000000 0.762864 0.000000,0.000000 0.000000 0.178363 0.043651 0.000000 0.725018 0.000000,0.000000 0.000000 0.217082 0.080000 0.000000 0.743459 0.000000,66 103 220 23 223 1341 29,0 0 342 252 0 1411 0,"[[0,0,37,17,0,12,0],[0,0,34,19,0,50,0],[0,0,61,48,0,111,0],[0,0,5,11,0,7,0],[0,0,32,4,0,187,0],[0,0,168,150,0,1023,0],[0,0,5,3,0,21,0]]",2026-07-03T15:47:34
OK,,14.19,small,dermamnist_224,resnet,,3,0.01,42,test,bn_recalibration,no_recalibration,0.5461346633416458,0.21691387593050854,0.14864873612276988,0.1352901549543935,1.449836590165212,2005,0.7037406483790524,2.247006927735855,0.8095990763029588,0.000000 0.000000 0.277273 0.478261 0.000000 0.762864 0.000000,0.000000 0.000000 0.178363 0.043651 0.000000 0.725018 0.000000,0.000000 0.000000 0.217082 0.080000 0.000000 0.743459 0.000000,66 103 220 23 223 1341 29,0 0 342 252 0 1411 0,"[[0,0,37,17,0,12,0],[0,0,34,19,0,50,0],[0,0,61,48,0,111,0],[0,0,5,11,0,7,0],[0,0,32,4,0,187,0],[0,0,168,150,0,1023,0],[0,0,5,3,0,21,0]]",2026-07-03T15:47:34
OK,,20.58,small,dermamnist_224,resnet,,3,0.01,42,test,fisher,source_val_512,0.654364089775561,0.15332953680682934,0.13653455565622988,0.18303686649774703,1.2730416238456592,2005,0.9551122194513716,1.2089331391894684,0.1897382675305985,0.000000 0.000000 0.109091 0.000000 0.004484 0.959732 0.000000,0.000000 0.000000 0.275862 0.000000 0.333333 0.672063 0.000000,0.000000 0.000000 0.156352 0.000000 0.008850 0.790541 0.000000,66 103 220 23 223 1341 29,0 0 87 0 3 1915 0,"[[0,0,1,0,0,65,0],[0,0,5,0,2,96,0],[0,0,24,0,0,196,0],[0,0,2,0,0,21,0],[0,0,0,0,1,222,0],[0,0,54,0,0,1287,0],[0,0,1,0,0,28,0]]",2026-07-03T15:47:54
OK,,20.34,small,dermamnist_224,resnet,,3,0.01,42,test,fisher,public_labeled_val_512,0.5002493765586035,0.18880703470043464,0.1389215715764581,0.200557753587167,1.5047810162094764,2005,0.5890274314214464,1.9822109762555382,0.6842128763858641,0.000000 0.000000 0.681818 0.000000 0.004484 0.635347 0.000000,0.000000 0.000000 0.182482 0.000000 0.500000 0.721423 0.000000,0.000000 0.000000 0.287908 0.000000 0.008889 0.675654 0.000000,66 103 220 23 223 1341 29,0 0 822 0 2 1181 0,"[[0,0,53,0,0,13,0],[0,0,57,0,1,45,0],[0,0,150,0,0,70,0],[0,0,16,0,0,7,0],[0,0,42,0,1,180,0],[0,0,489,0,0,852,0],[0,0,15,0,0,14,0]]",2026-07-03T15:48:15
OK,,20.27,small,dermamnist_224,resnet,,3,0.01,42,test,fisher,public_labeled_reweighted_512,0.6508728179551122,0.19160981989031053,0.17365558469202255,0.28931921367924673,1.2700478722627027,2005,0.8628428927680798,1.5013514800210281,0.40636568914398596,0.000000 0.000000 0.400000 0.000000 0.000000 0.906786 0.034483,0.000000 0.000000 0.322344 0.000000 0.000000 0.702890 1.000000,0.000000 0.000000 0.356998 0.000000 0.000000 0.791924 0.066667,66 103 220 23 223 1341 29,0 0 273 0 1 1730 1,"[[0,0,19,0,0,47,0],[0,0,17,0,1,85,0],[0,0,88,0,0,132,0],[0,0,8,0,0,15,0],[0,0,12,0,0,211,0],[0,0,125,0,0,1216,0],[0,0,4,0,0,24,1]]",2026-07-03T15:48:35
OK,,18.90,small,dermamnist_224,resnet,,3,0.01,42,test,regmean,source_val_512,0.4917705735660848,0.18763715777138598,0.15290022796268435,0.19553524585036564,1.4233527661558993,2005,0.5680798004987531,2.4358963216587957,0.8903147880465059,0.060606 0.000000 0.622727 0.000000 0.000000 0.630127 0.000000,0.444444 0.000000 0.182423 0.000000 0.000000 0.741879 0.000000,0.106667 0.000000 0.282183 0.000000 0.000000 0.681452 0.000000,66 103 220 23 223 1341 29,9 15 751 91 0 1139 0,"[[4,1,44,1,0,16,0],[3,0,61,1,0,38,0],[0,0,137,15,0,68,0],[0,0,18,0,0,5,0],[2,4,62,5,0,150,0],[0,10,419,67,0,845,0],[0,0,10,2,0,17,0]]",2026-07-03T15:48:54
OK,,18.52,small,dermamnist_224,resnet,,3,0.01,42,test,regmean,public_labeled_val_512,0.3755610972568579,0.1963096092802791,0.14359848793728003,0.17936366054944491,1.6167817912494156,2005,0.45236907730673315,2.890065966641162,1.0612793276912273,0.075758 0.038835 0.536364 0.260870 0.000000 0.462342 0.000000,0.294118 0.108108 0.138498 0.031250 0.000000 0.683572 0.000000,0.120482 0.057143 0.220149 0.055814 0.000000 0.551601 0.000000,66 103 220 23 223 1341 29,17 37 852 192 0 907 0,"[[5,1,33,12,0,15,0],[3,4,47,5,0,44,0],[2,3,118,25,0,72,0],[0,0,11,6,0,6,0],[6,10,53,13,0,141,0],[1,19,571,130,0,620,0],[0,0,19,1,0,9,0]]",2026-07-03T15:49:12
OK,,18.43,small,dermamnist_224,resnet,,3,0.01,42,test,regmean,public_labeled_reweighted_512,0.4029925187032419,0.20413624452510398,0.14375456872514997,0.18128415612356472,1.5877182501509897,2005,0.5241895261845386,2.891454926653375,1.0617598102717003,0.060606 0.009709 0.500000 0.347826 0.000000 0.510813 0.000000,0.400000 0.016393 0.158730 0.042105 0.000000 0.651760 0.000000,0.105263 0.012195 0.240964 0.075117 0.000000 0.572742 0.000000,66 103 220 23 223 1341 29,10 61 693 190 0 1051 0,"[[4,1,24,8,0,29,0],[2,1,39,2,0,59,0],[1,2,110,19,0,88,0],[0,0,8,8,0,7,0],[3,6,34,10,0,170,0],[0,50,464,142,0,685,0],[0,1,14,1,0,13,0]]",2026-07-03T15:49:31
OK,,55.33,small,dermamnist_224,resnet,,3,0.01,42,test,adamerging,source_val_512,0.6688279301745635,0.14285714285714285,0.1145077277773034,0.0955468471677948,1.4868907443305799,2005,1.0,1.0,-0.0,0.000000 0.000000 0.000000 0.000000 0.000000 1.000000 0.000000,0.000000 0.000000 0.000000 0.000000 0.000000 0.668828 0.000000,0.000000 0.000000 0.000000 0.000000 0.000000 0.801554 0.000000,66 103 220 23 223 1341 29,0 0 0 0 0 2005 0,"[[0,0,0,0,0,66,0],[0,0,0,0,0,103,0],[0,0,0,0,0,220,0],[0,0,0,0,0,23,0],[0,0,0,0,0,223,0],[0,0,0,0,0,1341,0],[0,0,0,0,0,29,0]]",2026-07-03T15:50:26
OK,,55.19,small,dermamnist_224,resnet,,3,0.01,42,test,adamerging,public_labeled_val_512,0.6688279301745635,0.14285714285714285,0.1145077277773034,0.0955468471677948,1.4995021753477633,2005,1.0,1.0,-0.0,0.000000 0.000000 0.000000 0.000000 0.000000 1.000000 0.000000,0.000000 0.000000 0.000000 0.000000 0.000000 0.668828 0.000000,0.000000 0.000000 0.000000 0.000000 0.000000 0.801554 0.000000,66 103 220 23 223 1341 29,0 0 0 0 0 2005 0,"[[0,0,0,0,0,66,0],[0,0,0,0,0,103,0],[0,0,0,0,0,220,0],[0,0,0,0,0,23,0],[0,0,0,0,0,223,0],[0,0,0,0,0,1341,0],[0,0,0,0,0,29,0]]",2026-07-03T15:51:21
OK,,55.67,small,dermamnist_224,resnet,,3,0.01,42,test,adamerging,public_labeled_reweighted_512,0.6688279301745635,0.14285714285714285,0.1145077277773034,0.0955468471677948,1.4962075250107154,2005,1.0,1.0,-0.0,0.000000 0.000000 0.000000 0.000000 0.000000 1.000000 0.000000,0.000000 0.000000 0.000000 0.000000 0.000000 0.668828 0.000000,0.000000 0.000000 0.000000 0.000000 0.000000 0.801554 0.000000,66 103 220 23 223 1341 29,0 0 0 0 0 2005 0,"[[0,0,0,0,0,66,0],[0,0,0,0,0,103,0],[0,0,0,0,0,220,0],[0,0,0,0,0,23,0],[0,0,0,0,0,223,0],[0,0,0,0,0,1341,0],[0,0,0,0,0,29,0]]",2026-07-03T15:52:17
OK,,15.61,small,dermamnist_224,resnet,,3,0.01,42,test,bn_recalibration,source_val_512,0.6733167082294265,0.17252506551279984,0.16929350176036406,0.3876723103034317,1.041427680798005,2005,0.9835411471321696,1.107829796809171,0.10240296353729575,0.045455 0.000000 0.027273 0.000000 0.000000 0.997017 0.137931,0.750000 0.000000 0.285714 0.000000 0.000000 0.677992 1.000000,0.085714 0.000000 0.049793 0.000000 0.000000 0.807123 0.242424,66 103 220 23 223 1341 29,4 0 21 1 3 1972 4,"[[3,0,6,0,2,55,0],[0,0,3,0,0,100,0],[1,0,6,1,0,212,0],[0,0,1,0,0,22,0],[0,0,0,0,0,223,0],[0,0,3,0,1,1337,0],[0,0,2,0,0,23,4]]",2026-07-03T15:52:33
OK,,15.61,small,dermamnist_224,resnet,,3,0.01,42,test,bn_recalibration,public_labeled_val_512,0.6688279301745635,0.1476767209236545,0.12411738715240662,0.23857142857142857,1.1245316883572318,2005,0.9975062344139651,1.020271646469121,0.02006891190705131,0.000000 0.000000 0.000000 0.000000 0.000000 0.999254 0.034483,0.000000 0.000000 0.000000 0.000000 0.000000 0.670000 1.000000,0.000000 0.000000 0.000000 0.000000 0.000000 0.802155 0.066667,66 103 220 23 223 1341 29,0 0 2 2 0 2000 1,"[[0,0,2,0,0,64,0],[0,0,0,0,0,103,0],[0,0,0,1,0,219,0],[0,0,0,0,0,23,0],[0,0,0,0,0,223,0],[0,0,0,1,0,1340,0],[0,0,0,0,0,28,1]]",2026-07-03T15:52:48
OK,,15.69,small,dermamnist_224,resnet,,3,0.01,42,test,bn_recalibration,public_labeled_reweighted_512,0.6663341645885287,0.1654580188333446,0.14181936510868084,0.2557366645512542,1.105790699033666,2005,0.9845386533665835,1.091862208341659,0.08788468652368066,0.000000 0.000000 0.000000 0.130435 0.000000 0.993289 0.034483,0.000000 0.000000 0.000000 0.115385 0.000000 0.674772 1.000000,0.000000 0.000000 0.000000 0.122449 0.000000 0.803620 0.066667,66 103 220 23 223 1341 29,0 0 4 26 0 1974 1,"[[0,0,3,2,0,61,0],[0,0,0,1,0,102,0],[0,0,0,10,0,210,0],[0,0,0,3,0,20,0],[0,0,1,0,0,222,0],[0,0,0,9,0,1332,0],[0,0,0,1,0,27,1]]",2026-07-03T15:53:04
OK,,14.20,small,dermamnist_224,resnet,,3,0.1,42,test,avg,no_image_stats,0.6723192019950125,0.16130066077938626,0.14561929898162754,0.2340887479136327,1.179080892738856,2005,0.9740648379052369,1.1436391155289676,0.1342153847364219,0.045455 0.087379 0.000000 0.000000 0.000000 0.996271 0.000000,0.750000 0.204545 0.000000 0.000000 0.000000 0.684076 0.000000,0.085714 0.122449 0.000000 0.000000 0.000000 0.811172 0.000000,66 103 220 23 223 1341 29,4 44 4 0 0 1953 0,"[[3,11,1,0,0,51,0],[1,9,0,0,0,93,0],[0,15,0,0,0,205,0],[0,1,0,0,0,22,0],[0,3,3,0,0,217,0],[0,5,0,0,0,1336,0],[0,0,0,0,0,29,0]]",2026-07-03T15:53:18
OK,,14.20,small,dermamnist_224,resnet,,3,0.1,42,test,bn_recalibration,no_recalibration,0.6723192019950125,0.16130066077938626,0.14561929898162754,0.2340887479136327,1.179080892738856,2005,0.9740648379052369,1.1436391155289676,0.1342153847364219,0.045455 0.087379 0.000000 0.000000 0.000000 0.996271 0.000000,0.750000 0.204545 0.000000 0.000000 0.000000 0.684076 0.000000,0.085714 0.122449 0.000000 0.000000 0.000000 0.811172 0.000000,66 103 220 23 223 1341 29,4 44 4 0 0 1953 0,"[[3,11,1,0,0,51,0],[1,9,0,0,0,93,0],[0,15,0,0,0,205,0],[0,1,0,0,0,22,0],[0,3,3,0,0,217,0],[0,5,0,0,0,1336,0],[0,0,0,0,0,29,0]]",2026-07-03T15:53:18
OK,,20.77,small,dermamnist_224,resnet,,3,0.1,42,test,fisher,source_val_512,0.6733167082294265,0.16814412826662778,0.14794427838249397,0.13867530846394915,1.6058138649957139,2005,0.9660847880299251,1.162645996792704,0.15069843923266674,0.000000 0.184466 0.000000 0.000000 0.000000 0.992543 0.000000,0.000000 0.283582 0.000000 0.000000 0.000000 0.687145 0.000000,0.000000 0.223529 0.000000 0.000000 0.000000 0.812081 0.000000,66 103 220 23 223 1341 29,1 67 0 0 0 1937 0,"[[0,16,0,0,0,50,0],[0,19,0,0,0,84,0],[1,12,0,0,0,207,0],[0,3,0,0,0,20,0],[0,6,0,0,0,217,0],[0,10,0,0,0,1331,0],[0,1,0,0,0,28,0]]",2026-07-03T15:53:39
OK,,20.56,small,dermamnist_224,resnet,,3,0.1,42,test,fisher,public_labeled_val_512,0.6907730673316709,0.22657996058660682,0.23806286621003458,0.29590268848175433,1.1819937917657029,2005,0.9017456359102244,1.5032189043858322,0.4076087451329257,0.151515 0.262136 0.200000 0.000000 0.000000 0.972409 0.000000,0.416667 0.586957 0.346457 0.000000 0.000000 0.721239 0.000000,0.222222 0.362416 0.253602 0.000000 0.000000 0.828199 0.000000,66 103 220 23 223 1341 29,24 46 127 0 0 1808 0,"[[10,9,12,0,0,35,0],[2,27,4,0,0,70,0],[3,2,44,0,0,171,0],[0,1,0,0,0,22,0],[6,3,36,0,0,178,0],[3,4,30,0,0,1304,0],[0,0,1,0,0,28,0]]",2026-07-03T15:53:59
OK,,20.37,small,dermamnist_224,resnet,,3,0.1,42,test,fisher,public_labeled_reweighted_512,0.686284289276808,0.2319596941216802,0.2305611540179116,0.26045421447347367,1.2343360501334555,2005,0.9052369077306733,1.5147333797779776,0.41523943652858364,0.212121 0.330097 0.109091 0.000000 0.000000 0.972409 0.000000,0.297872 0.419753 0.387097 0.000000 0.000000 0.718457 0.000000,0.247788 0.369565 0.170213 0.000000 0.000000 0.826362 0.000000,66 103 220 23 223 1341 29,47 81 62 0 0 1815 0,"[[14,12,2,0,0,38,0],[2,34,2,0,0,65,0],[13,9,24,0,0,174,0],[0,2,0,0,0,21,0],[11,4,20,0,0,188,0],[7,17,13,0,0,1304,0],[0,3,1,0,0,25,0]]",2026-07-03T15:54:20
OK,,18.97,small,dermamnist_224,resnet,,3,0.1,42,test,regmean,source_val_512,0.6837905236907731,0.2308265003026194,0.19241298440586693,0.20675666438824333,1.1723254424972724,2005,0.8728179551122195,1.5681656982334093,0.44990659123877386,0.000000 0.572816 0.077273 0.000000 0.000000 0.965697 0.000000,0.000000 0.282297 0.425000 0.000000 0.000000 0.740000 0.000000,0.000000 0.378205 0.130769 0.000000 0.000000 0.837917 0.000000,66 103 220 23 223 1341 29,6 209 40 0 0 1750 0,"[[0,40,2,0,0,24,0],[0,59,0,0,0,44,0],[1,52,17,0,0,150,0],[0,6,0,0,0,17,0],[1,17,13,0,0,192,0],[4,35,7,0,0,1295,0],[0,0,1,0,0,28,0]]",2026-07-03T15:54:39
OK,,18.68,small,dermamnist_224,resnet,,3,0.1,42,test,regmean,public_labeled_val_512,0.6812967581047381,0.24305499023033392,0.20656859522231238,0.33411789947481696,1.2476219576790446,2005,0.8369077306733167,1.733819636052919,0.5503268568311815,0.015152 0.592233 0.145455 0.000000 0.000000 0.948546 0.000000,1.000000 0.276018 0.304762 0.000000 0.000000 0.758045 0.000000,0.029851 0.376543 0.196923 0.000000 0.000000 0.842663 0.000000,66 103 220 23 223 1341 29,1 221 105 0 0 1678 0,"[[1,43,3,0,0,19,0],[0,61,2,0,0,40,0],[0,55,32,0,0,133,0],[0,8,1,0,0,14,0],[0,18,34,0,0,171,0],[0,36,33,0,0,1272,0],[0,0,0,0,0,29,0]]",2026-07-03T15:54:57
OK,,18.60,small,dermamnist_224,resnet,,3,0.1,42,test,regmean,public_labeled_reweighted_512,0.6598503740648379,0.2450997139665935,0.2123963017188543,0.23422623227857556,1.2641514347675733,2005,0.7930174563591023,1.936606601454274,0.6609372669751257,0.015152 0.543689 0.254545 0.000000 0.000000 0.902312 0.000000,0.333333 0.287179 0.258065 0.000000 0.000000 0.761006 0.000000,0.028986 0.375839 0.256293 0.000000 0.000000 0.825657 0.000000,66 103 220 23 223 1341 29,3 195 217 0 0 1590 0,"[[1,38,7,0,0,20,0],[0,56,3,0,0,44,0],[0,46,56,0,0,118,0],[0,6,1,0,0,16,0],[0,15,54,0,0,154,0],[2,34,95,0,0,1210,0],[0,0,1,0,0,28,0]]",2026-07-03T15:55:16
OK,,56.49,small,dermamnist_224,resnet,,3,0.1,42,test,adamerging,source_val_512,0.6802992518703241,0.1850007395065061,0.1637263817599591,0.1507799860735331,2.063166683510949,2005,0.9566084788029925,1.1987747187756432,0.18129996746225996,0.000000 0.300971 0.000000 0.000000 0.000000 0.994034 0.000000,0.000000 0.360465 0.000000 0.000000 0.000000 0.694995 0.000000,0.000000 0.328042 0.000000 0.000000 0.000000 0.818042 0.000000,66 103 220 23 223 1341 29,0 86 1 0 0 1918 0,"[[0,16,1,0,0,49,0],[0,31,0,0,0,72,0],[0,15,0,0,0,205,0],[0,0,0,0,0,23,0],[0,15,0,0,0,208,0],[0,8,0,0,0,1333,0],[0,1,0,0,0,28,0]]",2026-07-03T15:56:13
OK,,56.51,small,dermamnist_224,resnet,,3,0.1,42,test,adamerging,public_labeled_val_512,0.6793017456359102,0.18020877025568494,0.161188957277899,0.29307857513145225,2.176836884229855,2005,0.9620947630922694,1.1780778674244377,0.1638841844237744,0.000000 0.262136 0.004545 0.000000 0.000000 0.994780 0.000000,0.000000 0.360000 1.000000 0.000000 0.000000 0.691550 0.000000,0.000000 0.303371 0.009050 0.000000 0.000000 0.815902 0.000000,66 103 220 23 223 1341 29,0 75 1 0 0 1929 0,"[[0,14,0,0,0,52,0],[0,27,0,0,0,76,0],[0,13,1,0,0,206,0],[0,0,0,0,0,23,0],[0,14,0,0,0,209,0],[0,7,0,0,0,1334,0],[0,0,0,0,0,29,0]]",2026-07-03T15:57:09
OK,,56.03,small,dermamnist_224,resnet,,3,0.1,42,test,adamerging,public_labeled_reweighted_512,0.6778054862842893,0.1755050622581736,0.15686400841185083,0.15030508429167533,2.2902827160614088,2005,0.9670822942643391,1.1557419440753005,0.14474251356149456,0.000000 0.233010 0.000000 0.000000 0.000000 0.995526 0.000000,0.000000 0.363636 0.000000 0.000000 0.000000 0.688499 0.000000,0.000000 0.284024 0.000000 0.000000 0.000000 0.814024 0.000000,66 103 220 23 223 1341 29,0 66 0 0 0 1939 0,"[[0,13,0,0,0,53,0],[0,24,0,0,0,79,0],[0,12,0,0,0,208,0],[0,0,0,0,0,23,0],[0,11,0,0,0,212,0],[0,6,0,0,0,1335,0],[0,0,0,0,0,29,0]]",2026-07-03T15:58:05
OK,,15.63,small,dermamnist_224,resnet,,3,0.1,42,test,bn_recalibration,source_val_512,0.7042394014962593,0.2530841276328994,0.2642217472859761,0.3774711820340988,1.013148258808545,2005,0.943142144638404,1.3215057006317765,0.2787717688113412,0.409091 0.291262 0.072727 0.000000 0.000000 0.998509 0.000000,0.562500 0.731707 0.640000 0.000000 0.000000 0.708091 0.000000,0.473684 0.416667 0.130612 0.000000 0.000000 0.828589 0.000000,66 103 220 23 223 1341 29,48 41 25 0 0 1891 0,"[[27,6,2,0,0,31,0],[5,30,1,0,0,67,0],[9,3,16,0,0,192,0],[1,0,0,0,0,22,0],[5,2,5,0,0,211,0],[1,0,1,0,0,1339,0],[0,0,0,0,0,29,0]]",2026-07-03T15:58:21
OK,,15.61,small,dermamnist_224,resnet,,3,0.1,42,test,bn_recalibration,public_labeled_val_512,0.6688279301745635,0.14285714285714285,0.1145077277773034,0.0955468471677948,1.6108737859939994,2005,1.0,1.0,-0.0,0.000000 0.000000 0.000000 0.000000 0.000000 1.000000 0.000000,0.000000 0.000000 0.000000 0.000000 0.000000 0.668828 0.000000,0.000000 0.000000 0.000000 0.000000 0.000000 0.801554 0.000000,66 103 220 23 223 1341 29,0 0 0 0 0 2005 0,"[[0,0,0,0,0,66,0],[0,0,0,0,0,103,0],[0,0,0,0,0,220,0],[0,0,0,0,0,23,0],[0,0,0,0,0,223,0],[0,0,0,0,0,1341,0],[0,0,0,0,0,29,0]]",2026-07-03T15:58:36
OK,,15.55,small,dermamnist_224,resnet,,3,0.1,42,test,bn_recalibration,public_labeled_reweighted_512,0.6688279301745635,0.14285714285714285,0.11461048673133627,0.09569002426145283,1.4053448227575591,2005,0.9985037406483791,1.012254861037573,0.012180378129097435,0.000000 0.000000 0.000000 0.000000 0.000000 1.000000 0.000000,0.000000 0.000000 0.000000 0.000000 0.000000 0.669830 0.000000,0.000000 0.000000 0.000000 0.000000 0.000000 0.802273 0.000000,66 103 220 23 223 1341 29,2 0 1 0 0 2002 0,"[[0,0,1,0,0,65,0],[0,0,0,0,0,103,0],[0,0,0,0,0,220,0],[0,0,0,0,0,23,0],[2,0,0,0,0,221,0],[0,0,0,0,0,1341,0],[0,0,0,0,0,29,0]]",2026-07-03T15:58:52
